Date,Day,Time,Parking Lot,Total Slots,Occupied Slots,Available Slots,Average Parking Duration,Nearby Event,Holiday,Future Available Slots
2026-08-01,Saturday,06:00,Downtown Grand Plaza,100,20,80,105,No,No,87
2026-08-01,Saturday,06:30,Downtown Grand Plaza,100,21,79,128,No,No,85
2026-08-01,Saturday,07:00,Downtown Grand Plaza,100,18,82,111,No,No,78
2026-08-01,Saturday,07:30,Downtown Grand Plaza,100,18,82,127,No,No,77
2026-08-01,Saturday,08:00,Downtown Grand Plaza,100,20,80,105,No,No,83
2026-08-01,Saturday,08:30,Downtown Grand Plaza,100,23,77,111,No,No,87
2026-08-01,Saturday,09:00,Downtown Grand Plaza,100,17,83,132,No,No,85
2026-08-01,Saturday,09:30,Downtown Grand Plaza,100,24,76,108,No,No,77
2026-08-01,Saturday,10:00,Downtown Grand Plaza,100,23,77,124,No,No,87
2026-08-01,Saturday,10:30,Downtown Grand Plaza,100,16,84,126,No,No,86
2026-08-01,Saturday,11:00,Downtown Grand Plaza,100,54,46,108,No,No,41
2026-08-01,Saturday,11:30,Downtown Grand Plaza,100,60,40,131,No,No,36
2026-08-01,Saturday,12:00,Downtown Grand Plaza,100,69,31,111,No,No,27
2026-08-01,Saturday,12:30,Downtown Grand Plaza,100,74,26,126,No,No,22
2026-08-01,Saturday,13:00,Downtown Grand Plaza,100,79,21,110,No,No,20
2026-08-01,Saturday,13:30,Downtown Grand Plaza,100,82,18,119,No,No,10
2026-08-01,Saturday,14:00,Downtown Grand Plaza,100,89,11,125,No,No,13
2026-08-01,Saturday,14:30,Downtown Grand Plaza,100,93,7,115,No,No,5
2026-08-01,Saturday,15:00,Downtown Grand Plaza,100,96,4,112,No,No,3
2026-08-01,Saturday,15:30,Downtown Grand Plaza,100,93,7,117,No,No,7
2026-08-01,Saturday,16:00,Downtown Grand Plaza,100,96,4,135,No,No,3
2026-08-01,Saturday,16:30,Downtown Grand Plaza,100,96,4,111,No,No,7
2026-08-01,Saturday,17:00,Downtown Grand Plaza,100,94,6,134,No,No,11
2026-08-01,Saturday,17:30,Downtown Grand Plaza,100,89,11,109,No,No,11
2026-08-01,Saturday,18:00,Downtown Grand Plaza,100,89,11,113,No,No,16
2026-08-01,Saturday,18:30,Downtown Grand Plaza,100,82,18,123,No,No,22
2026-08-01,Saturday,19:00,Downtown Grand Plaza,100,79,21,109,No,No,28
2026-08-01,Saturday,19:30,Downtown Grand Plaza,100,76,24,106,No,No,33
2026-08-01,Saturday,20:00,Downtown Grand Plaza,100,70,30,110,No,No,37
2026-08-01,Saturday,20:30,Downtown Grand Plaza,100,60,40,107,No,No,42
2026-08-01,Saturday,21:00,Downtown Grand Plaza,100,24,76,119,No,No,80
2026-08-01,Saturday,21:30,Downtown Grand Plaza,100,19,81,128,No,No,75
2026-08-01,Saturday,22:00,Downtown Grand Plaza,100,16,84,115,No,No,77
2026-08-01,Saturday,22:30,Downtown Grand Plaza,100,26,74,133,No,No,77
2026-08-01,Saturday,23:00,Downtown Grand Plaza,100,22,78,108,No,No,78
2026-08-01,Saturday,23:30,Downtown Grand Plaza,100,16,84,109,No,No,72
2026-08-02,Saturday,00:00,Downtown Grand Plaza,100,14,86,134,No,No,81
2026-08-02,Saturday,00:30,Downtown Grand Plaza,100,27,73,133,No,No,85
2026-08-02,Saturday,01:00,Downtown Grand Plaza,100,21,79,123,No,No,84
2026-08-02,Saturday,01:30,Downtown Grand Plaza,100,17,83,129,No,No,75
2026-08-02,Saturday,02:00,Downtown Grand Plaza,100,21,79,110,No,No,83
2026-08-02,Saturday,02:30,Downtown Grand Plaza,100,24,76,122,No,No,79
2026-08-02,Saturday,03:00,Downtown Grand Plaza,100,21,79,126,No,No,83
2026-08-02,Saturday,03:30,Downtown Grand Plaza,100,12,88,112,No,No,79
2026-08-02,Saturday,04:00,Downtown Grand Plaza,100,17,83,105,No,No,79
2026-08-02,Saturday,04:30,Downtown Grand Plaza,100,18,82,132,No,No,82
2026-08-02,Saturday,05:00,Downtown Grand Plaza,100,20,80,122,No,No,80
2026-08-02,Saturday,05:30,Downtown Grand Plaza,100,19,81,130,No,No,83
2026-08-02,Sunday,06:00,Downtown Grand Plaza,100,22,78,118,No,No,74
2026-08-02,Sunday,06:30,Downtown Grand Plaza,100,17,83,108,No,No,80
2026-08-02,Sunday,07:00,Downtown Grand Plaza,100,16,84,111,No,No,83
2026-08-02,Sunday,07:30,Downtown Grand Plaza,100,20,80,112,No,No,74
2026-08-02,Sunday,08:00,Downtown Grand Plaza,100,20,80,108,No,No,73
2026-08-02,Sunday,08:30,Downtown Grand Plaza,100,20,80,134,No,No,81
2026-08-02,Sunday,09:00,Downtown Grand Plaza,100,15,85,132,No,No,77
2026-08-02,Sunday,09:30,Downtown Grand Plaza,100,27,73,113,No,No,81
2026-08-02,Sunday,10:00,Downtown Grand Plaza,100,25,75,128,No,No,81
2026-08-02,Sunday,10:30,Downtown Grand Plaza,100,14,86,114,No,No,81
2026-08-02,Sunday,11:00,Downtown Grand Plaza,100,51,49,115,No,No,40
2026-08-02,Sunday,11:30,Downtown Grand Plaza,100,65,35,121,No,No,34
2026-08-02,Sunday,12:00,Downtown Grand Plaza,100,71,29,106,No,No,32
2026-08-02,Sunday,12:30,Downtown Grand Plaza,100,70,30,110,No,No,27
2026-08-02,Sunday,13:00,Downtown Grand Plaza,100,76,24,132,No,No,21
2026-08-02,Sunday,13:30,Downtown Grand Plaza,100,84,16,133,No,No,13
2026-08-02,Sunday,14:00,Downtown Grand Plaza,100,88,12,106,No,No,11
2026-08-02,Sunday,14:30,Downtown Grand Plaza,100,91,9,123,No,No,9
2026-08-02,Sunday,15:00,Downtown Grand Plaza,100,91,9,113,No,No,4
2026-08-02,Sunday,15:30,Downtown Grand Plaza,100,93,7,112,No,No,8
2026-08-02,Sunday,16:00,Downtown Grand Plaza,100,93,7,125,No,No,7
2026-08-02,Sunday,16:30,Downtown Grand Plaza,100,98,2,129,No,No,10
2026-08-02,Sunday,17:00,Downtown Grand Plaza,100,97,3,124,No,No,4
2026-08-02,Sunday,17:30,Downtown Grand Plaza,100,91,9,107,No,No,11
2026-08-02,Sunday,18:00,Downtown Grand Plaza,100,91,9,109,No,No,12
2026-08-02,Sunday,18:30,Downtown Grand Plaza,100,81,19,133,No,No,22
2026-08-02,Sunday,19:00,Downtown Grand Plaza,100,81,19,119,No,No,23
2026-08-02,Sunday,19:30,Downtown Grand Plaza,100,77,23,124,No,No,28
2026-08-02,Sunday,20:00,Downtown Grand Plaza,100,63,37,121,No,No,34
2026-08-02,Sunday,20:30,Downtown Grand Plaza,100,65,35,114,No,No,46
2026-08-02,Sunday,21:00,Downtown Grand Plaza,100,13,87,133,No,No,84
2026-08-02,Sunday,21:30,Downtown Grand Plaza,100,16,84,113,No,No,80
2026-08-02,Sunday,22:00,Downtown Grand Plaza,100,18,82,132,No,No,73
2026-08-02,Sunday,22:30,Downtown Grand Plaza,100,24,76,107,No,No,86
2026-08-02,Sunday,23:00,Downtown Grand Plaza,100,19,81,109,No,No,77
2026-08-02,Sunday,23:30,Downtown Grand Plaza,100,18,82,118,No,No,74
2026-08-03,Sunday,00:00,Downtown Grand Plaza,100,23,77,109,No,No,80
2026-08-03,Sunday,00:30,Downtown Grand Plaza,100,14,86,109,No,No,72
2026-08-03,Sunday,01:00,Downtown Grand Plaza,100,22,78,106,No,No,82
2026-08-03,Sunday,01:30,Downtown Grand Plaza,100,24,76,129,No,No,73
2026-08-03,Sunday,02:00,Downtown Grand Plaza,100,27,73,134,No,No,73
2026-08-03,Sunday,02:30,Downtown Grand Plaza,100,17,83,133,No,No,73
2026-08-03,Sunday,03:00,Downtown Grand Plaza,100,26,74,118,No,No,78
2026-08-03,Sunday,03:30,Downtown Grand Plaza,100,21,79,130,No,No,80
2026-08-03,Sunday,04:00,Downtown Grand Plaza,100,23,77,111,No,No,76
2026-08-03,Sunday,04:30,Downtown Grand Plaza,100,19,81,112,No,No,80
2026-08-03,Sunday,05:00,Downtown Grand Plaza,100,23,77,107,No,No,78
2026-08-03,Sunday,05:30,Downtown Grand Plaza,100,24,76,131,No,No,76
2026-08-03,Monday,06:00,Downtown Grand Plaza,100,21,79,135,No,No,78
2026-08-03,Monday,06:30,Downtown Grand Plaza,100,22,78,130,No,No,78
2026-08-03,Monday,07:00,Downtown Grand Plaza,100,17,83,123,No,No,78
2026-08-03,Monday,07:30,Downtown Grand Plaza,100,24,76,130,No,No,75
2026-08-03,Monday,08:00,Downtown Grand Plaza,100,49,51,116,No,No,43
2026-08-03,Monday,08:30,Downtown Grand Plaza,100,54,46,134,No,No,43
2026-08-03,Monday,09:00,Downtown Grand Plaza,100,57,43,132,No,No,34
2026-08-03,Monday,09:30,Downtown Grand Plaza,100,63,37,121,No,No,33
2026-08-03,Monday,10:00,Downtown Grand Plaza,100,71,29,117,No,No,28
2026-08-03,Monday,10:30,Downtown Grand Plaza,100,72,28,111,No,No,21
2026-08-03,Monday,11:00,Downtown Grand Plaza,100,79,21,126,No,No,23
2026-08-03,Monday,11:30,Downtown Grand Plaza,100,79,21,123,No,No,18
2026-08-03,Monday,12:00,Downtown Grand Plaza,100,81,19,105,No,No,18
2026-08-03,Monday,12:30,Downtown Grand Plaza,100,86,14,130,No,No,13
2026-08-03,Monday,13:00,Downtown Grand Plaza,100,86,14,119,No,No,11
2026-08-03,Monday,13:30,Downtown Grand Plaza,100,87,13,121,No,No,9
2026-08-03,Monday,14:00,Downtown Grand Plaza,100,90,10,130,No,No,11
2026-08-03,Monday,14:30,Downtown Grand Plaza,100,88,12,114,No,No,12
2026-08-03,Monday,15:00,Downtown Grand Plaza,100,83,17,115,No,No,11
2026-08-03,Monday,15:30,Downtown Grand Plaza,100,86,14,112,No,No,18
2026-08-03,Monday,16:00,Downtown Grand Plaza,100,80,20,111,No,No,23
2026-08-03,Monday,16:30,Downtown Grand Plaza,100,81,19,120,No,No,20
2026-08-03,Monday,17:00,Downtown Grand Plaza,100,76,24,119,No,No,25
2026-08-03,Monday,17:30,Downtown Grand Plaza,100,75,25,111,No,No,31
2026-08-03,Monday,18:00,Downtown Grand Plaza,100,67,33,117,No,No,33
2026-08-03,Monday,18:30,Downtown Grand Plaza,100,68,32,105,No,No,36
2026-08-03,Monday,19:00,Downtown Grand Plaza,100,57,43,133,No,No,44
2026-08-03,Monday,19:30,Downtown Grand Plaza,100,57,43,110,No,No,47
2026-08-03,Monday,20:00,Downtown Grand Plaza,100,18,82,119,No,No,76
2026-08-03,Monday,20:30,Downtown Grand Plaza,100,23,77,130,No,No,79
2026-08-03,Monday,21:00,Downtown Grand Plaza,100,25,75,129,No,No,76
2026-08-03,Monday,21:30,Downtown Grand Plaza,100,24,76,131,No,No,76
2026-08-03,Monday,22:00,Downtown Grand Plaza,100,19,81,119,No,No,75
2026-08-03,Monday,22:30,Downtown Grand Plaza,100,20,80,121,No,No,76
2026-08-03,Monday,23:00,Downtown Grand Plaza,100,20,80,112,No,No,80
2026-08-03,Monday,23:30,Downtown Grand Plaza,100,19,81,112,No,No,80
2026-08-04,Monday,00:00,Downtown Grand Plaza,100,22,78,115,No,No,80
2026-08-04,Monday,00:30,Downtown Grand Plaza,100,27,73,133,No,No,77
2026-08-04,Monday,01:00,Downtown Grand Plaza,100,18,82,123,No,No,76
2026-08-04,Monday,01:30,Downtown Grand Plaza,100,27,73,132,No,No,75
2026-08-04,Monday,02:00,Downtown Grand Plaza,100,21,79,130,No,No,79
2026-08-04,Monday,02:30,Downtown Grand Plaza,100,23,77,105,No,No,74
2026-08-04,Monday,03:00,Downtown Grand Plaza,100,19,81,131,No,No,81
2026-08-04,Monday,03:30,Downtown Grand Plaza,100,24,76,117,No,No,80
2026-08-04,Monday,04:00,Downtown Grand Plaza,100,19,81,132,No,No,80
2026-08-04,Monday,04:30,Downtown Grand Plaza,100,25,75,115,No,No,75
2026-08-04,Monday,05:00,Downtown Grand Plaza,100,18,82,118,No,No,80
2026-08-04,Monday,05:30,Downtown Grand Plaza,100,23,77,135,No,No,75
2026-08-04,Tuesday,06:00,Downtown Grand Plaza,100,24,76,135,No,No,79
2026-08-04,Tuesday,06:30,Downtown Grand Plaza,100,24,76,120,No,No,77
2026-08-04,Tuesday,07:00,Downtown Grand Plaza,100,23,77,129,No,No,73
2026-08-04,Tuesday,07:30,Downtown Grand Plaza,100,28,72,129,No,No,83
2026-08-04,Tuesday,08:00,Downtown Grand Plaza,100,51,49,114,No,No,43
2026-08-04,Tuesday,08:30,Downtown Grand Plaza,100,54,46,117,No,No,40
2026-08-04,Tuesday,09:00,Downtown Grand Plaza,100,61,39,107,No,No,34
2026-08-04,Tuesday,09:30,Downtown Grand Plaza,100,61,39,112,No,No,30
2026-08-04,Tuesday,10:00,Downtown Grand Plaza,100,70,30,132,No,No,26
2026-08-04,Tuesday,10:30,Downtown Grand Plaza,100,77,23,130,No,No,22
2026-08-04,Tuesday,11:00,Downtown Grand Plaza,100,77,23,116,No,No,20
2026-08-04,Tuesday,11:30,Downtown Grand Plaza,100,80,20,107,No,No,19
2026-08-04,Tuesday,12:00,Downtown Grand Plaza,100,82,18,132,No,No,16
2026-08-04,Tuesday,12:30,Downtown Grand Plaza,100,89,11,118,No,No,13
2026-08-04,Tuesday,13:00,Downtown Grand Plaza,100,86,14,131,No,No,15
2026-08-04,Tuesday,13:30,Downtown Grand Plaza,100,90,10,110,No,No,8
2026-08-04,Tuesday,14:00,Downtown Grand Plaza,100,89,11,113,No,No,9
2026-08-04,Tuesday,14:30,Downtown Grand Plaza,100,88,12,129,No,No,13
2026-08-04,Tuesday,15:00,Downtown Grand Plaza,100,87,13,128,No,No,16
2026-08-04,Tuesday,15:30,Downtown Grand Plaza,100,88,12,112,No,No,20
2026-08-04,Tuesday,16:00,Downtown Grand Plaza,100,83,17,133,No,No,17
2026-08-04,Tuesday,16:30,Downtown Grand Plaza,100,81,19,123,No,No,23
2026-08-04,Tuesday,17:00,Downtown Grand Plaza,100,77,23,105,No,No,27
2026-08-04,Tuesday,17:30,Downtown Grand Plaza,100,71,29,120,No,No,27
2026-08-04,Tuesday,18:00,Downtown Grand Plaza,100,67,33,115,No,No,33
2026-08-04,Tuesday,18:30,Downtown Grand Plaza,100,63,37,133,No,No,42
2026-08-04,Tuesday,19:00,Downtown Grand Plaza,100,57,43,135,No,No,45
2026-08-04,Tuesday,19:30,Downtown Grand Plaza,100,55,45,118,No,No,46
2026-08-04,Tuesday,20:00,Downtown Grand Plaza,100,24,76,127,No,No,82
2026-08-04,Tuesday,20:30,Downtown Grand Plaza,100,23,77,114,No,No,78
2026-08-04,Tuesday,21:00,Downtown Grand Plaza,100,22,78,120,No,No,75
2026-08-04,Tuesday,21:30,Downtown Grand Plaza,100,22,78,116,No,No,82
2026-08-04,Tuesday,22:00,Downtown Grand Plaza,100,24,76,111,No,No,74
2026-08-04,Tuesday,22:30,Downtown Grand Plaza,100,21,79,111,No,No,73
2026-08-04,Tuesday,23:00,Downtown Grand Plaza,100,27,73,121,No,No,77
2026-08-04,Tuesday,23:30,Downtown Grand Plaza,100,17,83,116,No,No,79
2026-08-05,Tuesday,00:00,Downtown Grand Plaza,100,24,76,106,No,No,76
2026-08-05,Tuesday,00:30,Downtown Grand Plaza,100,17,83,120,No,No,79
2026-08-05,Tuesday,01:00,Downtown Grand Plaza,100,17,83,115,No,No,75
2026-08-05,Tuesday,01:30,Downtown Grand Plaza,100,20,80,131,No,No,76
2026-08-05,Tuesday,02:00,Downtown Grand Plaza,100,21,79,109,No,No,75
2026-08-05,Tuesday,02:30,Downtown Grand Plaza,100,22,78,108,No,No,76
2026-08-05,Tuesday,03:00,Downtown Grand Plaza,100,22,78,129,No,No,75
2026-08-05,Tuesday,03:30,Downtown Grand Plaza,100,22,78,118,No,No,75
2026-08-05,Tuesday,04:00,Downtown Grand Plaza,100,25,75,135,No,No,82
2026-08-05,Tuesday,04:30,Downtown Grand Plaza,100,17,83,112,No,No,80
2026-08-05,Tuesday,05:00,Downtown Grand Plaza,100,19,81,124,No,No,80
2026-08-05,Tuesday,05:30,Downtown Grand Plaza,100,24,76,132,No,No,73
2026-08-05,Wednesday,06:00,Downtown Grand Plaza,100,22,78,126,No,No,82
2026-08-05,Wednesday,06:30,Downtown Grand Plaza,100,27,73,109,No,No,82
2026-08-05,Wednesday,07:00,Downtown Grand Plaza,100,26,74,114,No,No,76
2026-08-05,Wednesday,07:30,Downtown Grand Plaza,100,25,75,119,No,No,75
2026-08-05,Wednesday,08:00,Downtown Grand Plaza,100,50,50,120,No,No,46
2026-08-05,Wednesday,08:30,Downtown Grand Plaza,100,54,46,133,No,No,43
2026-08-05,Wednesday,09:00,Downtown Grand Plaza,100,56,44,113,No,No,39
2026-08-05,Wednesday,09:30,Downtown Grand Plaza,100,67,33,126,No,No,32
2026-08-05,Wednesday,10:00,Downtown Grand Plaza,100,65,35,135,No,No,26
2026-08-05,Wednesday,10:30,Downtown Grand Plaza,100,71,29,131,No,No,28
2026-08-05,Wednesday,11:00,Downtown Grand Plaza,100,74,26,129,No,No,21
2026-08-05,Wednesday,11:30,Downtown Grand Plaza,100,83,17,119,No,No,20
2026-08-05,Wednesday,12:00,Downtown Grand Plaza,100,82,18,123,No,No,13
2026-08-05,Wednesday,12:30,Downtown Grand Plaza,100,85,15,107,No,No,14
2026-08-05,Wednesday,13:00,Downtown Grand Plaza,100,88,12,115,No,No,10
2026-08-05,Wednesday,13:30,Downtown Grand Plaza,100,87,13,115,No,No,12
2026-08-05,Wednesday,14:00,Downtown Grand Plaza,100,92,8,126,No,No,10
2026-08-05,Wednesday,14:30,Downtown Grand Plaza,100,84,16,122,No,No,16
2026-08-05,Wednesday,15:00,Downtown Grand Plaza,100,85,15,113,No,No,11
2026-08-05,Wednesday,15:30,Downtown Grand Plaza,100,88,12,117,No,No,14
2026-08-05,Wednesday,16:00,Downtown Grand Plaza,100,84,16,105,No,No,19
2026-08-05,Wednesday,16:30,Downtown Grand Plaza,100,77,23,118,No,No,22
2026-08-05,Wednesday,17:00,Downtown Grand Plaza,100,79,21,124,No,No,25
2026-08-05,Wednesday,17:30,Downtown Grand Plaza,100,70,30,129,No,No,31
2026-08-05,Wednesday,18:00,Downtown Grand Plaza,100,72,28,109,No,No,34
2026-08-05,Wednesday,18:30,Downtown Grand Plaza,100,64,36,127,No,No,42
2026-08-05,Wednesday,19:00,Downtown Grand Plaza,100,61,39,125,No,No,45
2026-08-05,Wednesday,19:30,Downtown Grand Plaza,100,53,47,110,No,No,52
2026-08-05,Wednesday,20:00,Downtown Grand Plaza,100,24,76,118,No,No,76
2026-08-05,Wednesday,20:30,Downtown Grand Plaza,100,20,80,108,No,No,77
2026-08-05,Wednesday,21:00,Downtown Grand Plaza,100,24,76,127,No,No,77
2026-08-05,Wednesday,21:30,Downtown Grand Plaza,100,18,82,122,No,No,75
2026-08-05,Wednesday,22:00,Downtown Grand Plaza,100,23,77,109,No,No,77
2026-08-05,Wednesday,22:30,Downtown Grand Plaza,100,22,78,134,No,No,78
2026-08-05,Wednesday,23:00,Downtown Grand Plaza,100,27,73,131,No,No,80
2026-08-05,Wednesday,23:30,Downtown Grand Plaza,100,21,79,122,No,No,77
2026-08-06,Wednesday,00:00,Downtown Grand Plaza,100,19,81,134,No,No,76
2026-08-06,Wednesday,00:30,Downtown Grand Plaza,100,24,76,112,No,No,79
2026-08-06,Wednesday,01:00,Downtown Grand Plaza,100,23,77,134,No,No,74
2026-08-06,Wednesday,01:30,Downtown Grand Plaza,100,19,81,109,No,No,77
2026-08-06,Wednesday,02:00,Downtown Grand Plaza,100,23,77,132,No,No,76
2026-08-06,Wednesday,02:30,Downtown Grand Plaza,100,23,77,105,No,No,79
2026-08-06,Wednesday,03:00,Downtown Grand Plaza,100,22,78,120,No,No,78
2026-08-06,Wednesday,03:30,Downtown Grand Plaza,100,27,73,107,No,No,77
2026-08-06,Wednesday,04:00,Downtown Grand Plaza,100,26,74,115,No,No,77
2026-08-06,Wednesday,04:30,Downtown Grand Plaza,100,21,79,124,No,No,71
2026-08-06,Wednesday,05:00,Downtown Grand Plaza,100,24,76,128,No,No,75
2026-08-06,Wednesday,05:30,Downtown Grand Plaza,100,24,76,108,No,No,79
2026-08-06,Thursday,06:00,Downtown Grand Plaza,100,21,79,114,No,No,79
2026-08-06,Thursday,06:30,Downtown Grand Plaza,100,21,79,126,No,No,77
2026-08-06,Thursday,07:00,Downtown Grand Plaza,100,23,77,124,No,No,79
2026-08-06,Thursday,07:30,Downtown Grand Plaza,100,19,81,125,No,No,78
2026-08-06,Thursday,08:00,Downtown Grand Plaza,100,48,52,133,No,No,46
2026-08-06,Thursday,08:30,Downtown Grand Plaza,100,54,46,107,No,No,43
2026-08-06,Thursday,09:00,Downtown Grand Plaza,100,58,42,123,No,No,33
2026-08-06,Thursday,09:30,Downtown Grand Plaza,100,63,37,127,No,No,30
2026-08-06,Thursday,10:00,Downtown Grand Plaza,100,73,27,111,No,No,25
2026-08-06,Thursday,10:30,Downtown Grand Plaza,100,71,29,108,No,No,24
2026-08-06,Thursday,11:00,Downtown Grand Plaza,100,75,25,123,No,No,19
2026-08-06,Thursday,11:30,Downtown Grand Plaza,100,84,16,105,No,No,17
2026-08-06,Thursday,12:00,Downtown Grand Plaza,100,79,21,113,No,No,13
2026-08-06,Thursday,12:30,Downtown Grand Plaza,100,87,13,129,No,No,17
2026-08-06,Thursday,13:00,Downtown Grand Plaza,100,89,11,124,No,No,10
2026-08-06,Thursday,13:30,Downtown Grand Plaza,100,86,14,133,No,No,10
2026-08-06,Thursday,14:00,Downtown Grand Plaza,100,90,10,124,No,No,14
2026-08-06,Thursday,14:30,Downtown Grand Plaza,100,89,11,111,No,No,11
2026-08-06,Thursday,15:00,Downtown Grand Plaza,100,89,11,128,No,No,13
2026-08-06,Thursday,15:30,Downtown Grand Plaza,100,86,14,109,No,No,13
2026-08-06,Thursday,16:00,Downtown Grand Plaza,100,79,21,125,No,No,17
2026-08-06,Thursday,16:30,Downtown Grand Plaza,100,81,19,106,No,No,20
2026-08-06,Thursday,17:00,Downtown Grand Plaza,100,80,20,107,No,No,27
2026-08-06,Thursday,17:30,Downtown Grand Plaza,100,71,29,118,No,No,33
2026-08-06,Thursday,18:00,Downtown Grand Plaza,100,72,28,122,No,No,35
2026-08-06,Thursday,18:30,Downtown Grand Plaza,100,68,32,121,No,No,36
2026-08-06,Thursday,19:00,Downtown Grand Plaza,100,63,37,113,No,No,40
2026-08-06,Thursday,19:30,Downtown Grand Plaza,100,57,43,135,No,No,46
2026-08-06,Thursday,20:00,Downtown Grand Plaza,100,24,76,115,No,No,78
2026-08-06,Thursday,20:30,Downtown Grand Plaza,100,26,74,112,No,No,71
2026-08-06,Thursday,21:00,Downtown Grand Plaza,100,20,80,130,No,No,80
2026-08-06,Thursday,21:30,Downtown Grand Plaza,100,24,76,108,No,No,76
2026-08-06,Thursday,22:00,Downtown Grand Plaza,100,22,78,131,No,No,77
2026-08-06,Thursday,22:30,Downtown Grand Plaza,100,25,75,124,No,No,78
2026-08-06,Thursday,23:00,Downtown Grand Plaza,100,23,77,107,No,No,75
2026-08-06,Thursday,23:30,Downtown Grand Plaza,100,24,76,108,No,No,79
2026-08-07,Thursday,00:00,Downtown Grand Plaza,100,21,79,108,No,No,79
2026-08-07,Thursday,00:30,Downtown Grand Plaza,100,27,73,135,No,No,76
2026-08-07,Thursday,01:00,Downtown Grand Plaza,100,26,74,109,No,No,75
2026-08-07,Thursday,01:30,Downtown Grand Plaza,100,21,79,135,No,No,79
2026-08-07,Thursday,02:00,Downtown Grand Plaza,100,20,80,135,No,No,76
2026-08-07,Thursday,02:30,Downtown Grand Plaza,100,24,76,133,No,No,80
2026-08-07,Thursday,03:00,Downtown Grand Plaza,100,27,73,108,No,No,82
2026-08-07,Thursday,03:30,Downtown Grand Plaza,100,19,81,125,No,No,78
2026-08-07,Thursday,04:00,Downtown Grand Plaza,100,22,78,109,No,No,75
2026-08-07,Thursday,04:30,Downtown Grand Plaza,100,24,76,123,No,No,81
2026-08-07,Thursday,05:00,Downtown Grand Plaza,100,21,79,133,No,No,71
2026-08-07,Thursday,05:30,Downtown Grand Plaza,100,19,81,122,No,No,80
2026-08-07,Friday,06:00,Downtown Grand Plaza,100,49,51,130,Yes,No,57
2026-08-07,Friday,06:30,Downtown Grand Plaza,100,53,47,108,Yes,No,56
2026-08-07,Friday,07:00,Downtown Grand Plaza,100,57,43,135,Yes,No,51
2026-08-07,Friday,07:30,Downtown Grand Plaza,100,47,53,105,Yes,No,46
2026-08-07,Friday,08:00,Downtown Grand Plaza,100,82,18,107,Yes,No,27
2026-08-07,Friday,08:30,Downtown Grand Plaza,100,85,15,124,Yes,No,13
2026-08-07,Friday,09:00,Downtown Grand Plaza,100,84,16,121,Yes,No,8
2026-08-07,Friday,09:30,Downtown Grand Plaza,100,98,2,108,Yes,No,2
2026-08-07,Friday,10:00,Downtown Grand Plaza,100,98,2,111,Yes,No,2
2026-08-07,Friday,10:30,Downtown Grand Plaza,100,95,5,117,Yes,No,2
2026-08-07,Friday,11:00,Downtown Grand Plaza,100,98,2,116,Yes,No,5
2026-08-07,Friday,11:30,Downtown Grand Plaza,100,95,5,107,Yes,No,2
2026-08-07,Friday,12:00,Downtown Grand Plaza,100,98,2,122,Yes,No,2
2026-08-07,Friday,12:30,Downtown Grand Plaza,100,98,2,118,Yes,No,2
2026-08-07,Friday,13:00,Downtown Grand Plaza,100,96,4,128,Yes,No,5
2026-08-07,Friday,13:30,Downtown Grand Plaza,100,98,2,121,Yes,No,5
2026-08-07,Friday,14:00,Downtown Grand Plaza,100,95,5,132,Yes,No,4
2026-08-07,Friday,14:30,Downtown Grand Plaza,100,98,2,118,Yes,No,2
2026-08-07,Friday,15:00,Downtown Grand Plaza,100,98,2,125,Yes,No,2
2026-08-07,Friday,15:30,Downtown Grand Plaza,100,98,2,105,Yes,No,3
2026-08-07,Friday,16:00,Downtown Grand Plaza,100,95,5,105,Yes,No,5
2026-08-07,Friday,16:30,Downtown Grand Plaza,100,94,6,128,Yes,No,4
2026-08-07,Friday,17:00,Downtown Grand Plaza,100,95,5,118,Yes,No,3
2026-08-07,Friday,17:30,Downtown Grand Plaza,100,95,5,135,Yes,No,12
2026-08-07,Friday,18:00,Downtown Grand Plaza,100,86,14,124,Yes,No,8
2026-08-07,Friday,18:30,Downtown Grand Plaza,100,89,11,124,Yes,No,10
2026-08-07,Friday,19:00,Downtown Grand Plaza,100,83,17,118,Yes,No,14
2026-08-07,Friday,19:30,Downtown Grand Plaza,100,75,25,114,Yes,No,23
2026-08-07,Friday,20:00,Downtown Grand Plaza,100,58,42,114,Yes,No,57
2026-08-07,Friday,20:30,Downtown Grand Plaza,100,48,52,118,Yes,No,43
2026-08-07,Friday,21:00,Downtown Grand Plaza,100,53,47,107,Yes,No,58
2026-08-07,Friday,21:30,Downtown Grand Plaza,100,53,47,118,Yes,No,61
2026-08-07,Friday,22:00,Downtown Grand Plaza,100,53,47,130,Yes,No,55
2026-08-07,Friday,22:30,Downtown Grand Plaza,100,50,50,118,Yes,No,55
2026-08-07,Friday,23:00,Downtown Grand Plaza,100,50,50,110,Yes,No,49
2026-08-07,Friday,23:30,Downtown Grand Plaza,100,54,46,135,Yes,No,55
2026-08-08,Friday,00:00,Downtown Grand Plaza,100,49,51,129,Yes,No,51
2026-08-08,Friday,00:30,Downtown Grand Plaza,100,57,43,123,Yes,No,46
2026-08-08,Friday,01:00,Downtown Grand Plaza,100,48,52,125,Yes,No,46
2026-08-08,Friday,01:30,Downtown Grand Plaza,100,47,53,116,Yes,No,55
2026-08-08,Friday,02:00,Downtown Grand Plaza,100,47,53,132,Yes,No,49
2026-08-08,Friday,02:30,Downtown Grand Plaza,100,54,46,128,Yes,No,54
2026-08-08,Friday,03:00,Downtown Grand Plaza,100,54,46,109,Yes,No,45
2026-08-08,Friday,03:30,Downtown Grand Plaza,100,44,56,125,Yes,No,55
2026-08-08,Friday,04:00,Downtown Grand Plaza,100,53,47,116,Yes,No,56
2026-08-08,Friday,04:30,Downtown Grand Plaza,100,43,57,115,Yes,No,50
2026-08-08,Friday,05:00,Downtown Grand Plaza,100,42,58,134,Yes,No,46
2026-08-08,Friday,05:30,Downtown Grand Plaza,100,50,50,125,Yes,No,52
2026-08-08,Saturday,06:00,Downtown Grand Plaza,100,18,82,131,No,No,72
2026-08-08,Saturday,06:30,Downtown Grand Plaza,100,21,79,134,No,No,82
2026-08-08,Saturday,07:00,Downtown Grand Plaza,100,22,78,116,No,No,79
2026-08-08,Saturday,07:30,Downtown Grand Plaza,100,14,86,111,No,No,81
2026-08-08,Saturday,08:00,Downtown Grand Plaza,100,20,80,108,No,No,77
2026-08-08,Saturday,08:30,Downtown Grand Plaza,100,20,80,126,No,No,85
2026-08-08,Saturday,09:00,Downtown Grand Plaza,100,18,82,110,No,No,76
2026-08-08,Saturday,09:30,Downtown Grand Plaza,100,19,81,128,No,No,80
2026-08-08,Saturday,10:00,Downtown Grand Plaza,100,23,77,119,No,No,79
2026-08-08,Saturday,10:30,Downtown Grand Plaza,100,21,79,112,No,No,78
2026-08-08,Saturday,11:00,Downtown Grand Plaza,100,56,44,116,No,No,40
2026-08-08,Saturday,11:30,Downtown Grand Plaza,100,61,39,119,No,No,36
2026-08-08,Saturday,12:00,Downtown Grand Plaza,100,67,33,117,No,No,29
2026-08-08,Saturday,12:30,Downtown Grand Plaza,100,76,24,110,No,No,21
2026-08-08,Saturday,13:00,Downtown Grand Plaza,100,81,19,109,No,No,22
2026-08-08,Saturday,13:30,Downtown Grand Plaza,100,86,14,120,No,No,13
2026-08-08,Saturday,14:00,Downtown Grand Plaza,100,89,11,108,No,No,10
2026-08-08,Saturday,14:30,Downtown Grand Plaza,100,89,11,108,No,No,6
2026-08-08,Saturday,15:00,Downtown Grand Plaza,100,93,7,113,No,No,6
2026-08-08,Saturday,15:30,Downtown Grand Plaza,100,94,6,131,No,No,2
2026-08-08,Saturday,16:00,Downtown Grand Plaza,100,98,2,112,No,No,2
2026-08-08,Saturday,16:30,Downtown Grand Plaza,100,91,9,134,No,No,10
2026-08-08,Saturday,17:00,Downtown Grand Plaza,100,92,8,121,No,No,9
2026-08-08,Saturday,17:30,Downtown Grand Plaza,100,90,10,107,No,No,15
2026-08-08,Saturday,18:00,Downtown Grand Plaza,100,84,16,134,No,No,14
2026-08-08,Saturday,18:30,Downtown Grand Plaza,100,86,14,115,No,No,23
2026-08-08,Saturday,19:00,Downtown Grand Plaza,100,82,18,114,No,No,25
2026-08-08,Saturday,19:30,Downtown Grand Plaza,100,70,30,131,No,No,29
2026-08-08,Saturday,20:00,Downtown Grand Plaza,100,68,32,119,No,No,33
2026-08-08,Saturday,20:30,Downtown Grand Plaza,100,59,41,105,No,No,40
2026-08-08,Saturday,21:00,Downtown Grand Plaza,100,25,75,122,No,No,79
2026-08-08,Saturday,21:30,Downtown Grand Plaza,100,14,86,112,No,No,78
2026-08-08,Saturday,22:00,Downtown Grand Plaza,100,18,82,119,No,No,80
2026-08-08,Saturday,22:30,Downtown Grand Plaza,100,18,82,125,No,No,84
2026-08-08,Saturday,23:00,Downtown Grand Plaza,100,19,81,124,No,No,82
2026-08-08,Saturday,23:30,Downtown Grand Plaza,100,21,79,121,No,No,80
2026-08-09,Saturday,00:00,Downtown Grand Plaza,100,20,80,121,No,No,79
2026-08-09,Saturday,00:30,Downtown Grand Plaza,100,14,86,116,No,No,78
2026-08-09,Saturday,01:00,Downtown Grand Plaza,100,18,82,128,No,No,77
2026-08-09,Saturday,01:30,Downtown Grand Plaza,100,16,84,109,No,No,79
2026-08-09,Saturday,02:00,Downtown Grand Plaza,100,26,74,129,No,No,83
2026-08-09,Saturday,02:30,Downtown Grand Plaza,100,18,82,109,No,No,82
2026-08-09,Saturday,03:00,Downtown Grand Plaza,100,26,74,106,No,No,83
2026-08-09,Saturday,03:30,Downtown Grand Plaza,100,25,75,117,No,No,80
2026-08-09,Saturday,04:00,Downtown Grand Plaza,100,21,79,111,No,No,83
2026-08-09,Saturday,04:30,Downtown Grand Plaza,100,15,85,113,No,No,74
2026-08-09,Saturday,05:00,Downtown Grand Plaza,100,23,77,133,No,No,82
2026-08-09,Saturday,05:30,Downtown Grand Plaza,100,24,76,116,No,No,75
2026-08-09,Sunday,06:00,Downtown Grand Plaza,100,46,54,124,Yes,No,61
2026-08-09,Sunday,06:30,Downtown Grand Plaza,100,49,51,119,Yes,No,58
2026-08-09,Sunday,07:00,Downtown Grand Plaza,100,49,51,116,Yes,No,55
2026-08-09,Sunday,07:30,Downtown Grand Plaza,100,52,48,117,Yes,No,52
2026-08-09,Sunday,08:00,Downtown Grand Plaza,100,39,61,130,Yes,No,50
2026-08-09,Sunday,08:30,Downtown Grand Plaza,100,55,45,106,Yes,No,49
2026-08-09,Sunday,09:00,Downtown Grand Plaza,100,42,58,121,Yes,No,58
2026-08-09,Sunday,09:30,Downtown Grand Plaza,100,45,55,121,Yes,No,52
2026-08-09,Sunday,10:00,Downtown Grand Plaza,100,55,45,114,Yes,No,65
2026-08-09,Sunday,10:30,Downtown Grand Plaza,100,42,58,127,Yes,No,53
2026-08-09,Sunday,11:00,Downtown Grand Plaza,100,82,18,107,Yes,No,19
2026-08-09,Sunday,11:30,Downtown Grand Plaza,100,96,4,127,Yes,No,3
2026-08-09,Sunday,12:00,Downtown Grand Plaza,100,98,2,108,Yes,No,5
2026-08-09,Sunday,12:30,Downtown Grand Plaza,100,97,3,116,Yes,No,2
2026-08-09,Sunday,13:00,Downtown Grand Plaza,100,95,5,124,Yes,No,2
2026-08-09,Sunday,13:30,Downtown Grand Plaza,100,98,2,120,Yes,No,5
2026-08-09,Sunday,14:00,Downtown Grand Plaza,100,98,2,115,Yes,No,3
2026-08-09,Sunday,14:30,Downtown Grand Plaza,100,98,2,133,Yes,No,2
2026-08-09,Sunday,15:00,Downtown Grand Plaza,100,98,2,109,Yes,No,5
2026-08-09,Sunday,15:30,Downtown Grand Plaza,100,95,5,109,Yes,No,4
2026-08-09,Sunday,16:00,Downtown Grand Plaza,100,98,2,135,Yes,No,4
2026-08-09,Sunday,16:30,Downtown Grand Plaza,100,96,4,125,Yes,No,2
2026-08-09,Sunday,17:00,Downtown Grand Plaza,100,95,5,107,Yes,No,5
2026-08-09,Sunday,17:30,Downtown Grand Plaza,100,98,2,126,Yes,No,2
2026-08-09,Sunday,18:00,Downtown Grand Plaza,100,94,6,106,Yes,No,2
2026-08-09,Sunday,18:30,Downtown Grand Plaza,100,96,4,123,Yes,No,2
2026-08-09,Sunday,19:00,Downtown Grand Plaza,100,98,2,105,Yes,No,2
2026-08-09,Sunday,19:30,Downtown Grand Plaza,100,98,2,120,Yes,No,5
2026-08-09,Sunday,20:00,Downtown Grand Plaza,100,88,12,127,Yes,No,12
2026-08-09,Sunday,20:30,Downtown Grand Plaza,100,86,14,124,Yes,No,14
2026-08-09,Sunday,21:00,Downtown Grand Plaza,100,46,54,116,Yes,No,55
2026-08-09,Sunday,21:30,Downtown Grand Plaza,100,38,62,113,Yes,No,43
2026-08-09,Sunday,22:00,Downtown Grand Plaza,100,45,55,135,Yes,No,52
2026-08-09,Sunday,22:30,Downtown Grand Plaza,100,55,45,120,Yes,No,60
2026-08-09,Sunday,23:00,Downtown Grand Plaza,100,47,53,119,Yes,No,54
2026-08-09,Sunday,23:30,Downtown Grand Plaza,100,42,58,125,Yes,No,64
2026-08-10,Sunday,00:00,Downtown Grand Plaza,100,47,53,116,Yes,No,54
2026-08-10,Sunday,00:30,Downtown Grand Plaza,100,46,54,107,Yes,No,46
2026-08-10,Sunday,01:00,Downtown Grand Plaza,100,53,47,109,Yes,No,42
2026-08-10,Sunday,01:30,Downtown Grand Plaza,100,43,57,111,Yes,No,47
2026-08-10,Sunday,02:00,Downtown Grand Plaza,100,49,51,121,Yes,No,52
2026-08-10,Sunday,02:30,Downtown Grand Plaza,100,46,54,124,Yes,No,46
2026-08-10,Sunday,03:00,Downtown Grand Plaza,100,39,61,114,Yes,No,55
2026-08-10,Sunday,03:30,Downtown Grand Plaza,100,49,51,133,Yes,No,41
2026-08-10,Sunday,04:00,Downtown Grand Plaza,100,41,59,129,Yes,No,48
2026-08-10,Sunday,04:30,Downtown Grand Plaza,100,47,53,129,Yes,No,49
2026-08-10,Sunday,05:00,Downtown Grand Plaza,100,45,55,105,Yes,No,51
2026-08-10,Sunday,05:30,Downtown Grand Plaza,100,51,49,120,Yes,No,58
2026-08-10,Monday,06:00,Downtown Grand Plaza,100,26,74,121,No,No,77
2026-08-10,Monday,06:30,Downtown Grand Plaza,100,24,76,122,No,No,75
2026-08-10,Monday,07:00,Downtown Grand Plaza,100,21,79,127,No,No,77
2026-08-10,Monday,07:30,Downtown Grand Plaza,100,25,75,114,No,No,80
2026-08-10,Monday,08:00,Downtown Grand Plaza,100,52,48,111,No,No,47
2026-08-10,Monday,08:30,Downtown Grand Plaza,100,54,46,120,No,No,38
2026-08-10,Monday,09:00,Downtown Grand Plaza,100,62,38,130,No,No,39
2026-08-10,Monday,09:30,Downtown Grand Plaza,100,66,34,123,No,No,33
2026-08-10,Monday,10:00,Downtown Grand Plaza,100,72,28,117,No,No,25
2026-08-10,Monday,10:30,Downtown Grand Plaza,100,70,30,130,No,No,28
2026-08-10,Monday,11:00,Downtown Grand Plaza,100,79,21,135,No,No,22
2026-08-10,Monday,11:30,Downtown Grand Plaza,100,81,19,119,No,No,16
2026-08-10,Monday,12:00,Downtown Grand Plaza,100,81,19,111,No,No,15
2026-08-10,Monday,12:30,Downtown Grand Plaza,100,86,14,134,No,No,16
2026-08-10,Monday,13:00,Downtown Grand Plaza,100,88,12,108,No,No,12
2026-08-10,Monday,13:30,Downtown Grand Plaza,100,84,16,112,No,No,9
2026-08-10,Monday,14:00,Downtown Grand Plaza,100,89,11,112,No,No,16
2026-08-10,Monday,14:30,Downtown Grand Plaza,100,86,14,118,No,No,13
2026-08-10,Monday,15:00,Downtown Grand Plaza,100,89,11,126,No,No,18
2026-08-10,Monday,15:30,Downtown Grand Plaza,100,89,11,122,No,No,19
2026-08-10,Monday,16:00,Downtown Grand Plaza,100,86,14,125,No,No,16
2026-08-10,Monday,16:30,Downtown Grand Plaza,100,81,19,120,No,No,20
2026-08-10,Monday,17:00,Downtown Grand Plaza,100,75,25,114,No,No,24
2026-08-10,Monday,17:30,Downtown Grand Plaza,100,75,25,134,No,No,28
2026-08-10,Monday,18:00,Downtown Grand Plaza,100,69,31,112,No,No,32
2026-08-10,Monday,18:30,Downtown Grand Plaza,100,61,39,134,No,No,35
2026-08-10,Monday,19:00,Downtown Grand Plaza,100,63,37,118,No,No,46
2026-08-10,Monday,19:30,Downtown Grand Plaza,100,51,49,134,No,No,46
2026-08-10,Monday,20:00,Downtown Grand Plaza,100,26,74,130,No,No,72
2026-08-10,Monday,20:30,Downtown Grand Plaza,100,19,81,133,No,No,74
2026-08-10,Monday,21:00,Downtown Grand Plaza,100,25,75,115,No,No,77
2026-08-10,Monday,21:30,Downtown Grand Plaza,100,21,79,135,No,No,76
2026-08-10,Monday,22:00,Downtown Grand Plaza,100,20,80,115,No,No,81
2026-08-10,Monday,22:30,Downtown Grand Plaza,100,20,80,128,No,No,79
2026-08-10,Monday,23:00,Downtown Grand Plaza,100,27,73,124,No,No,76
2026-08-10,Monday,23:30,Downtown Grand Plaza,100,19,81,107,No,No,75
2026-08-11,Monday,00:00,Downtown Grand Plaza,100,19,81,134,No,No,77
2026-08-11,Monday,00:30,Downtown Grand Plaza,100,22,78,135,No,No,79
2026-08-11,Monday,01:00,Downtown Grand Plaza,100,20,80,116,No,No,81
2026-08-11,Monday,01:30,Downtown Grand Plaza,100,27,73,117,No,No,73
2026-08-11,Monday,02:00,Downtown Grand Plaza,100,24,76,127,No,No,78
2026-08-11,Monday,02:30,Downtown Grand Plaza,100,25,75,112,No,No,74
2026-08-11,Monday,03:00,Downtown Grand Plaza,100,22,78,116,No,No,77
2026-08-11,Monday,03:30,Downtown Grand Plaza,100,26,74,126,No,No,76
2026-08-11,Monday,04:00,Downtown Grand Plaza,100,20,80,130,No,No,80
2026-08-11,Monday,04:30,Downtown Grand Plaza,100,23,77,123,No,No,78
2026-08-11,Monday,05:00,Downtown Grand Plaza,100,19,81,122,No,No,80
2026-08-11,Monday,05:30,Downtown Grand Plaza,100,23,77,111,No,No,76
2026-08-11,Tuesday,06:00,Downtown Grand Plaza,100,46,54,109,Yes,No,44
2026-08-11,Tuesday,06:30,Downtown Grand Plaza,100,39,61,117,Yes,No,52
2026-08-11,Tuesday,07:00,Downtown Grand Plaza,100,56,44,122,Yes,No,56
2026-08-11,Tuesday,07:30,Downtown Grand Plaza,100,52,48,129,Yes,No,46
2026-08-11,Tuesday,08:00,Downtown Grand Plaza,100,86,14,119,Yes,No,20
2026-08-11,Tuesday,08:30,Downtown Grand Plaza,100,85,15,126,Yes,No,12
2026-08-11,Tuesday,09:00,Downtown Grand Plaza,100,83,17,122,Yes,No,2
2026-08-11,Tuesday,09:30,Downtown Grand Plaza,100,83,17,129,Yes,No,2
2026-08-11,Tuesday,10:00,Downtown Grand Plaza,100,93,7,122,Yes,No,5
2026-08-11,Tuesday,10:30,Downtown Grand Plaza,100,98,2,111,Yes,No,2
2026-08-11,Tuesday,11:00,Downtown Grand Plaza,100,98,2,118,Yes,No,4
2026-08-11,Tuesday,11:30,Downtown Grand Plaza,100,94,6,107,Yes,No,2
2026-08-11,Tuesday,12:00,Downtown Grand Plaza,100,94,6,106,Yes,No,2
2026-08-11,Tuesday,12:30,Downtown Grand Plaza,100,94,6,129,Yes,No,4
2026-08-11,Tuesday,13:00,Downtown Grand Plaza,100,98,2,131,Yes,No,2
2026-08-11,Tuesday,13:30,Downtown Grand Plaza,100,96,4,131,Yes,No,2
2026-08-11,Tuesday,14:00,Downtown Grand Plaza,100,96,4,112,Yes,No,2
2026-08-11,Tuesday,14:30,Downtown Grand Plaza,100,98,2,128,Yes,No,2
2026-08-11,Tuesday,15:00,Downtown Grand Plaza,100,98,2,116,Yes,No,3
2026-08-11,Tuesday,15:30,Downtown Grand Plaza,100,96,4,118,Yes,No,2
2026-08-11,Tuesday,16:00,Downtown Grand Plaza,100,96,4,112,Yes,No,2
2026-08-11,Tuesday,16:30,Downtown Grand Plaza,100,97,3,134,Yes,No,2
2026-08-11,Tuesday,17:00,Downtown Grand Plaza,100,96,4,117,Yes,No,2
2026-08-11,Tuesday,17:30,Downtown Grand Plaza,100,98,2,132,Yes,No,6
2026-08-11,Tuesday,18:00,Downtown Grand Plaza,100,98,2,117,Yes,No,4
2026-08-11,Tuesday,18:30,Downtown Grand Plaza,100,95,5,129,Yes,No,18
2026-08-11,Tuesday,19:00,Downtown Grand Plaza,100,88,12,134,Yes,No,20
2026-08-11,Tuesday,19:30,Downtown Grand Plaza,100,88,12,135,Yes,No,14
2026-08-11,Tuesday,20:00,Downtown Grand Plaza,100,49,51,127,Yes,No,47
2026-08-11,Tuesday,20:30,Downtown Grand Plaza,100,47,53,122,Yes,No,46
2026-08-11,Tuesday,21:00,Downtown Grand Plaza,100,58,42,128,Yes,No,51
2026-08-11,Tuesday,21:30,Downtown Grand Plaza,100,44,56,112,Yes,No,48
2026-08-11,Tuesday,22:00,Downtown Grand Plaza,100,50,50,111,Yes,No,46
2026-08-11,Tuesday,22:30,Downtown Grand Plaza,100,53,47,113,Yes,No,48
2026-08-11,Tuesday,23:00,Downtown Grand Plaza,100,52,48,116,Yes,No,46
2026-08-11,Tuesday,23:30,Downtown Grand Plaza,100,52,48,106,Yes,No,59
2026-08-12,Tuesday,00:00,Downtown Grand Plaza,100,49,51,109,Yes,No,53
2026-08-12,Tuesday,00:30,Downtown Grand Plaza,100,60,40,124,Yes,No,56
2026-08-12,Tuesday,01:00,Downtown Grand Plaza,100,46,54,118,Yes,No,52
2026-08-12,Tuesday,01:30,Downtown Grand Plaza,100,54,46,126,Yes,No,50
2026-08-12,Tuesday,02:00,Downtown Grand Plaza,100,53,47,124,Yes,No,53
2026-08-12,Tuesday,02:30,Downtown Grand Plaza,100,50,50,123,Yes,No,51
2026-08-12,Tuesday,03:00,Downtown Grand Plaza,100,44,56,125,Yes,No,60
2026-08-12,Tuesday,03:30,Downtown Grand Plaza,100,54,46,110,Yes,No,40
2026-08-12,Tuesday,04:00,Downtown Grand Plaza,100,41,59,133,Yes,No,43
2026-08-12,Tuesday,04:30,Downtown Grand Plaza,100,53,47,106,Yes,No,50
2026-08-12,Tuesday,05:00,Downtown Grand Plaza,100,57,43,132,Yes,No,46
2026-08-12,Tuesday,05:30,Downtown Grand Plaza,100,50,50,107,Yes,No,45
2026-08-12,Wednesday,06:00,Downtown Grand Plaza,100,25,75,128,No,No,76
2026-08-12,Wednesday,06:30,Downtown Grand Plaza,100,20,80,116,No,No,77
2026-08-12,Wednesday,07:00,Downtown Grand Plaza,100,24,76,129,No,No,77
2026-08-12,Wednesday,07:30,Downtown Grand Plaza,100,25,75,125,No,No,79
2026-08-12,Wednesday,08:00,Downtown Grand Plaza,100,49,51,135,No,No,49
2026-08-12,Wednesday,08:30,Downtown Grand Plaza,100,56,44,123,No,No,45
2026-08-12,Wednesday,09:00,Downtown Grand Plaza,100,58,42,124,No,No,39
2026-08-12,Wednesday,09:30,Downtown Grand Plaza,100,61,39,107,No,No,35
2026-08-12,Wednesday,10:00,Downtown Grand Plaza,100,71,29,127,No,No,31
2026-08-12,Wednesday,10:30,Downtown Grand Plaza,100,72,28,117,No,No,27
2026-08-12,Wednesday,11:00,Downtown Grand Plaza,100,80,20,105,No,No,21
2026-08-12,Wednesday,11:30,Downtown Grand Plaza,100,78,22,129,No,No,21
2026-08-12,Wednesday,12:00,Downtown Grand Plaza,100,82,18,110,No,No,15
2026-08-12,Wednesday,12:30,Downtown Grand Plaza,100,84,16,121,No,No,18
2026-08-12,Wednesday,13:00,Downtown Grand Plaza,100,87,13,116,No,No,12
2026-08-12,Wednesday,13:30,Downtown Grand Plaza,100,86,14,130,No,No,13
2026-08-12,Wednesday,14:00,Downtown Grand Plaza,100,87,13,114,No,No,10
2026-08-12,Wednesday,14:30,Downtown Grand Plaza,100,91,9,128,No,No,10
2026-08-12,Wednesday,15:00,Downtown Grand Plaza,100,87,13,112,No,No,17
2026-08-12,Wednesday,15:30,Downtown Grand Plaza,100,82,18,117,No,No,18
2026-08-12,Wednesday,16:00,Downtown Grand Plaza,100,83,17,113,No,No,22
2026-08-12,Wednesday,16:30,Downtown Grand Plaza,100,78,22,118,No,No,24
2026-08-12,Wednesday,17:00,Downtown Grand Plaza,100,73,27,130,No,No,28
2026-08-12,Wednesday,17:30,Downtown Grand Plaza,100,75,25,112,No,No,30
2026-08-12,Wednesday,18:00,Downtown Grand Plaza,100,67,33,124,No,No,37
2026-08-12,Wednesday,18:30,Downtown Grand Plaza,100,61,39,114,No,No,39
2026-08-12,Wednesday,19:00,Downtown Grand Plaza,100,61,39,131,No,No,41
2026-08-12,Wednesday,19:30,Downtown Grand Plaza,100,54,46,115,No,No,49
2026-08-12,Wednesday,20:00,Downtown Grand Plaza,100,28,72,131,No,No,81
2026-08-12,Wednesday,20:30,Downtown Grand Plaza,100,23,77,135,No,No,80
2026-08-12,Wednesday,21:00,Downtown Grand Plaza,100,23,77,115,No,No,77
2026-08-12,Wednesday,21:30,Downtown Grand Plaza,100,20,80,112,No,No,77
2026-08-12,Wednesday,22:00,Downtown Grand Plaza,100,24,76,134,No,No,76
2026-08-12,Wednesday,22:30,Downtown Grand Plaza,100,22,78,122,No,No,78
2026-08-12,Wednesday,23:00,Downtown Grand Plaza,100,23,77,130,No,No,74
2026-08-12,Wednesday,23:30,Downtown Grand Plaza,100,20,80,118,No,No,80
2026-08-13,Wednesday,00:00,Downtown Grand Plaza,100,26,74,109,No,No,76
2026-08-13,Wednesday,00:30,Downtown Grand Plaza,100,23,77,120,No,No,72
2026-08-13,Wednesday,01:00,Downtown Grand Plaza,100,25,75,118,No,No,75
2026-08-13,Wednesday,01:30,Downtown Grand Plaza,100,26,74,122,No,No,81
2026-08-13,Wednesday,02:00,Downtown Grand Plaza,100,23,77,126,No,No,76
2026-08-13,Wednesday,02:30,Downtown Grand Plaza,100,27,73,126,No,No,76
2026-08-13,Wednesday,03:00,Downtown Grand Plaza,100,18,82,108,No,No,77
2026-08-13,Wednesday,03:30,Downtown Grand Plaza,100,21,79,123,No,No,78
2026-08-13,Wednesday,04:00,Downtown Grand Plaza,100,23,77,126,No,No,82
2026-08-13,Wednesday,04:30,Downtown Grand Plaza,100,25,75,108,No,No,77
2026-08-13,Wednesday,05:00,Downtown Grand Plaza,100,19,81,128,No,No,80
2026-08-13,Wednesday,05:30,Downtown Grand Plaza,100,19,81,120,No,No,77
2026-08-13,Thursday,06:00,Downtown Grand Plaza,100,49,51,106,Yes,No,49
2026-08-13,Thursday,06:30,Downtown Grand Plaza,100,41,59,128,Yes,No,45
2026-08-13,Thursday,07:00,Downtown Grand Plaza,100,47,53,117,Yes,No,44
2026-08-13,Thursday,07:30,Downtown Grand Plaza,100,50,50,119,Yes,No,45
2026-08-13,Thursday,08:00,Downtown Grand Plaza,100,81,19,107,Yes,No,20
2026-08-13,Thursday,08:30,Downtown Grand Plaza,100,80,20,111,Yes,No,9
2026-08-13,Thursday,09:00,Downtown Grand Plaza,100,84,16,125,Yes,No,14
2026-08-13,Thursday,09:30,Downtown Grand Plaza,100,98,2,116,Yes,No,2
2026-08-13,Thursday,10:00,Downtown Grand Plaza,100,98,2,114,Yes,No,3
2026-08-13,Thursday,10:30,Downtown Grand Plaza,100,95,5,112,Yes,No,2
2026-08-13,Thursday,11:00,Downtown Grand Plaza,100,98,2,118,Yes,No,2
2026-08-13,Thursday,11:30,Downtown Grand Plaza,100,98,2,122,Yes,No,2
2026-08-13,Thursday,12:00,Downtown Grand Plaza,100,95,5,120,Yes,No,2
2026-08-13,Thursday,12:30,Downtown Grand Plaza,100,94,6,132,Yes,No,2
2026-08-13,Thursday,13:00,Downtown Grand Plaza,100,98,2,135,Yes,No,2
2026-08-13,Thursday,13:30,Downtown Grand Plaza,100,98,2,127,Yes,No,6
2026-08-13,Thursday,14:00,Downtown Grand Plaza,100,94,6,129,Yes,No,4
2026-08-13,Thursday,14:30,Downtown Grand Plaza,100,98,2,129,Yes,No,2
2026-08-13,Thursday,15:00,Downtown Grand Plaza,100,96,4,108,Yes,No,2
2026-08-13,Thursday,15:30,Downtown Grand Plaza,100,94,6,122,Yes,No,2
2026-08-13,Thursday,16:00,Downtown Grand Plaza,100,98,2,118,Yes,No,4
2026-08-13,Thursday,16:30,Downtown Grand Plaza,100,97,3,106,Yes,No,2
2026-08-13,Thursday,17:00,Downtown Grand Plaza,100,96,4,108,Yes,No,2
2026-08-13,Thursday,17:30,Downtown Grand Plaza,100,98,2,116,Yes,No,2
2026-08-13,Thursday,18:00,Downtown Grand Plaza,100,90,10,130,Yes,No,14
2026-08-13,Thursday,18:30,Downtown Grand Plaza,100,91,9,113,Yes,No,6
2026-08-13,Thursday,19:00,Downtown Grand Plaza,100,87,13,123,Yes,No,7
2026-08-13,Thursday,19:30,Downtown Grand Plaza,100,79,21,108,Yes,No,26
2026-08-13,Thursday,20:00,Downtown Grand Plaza,100,49,51,113,Yes,No,45
2026-08-13,Thursday,20:30,Downtown Grand Plaza,100,47,53,129,Yes,No,48
2026-08-13,Thursday,21:00,Downtown Grand Plaza,100,53,47,107,Yes,No,50
2026-08-13,Thursday,21:30,Downtown Grand Plaza,100,50,50,116,Yes,No,46
2026-08-13,Thursday,22:00,Downtown Grand Plaza,100,56,44,119,Yes,No,46
2026-08-13,Thursday,22:30,Downtown Grand Plaza,100,48,52,131,Yes,No,49
2026-08-13,Thursday,23:00,Downtown Grand Plaza,100,59,41,120,Yes,No,48
2026-08-13,Thursday,23:30,Downtown Grand Plaza,100,53,47,105,Yes,No,48
2026-08-14,Thursday,00:00,Downtown Grand Plaza,100,56,44,127,Yes,No,46
2026-08-14,Thursday,00:30,Downtown Grand Plaza,100,50,50,116,Yes,No,55
2026-08-14,Thursday,01:00,Downtown Grand Plaza,100,47,53,127,Yes,No,60
2026-08-14,Thursday,01:30,Downtown Grand Plaza,100,47,53,123,Yes,No,40
2026-08-14,Thursday,02:00,Downtown Grand Plaza,100,48,52,118,Yes,No,51
2026-08-14,Thursday,02:30,Downtown Grand Plaza,100,49,51,116,Yes,No,50
2026-08-14,Thursday,03:00,Downtown Grand Plaza,100,50,50,109,Yes,No,56
2026-08-14,Thursday,03:30,Downtown Grand Plaza,100,48,52,128,Yes,No,58
2026-08-14,Thursday,04:00,Downtown Grand Plaza,100,50,50,129,Yes,No,48
2026-08-14,Thursday,04:30,Downtown Grand Plaza,100,50,50,125,Yes,No,44
2026-08-14,Thursday,05:00,Downtown Grand Plaza,100,55,45,132,Yes,No,55
2026-08-14,Thursday,05:30,Downtown Grand Plaza,100,57,43,125,Yes,No,56
2026-08-14,Friday,06:00,Downtown Grand Plaza,100,21,79,121,No,No,80
2026-08-14,Friday,06:30,Downtown Grand Plaza,100,25,75,117,No,No,77
2026-08-14,Friday,07:00,Downtown Grand Plaza,100,26,74,129,No,No,79
2026-08-14,Friday,07:30,Downtown Grand Plaza,100,18,82,105,No,No,77
2026-08-14,Friday,08:00,Downtown Grand Plaza,100,48,52,121,No,No,45
2026-08-14,Friday,08:30,Downtown Grand Plaza,100,54,46,129,No,No,40
2026-08-14,Friday,09:00,Downtown Grand Plaza,100,61,39,107,No,No,37
2026-08-14,Friday,09:30,Downtown Grand Plaza,100,63,37,109,No,No,34
2026-08-14,Friday,10:00,Downtown Grand Plaza,100,72,28,121,No,No,24
2026-08-14,Friday,10:30,Downtown Grand Plaza,100,73,27,109,No,No,25
2026-08-14,Friday,11:00,Downtown Grand Plaza,100,79,21,125,No,No,20
2026-08-14,Friday,11:30,Downtown Grand Plaza,100,77,23,125,No,No,16
2026-08-14,Friday,12:00,Downtown Grand Plaza,100,87,13,128,No,No,18
2026-08-14,Friday,12:30,Downtown Grand Plaza,100,82,18,112,No,No,14
2026-08-14,Friday,13:00,Downtown Grand Plaza,100,88,12,119,No,No,16
2026-08-14,Friday,13:30,Downtown Grand Plaza,100,90,10,126,No,No,10
2026-08-14,Friday,14:00,Downtown Grand Plaza,100,84,16,108,No,No,15
2026-08-14,Friday,14:30,Downtown Grand Plaza,100,85,15,105,No,No,9
2026-08-14,Friday,15:00,Downtown Grand Plaza,100,87,13,121,No,No,12
2026-08-14,Friday,15:30,Downtown Grand Plaza,100,82,18,113,No,No,19
2026-08-14,Friday,16:00,Downtown Grand Plaza,100,86,14,129,No,No,17
2026-08-14,Friday,16:30,Downtown Grand Plaza,100,82,18,108,No,No,26
2026-08-14,Friday,17:00,Downtown Grand Plaza,100,76,24,130,No,No,25
2026-08-14,Friday,17:30,Downtown Grand Plaza,100,75,25,113,No,No,29
2026-08-14,Friday,18:00,Downtown Grand Plaza,100,69,31,107,No,No,34
2026-08-14,Friday,18:30,Downtown Grand Plaza,100,65,35,106,No,No,38
2026-08-14,Friday,19:00,Downtown Grand Plaza,100,57,43,116,No,No,41
2026-08-14,Friday,19:30,Downtown Grand Plaza,100,56,44,133,No,No,47
2026-08-14,Friday,20:00,Downtown Grand Plaza,100,20,80,112,No,No,80
2026-08-14,Friday,20:30,Downtown Grand Plaza,100,21,79,106,No,No,76
2026-08-14,Friday,21:00,Downtown Grand Plaza,100,23,77,132,No,No,75
2026-08-14,Friday,21:30,Downtown Grand Plaza,100,21,79,112,No,No,78
2026-08-14,Friday,22:00,Downtown Grand Plaza,100,20,80,107,No,No,80
2026-08-14,Friday,22:30,Downtown Grand Plaza,100,28,72,112,No,No,79
2026-08-14,Friday,23:00,Downtown Grand Plaza,100,27,73,119,No,No,82
2026-08-14,Friday,23:30,Downtown Grand Plaza,100,18,82,119,No,No,79
2026-08-15,Friday,00:00,Downtown Grand Plaza,100,20,80,124,No,No,71
2026-08-15,Friday,00:30,Downtown Grand Plaza,100,24,76,129,No,No,79
2026-08-15,Friday,01:00,Downtown Grand Plaza,100,21,79,105,No,No,78
2026-08-15,Friday,01:30,Downtown Grand Plaza,100,28,72,127,No,No,84
2026-08-15,Friday,02:00,Downtown Grand Plaza,100,22,78,132,No,No,79
2026-08-15,Friday,02:30,Downtown Grand Plaza,100,19,81,118,No,No,73
2026-08-15,Friday,03:00,Downtown Grand Plaza,100,18,82,107,No,No,77
2026-08-15,Friday,03:30,Downtown Grand Plaza,100,26,74,133,No,No,87
2026-08-15,Friday,04:00,Downtown Grand Plaza,100,22,78,109,No,No,83
2026-08-15,Friday,04:30,Downtown Grand Plaza,100,23,77,126,No,No,84
2026-08-15,Friday,05:00,Downtown Grand Plaza,100,25,75,130,No,No,82
2026-08-15,Friday,05:30,Downtown Grand Plaza,100,18,82,112,No,No,77
2026-08-15,Saturday,06:00,Downtown Grand Plaza,100,18,82,110,No,No,85
2026-08-15,Saturday,06:30,Downtown Grand Plaza,100,16,84,129,No,No,85
2026-08-15,Saturday,07:00,Downtown Grand Plaza,100,22,78,110,No,No,77
2026-08-15,Saturday,07:30,Downtown Grand Plaza,100,22,78,111,No,No,86
2026-08-15,Saturday,08:00,Downtown Grand Plaza,100,15,85,116,No,No,79
2026-08-15,Saturday,08:30,Downtown Grand Plaza,100,15,85,110,No,No,78
2026-08-15,Saturday,09:00,Downtown Grand Plaza,100,13,87,112,No,No,80
2026-08-15,Saturday,09:30,Downtown Grand Plaza,100,27,73,106,No,No,81
2026-08-15,Saturday,10:00,Downtown Grand Plaza,100,25,75,116,No,No,83
2026-08-15,Saturday,10:30,Downtown Grand Plaza,100,19,81,134,No,No,81
2026-08-15,Saturday,11:00,Downtown Grand Plaza,100,57,43,119,No,No,44
2026-08-15,Saturday,11:30,Downtown Grand Plaza,100,64,36,132,No,No,36
2026-08-15,Saturday,12:00,Downtown Grand Plaza,100,71,29,106,No,No,32
2026-08-15,Saturday,12:30,Downtown Grand Plaza,100,74,26,134,No,No,21
2026-08-15,Saturday,13:00,Downtown Grand Plaza,100,78,22,117,No,No,19
2026-08-15,Saturday,13:30,Downtown Grand Plaza,100,81,19,118,No,No,16
2026-08-15,Saturday,14:00,Downtown Grand Plaza,100,86,14,110,No,No,11
2026-08-15,Saturday,14:30,Downtown Grand Plaza,100,87,13,109,No,No,7
2026-08-15,Saturday,15:00,Downtown Grand Plaza,100,94,6,112,No,No,6
2026-08-15,Saturday,15:30,Downtown Grand Plaza,100,95,5,133,No,No,9
2026-08-15,Saturday,16:00,Downtown Grand Plaza,100,94,6,113,No,No,6
2026-08-15,Saturday,16:30,Downtown Grand Plaza,100,98,2,125,No,No,6
2026-08-15,Saturday,17:00,Downtown Grand Plaza,100,97,3,125,No,No,8
2026-08-15,Saturday,17:30,Downtown Grand Plaza,100,95,5,105,No,No,9
2026-08-15,Saturday,18:00,Downtown Grand Plaza,100,87,13,116,No,No,13
2026-08-15,Saturday,18:30,Downtown Grand Plaza,100,87,13,116,No,No,20
2026-08-15,Saturday,19:00,Downtown Grand Plaza,100,77,23,117,No,No,29
2026-08-15,Saturday,19:30,Downtown Grand Plaza,100,71,29,124,No,No,27
2026-08-15,Saturday,20:00,Downtown Grand Plaza,100,66,34,129,No,No,34
2026-08-15,Saturday,20:30,Downtown Grand Plaza,100,61,39,120,No,No,41
2026-08-15,Saturday,21:00,Downtown Grand Plaza,100,22,78,112,No,No,80
2026-08-15,Saturday,21:30,Downtown Grand Plaza,100,25,75,131,No,No,74
2026-08-15,Saturday,22:00,Downtown Grand Plaza,100,26,74,123,No,No,79
2026-08-15,Saturday,22:30,Downtown Grand Plaza,100,15,85,132,No,No,80
2026-08-15,Saturday,23:00,Downtown Grand Plaza,100,20,80,116,No,No,74
2026-08-15,Saturday,23:30,Downtown Grand Plaza,100,20,80,123,No,No,74
2026-08-16,Saturday,00:00,Downtown Grand Plaza,100,18,82,120,No,No,88
2026-08-16,Saturday,00:30,Downtown Grand Plaza,100,17,83,124,No,No,82
2026-08-16,Saturday,01:00,Downtown Grand Plaza,100,22,78,111,No,No,81
2026-08-16,Saturday,01:30,Downtown Grand Plaza,100,14,86,132,No,No,76
2026-08-16,Saturday,02:00,Downtown Grand Plaza,100,16,84,129,No,No,85
2026-08-16,Saturday,02:30,Downtown Grand Plaza,100,24,76,127,No,No,86
2026-08-16,Saturday,03:00,Downtown Grand Plaza,100,27,73,109,No,No,80
2026-08-16,Saturday,03:30,Downtown Grand Plaza,100,19,81,120,No,No,74
2026-08-16,Saturday,04:00,Downtown Grand Plaza,100,20,80,134,No,No,76
2026-08-16,Saturday,04:30,Downtown Grand Plaza,100,20,80,117,No,No,82
2026-08-16,Saturday,05:00,Downtown Grand Plaza,100,23,77,135,No,No,74
2026-08-16,Saturday,05:30,Downtown Grand Plaza,100,16,84,123,No,No,72
2026-08-16,Sunday,06:00,Downtown Grand Plaza,100,16,84,123,No,Yes,85
2026-08-16,Sunday,06:30,Downtown Grand Plaza,100,22,78,116,No,Yes,79
2026-08-16,Sunday,07:00,Downtown Grand Plaza,100,24,76,127,No,Yes,86
2026-08-16,Sunday,07:30,Downtown Grand Plaza,100,14,86,111,No,Yes,86
2026-08-16,Sunday,08:00,Downtown Grand Plaza,100,15,85,105,No,Yes,83
2026-08-16,Sunday,08:30,Downtown Grand Plaza,100,19,81,118,No,Yes,83
2026-08-16,Sunday,09:00,Downtown Grand Plaza,100,24,76,120,No,Yes,80
2026-08-16,Sunday,09:30,Downtown Grand Plaza,100,19,81,119,No,Yes,84
2026-08-16,Sunday,10:00,Downtown Grand Plaza,100,15,85,135,No,Yes,79
2026-08-16,Sunday,10:30,Downtown Grand Plaza,100,24,76,107,No,Yes,83
2026-08-16,Sunday,11:00,Downtown Grand Plaza,100,58,42,124,No,Yes,39
2026-08-16,Sunday,11:30,Downtown Grand Plaza,100,65,35,118,No,Yes,37
2026-08-16,Sunday,12:00,Downtown Grand Plaza,100,67,33,133,No,Yes,32
2026-08-16,Sunday,12:30,Downtown Grand Plaza,100,71,29,115,No,Yes,26
2026-08-16,Sunday,13:00,Downtown Grand Plaza,100,79,21,127,No,Yes,15
2026-08-16,Sunday,13:30,Downtown Grand Plaza,100,81,19,122,No,Yes,16
2026-08-16,Sunday,14:00,Downtown Grand Plaza,100,84,16,112,No,Yes,11
2026-08-16,Sunday,14:30,Downtown Grand Plaza,100,93,7,122,No,Yes,10
2026-08-16,Sunday,15:00,Downtown Grand Plaza,100,89,11,116,No,Yes,9
2026-08-16,Sunday,15:30,Downtown Grand Plaza,100,96,4,131,No,Yes,4
2026-08-16,Sunday,16:00,Downtown Grand Plaza,100,92,8,111,No,Yes,8
2026-08-16,Sunday,16:30,Downtown Grand Plaza,100,93,7,125,No,Yes,10
2026-08-16,Sunday,17:00,Downtown Grand Plaza,100,90,10,132,No,Yes,6
2026-08-16,Sunday,17:30,Downtown Grand Plaza,100,91,9,120,No,Yes,10
2026-08-16,Sunday,18:00,Downtown Grand Plaza,100,88,12,107,No,Yes,16
2026-08-16,Sunday,18:30,Downtown Grand Plaza,100,86,14,116,No,Yes,21
2026-08-16,Sunday,19:00,Downtown Grand Plaza,100,75,25,119,No,Yes,25
2026-08-16,Sunday,19:30,Downtown Grand Plaza,100,71,29,113,No,Yes,33
2026-08-16,Sunday,20:00,Downtown Grand Plaza,100,65,35,106,No,Yes,35
2026-08-16,Sunday,20:30,Downtown Grand Plaza,100,58,42,108,No,Yes,44
2026-08-16,Sunday,21:00,Downtown Grand Plaza,100,21,79,122,No,Yes,86
2026-08-16,Sunday,21:30,Downtown Grand Plaza,100,23,77,117,No,Yes,77
2026-08-16,Sunday,22:00,Downtown Grand Plaza,100,19,81,120,No,Yes,83
2026-08-16,Sunday,22:30,Downtown Grand Plaza,100,22,78,132,No,Yes,74
2026-08-16,Sunday,23:00,Downtown Grand Plaza,100,22,78,126,No,Yes,76
2026-08-16,Sunday,23:30,Downtown Grand Plaza,100,29,71,135,No,Yes,80
2026-08-17,Sunday,00:00,Downtown Grand Plaza,100,17,83,118,No,Yes,80
2026-08-17,Sunday,00:30,Downtown Grand Plaza,100,21,79,109,No,Yes,73
2026-08-17,Sunday,01:00,Downtown Grand Plaza,100,16,84,107,No,Yes,77
2026-08-17,Sunday,01:30,Downtown Grand Plaza,100,23,77,121,No,Yes,76
2026-08-17,Sunday,02:00,Downtown Grand Plaza,100,20,80,121,No,Yes,83
2026-08-17,Sunday,02:30,Downtown Grand Plaza,100,26,74,123,No,Yes,75
2026-08-17,Sunday,03:00,Downtown Grand Plaza,100,26,74,108,No,Yes,73
2026-08-17,Sunday,03:30,Downtown Grand Plaza,100,19,81,113,No,Yes,83
2026-08-17,Sunday,04:00,Downtown Grand Plaza,100,20,80,113,No,Yes,79
2026-08-17,Sunday,04:30,Downtown Grand Plaza,100,23,77,117,No,Yes,81
2026-08-17,Sunday,05:00,Downtown Grand Plaza,100,17,83,134,No,Yes,79
2026-08-17,Sunday,05:30,Downtown Grand Plaza,100,18,82,114,No,Yes,81
2026-08-17,Monday,06:00,Downtown Grand Plaza,100,23,77,109,No,No,78
2026-08-17,Monday,06:30,Downtown Grand Plaza,100,23,77,128,No,No,81
2026-08-17,Monday,07:00,Downtown Grand Plaza,100,22,78,131,No,No,78
2026-08-17,Monday,07:30,Downtown Grand Plaza,100,20,80,106,No,No,78
2026-08-17,Monday,08:00,Downtown Grand Plaza,100,52,48,109,No,No,46
2026-08-17,Monday,08:30,Downtown Grand Plaza,100,51,49,123,No,No,44
2026-08-17,Monday,09:00,Downtown Grand Plaza,100,57,43,131,No,No,41
2026-08-17,Monday,09:30,Downtown Grand Plaza,100,64,36,106,No,No,29
2026-08-17,Monday,10:00,Downtown Grand Plaza,100,67,33,127,No,No,29
2026-08-17,Monday,10:30,Downtown Grand Plaza,100,73,27,119,No,No,23
2026-08-17,Monday,11:00,Downtown Grand Plaza,100,78,22,108,No,No,23
2026-08-17,Monday,11:30,Downtown Grand Plaza,100,81,19,120,No,No,21
2026-08-17,Monday,12:00,Downtown Grand Plaza,100,83,17,132,No,No,15
2026-08-17,Monday,12:30,Downtown Grand Plaza,100,82,18,116,No,No,11
2026-08-17,Monday,13:00,Downtown Grand Plaza,100,89,11,128,No,No,16
2026-08-17,Monday,13:30,Downtown Grand Plaza,100,87,13,105,No,No,15
2026-08-17,Monday,14:00,Downtown Grand Plaza,100,90,10,123,No,No,14
2026-08-17,Monday,14:30,Downtown Grand Plaza,100,89,11,112,No,No,11
2026-08-17,Monday,15:00,Downtown Grand Plaza,100,88,12,113,No,No,14
2026-08-17,Monday,15:30,Downtown Grand Plaza,100,87,13,132,No,No,14
2026-08-17,Monday,16:00,Downtown Grand Plaza,100,83,17,105,No,No,22
2026-08-17,Monday,16:30,Downtown Grand Plaza,100,81,19,110,No,No,26
2026-08-17,Monday,17:00,Downtown Grand Plaza,100,78,22,113,No,No,22
2026-08-17,Monday,17:30,Downtown Grand Plaza,100,77,23,127,No,No,28
2026-08-17,Monday,18:00,Downtown Grand Plaza,100,72,28,118,No,No,31
2026-08-17,Monday,18:30,Downtown Grand Plaza,100,63,37,119,No,No,39
2026-08-17,Monday,19:00,Downtown Grand Plaza,100,60,40,126,No,No,42
2026-08-17,Monday,19:30,Downtown Grand Plaza,100,52,48,123,No,No,48
2026-08-17,Monday,20:00,Downtown Grand Plaza,100,28,72,126,No,No,76
2026-08-17,Monday,20:30,Downtown Grand Plaza,100,18,82,114,No,No,76
2026-08-17,Monday,21:00,Downtown Grand Plaza,100,20,80,125,No,No,73
2026-08-17,Monday,21:30,Downtown Grand Plaza,100,19,81,125,No,No,73
2026-08-17,Monday,22:00,Downtown Grand Plaza,100,27,73,130,No,No,79
2026-08-17,Monday,22:30,Downtown Grand Plaza,100,25,75,109,No,No,77
2026-08-17,Monday,23:00,Downtown Grand Plaza,100,24,76,118,No,No,73
2026-08-17,Monday,23:30,Downtown Grand Plaza,100,23,77,131,No,No,79
2026-08-18,Monday,00:00,Downtown Grand Plaza,100,26,74,130,No,No,80
2026-08-18,Monday,00:30,Downtown Grand Plaza,100,27,73,110,No,No,82
2026-08-18,Monday,01:00,Downtown Grand Plaza,100,26,74,109,No,No,74
2026-08-18,Monday,01:30,Downtown Grand Plaza,100,22,78,135,No,No,81
2026-08-18,Monday,02:00,Downtown Grand Plaza,100,24,76,128,No,No,77
2026-08-18,Monday,02:30,Downtown Grand Plaza,100,24,76,123,No,No,75
2026-08-18,Monday,03:00,Downtown Grand Plaza,100,24,76,123,No,No,80
2026-08-18,Monday,03:30,Downtown Grand Plaza,100,23,77,108,No,No,82
2026-08-18,Monday,04:00,Downtown Grand Plaza,100,25,75,132,No,No,74
2026-08-18,Monday,04:30,Downtown Grand Plaza,100,24,76,133,No,No,77
2026-08-18,Monday,05:00,Downtown Grand Plaza,100,19,81,129,No,No,77
2026-08-18,Monday,05:30,Downtown Grand Plaza,100,18,82,106,No,No,79
2026-08-18,Tuesday,06:00,Downtown Grand Plaza,100,26,74,120,No,No,80
2026-08-18,Tuesday,06:30,Downtown Grand Plaza,100,26,74,118,No,No,82
2026-08-18,Tuesday,07:00,Downtown Grand Plaza,100,27,73,111,No,No,73
2026-08-18,Tuesday,07:30,Downtown Grand Plaza,100,22,78,121,No,No,79
2026-08-18,Tuesday,08:00,Downtown Grand Plaza,100,53,47,127,No,No,48
2026-08-18,Tuesday,08:30,Downtown Grand Plaza,100,54,46,108,No,No,41
2026-08-18,Tuesday,09:00,Downtown Grand Plaza,100,56,44,110,No,No,41
2026-08-18,Tuesday,09:30,Downtown Grand Plaza,100,63,37,135,No,No,31
2026-08-18,Tuesday,10:00,Downtown Grand Plaza,100,69,31,124,No,No,29
2026-08-18,Tuesday,10:30,Downtown Grand Plaza,100,77,23,126,No,No,26
2026-08-18,Tuesday,11:00,Downtown Grand Plaza,100,77,23,133,No,No,19
2026-08-18,Tuesday,11:30,Downtown Grand Plaza,100,84,16,110,No,No,15
2026-08-18,Tuesday,12:00,Downtown Grand Plaza,100,79,21,117,No,No,18
2026-08-18,Tuesday,12:30,Downtown Grand Plaza,100,83,17,109,No,No,18
2026-08-18,Tuesday,13:00,Downtown Grand Plaza,100,84,16,121,No,No,14
2026-08-18,Tuesday,13:30,Downtown Grand Plaza,100,90,10,125,No,No,13
2026-08-18,Tuesday,14:00,Downtown Grand Plaza,100,86,14,125,No,No,12
2026-08-18,Tuesday,14:30,Downtown Grand Plaza,100,88,12,106,No,No,17
2026-08-18,Tuesday,15:00,Downtown Grand Plaza,100,88,12,108,No,No,18
2026-08-18,Tuesday,15:30,Downtown Grand Plaza,100,82,18,127,No,No,17
2026-08-18,Tuesday,16:00,Downtown Grand Plaza,100,83,17,108,No,No,19
2026-08-18,Tuesday,16:30,Downtown Grand Plaza,100,78,22,109,No,No,20
2026-08-18,Tuesday,17:00,Downtown Grand Plaza,100,75,25,105,No,No,24
2026-08-18,Tuesday,17:30,Downtown Grand Plaza,100,73,27,126,No,No,29
2026-08-18,Tuesday,18:00,Downtown Grand Plaza,100,66,34,127,No,No,31
2026-08-18,Tuesday,18:30,Downtown Grand Plaza,100,65,35,108,No,No,38
2026-08-18,Tuesday,19:00,Downtown Grand Plaza,100,57,43,114,No,No,47
2026-08-18,Tuesday,19:30,Downtown Grand Plaza,100,56,44,111,No,No,46
2026-08-18,Tuesday,20:00,Downtown Grand Plaza,100,20,80,131,No,No,78
2026-08-18,Tuesday,20:30,Downtown Grand Plaza,100,26,74,106,No,No,77
2026-08-18,Tuesday,21:00,Downtown Grand Plaza,100,21,79,112,No,No,73
2026-08-18,Tuesday,21:30,Downtown Grand Plaza,100,26,74,126,No,No,80
2026-08-18,Tuesday,22:00,Downtown Grand Plaza,100,19,81,128,No,No,75
2026-08-18,Tuesday,22:30,Downtown Grand Plaza,100,18,82,114,No,No,73
2026-08-18,Tuesday,23:00,Downtown Grand Plaza,100,24,76,132,No,No,77
2026-08-18,Tuesday,23:30,Downtown Grand Plaza,100,27,73,108,No,No,83
2026-08-19,Tuesday,00:00,Downtown Grand Plaza,100,20,80,125,No,No,77
2026-08-19,Tuesday,00:30,Downtown Grand Plaza,100,23,77,133,No,No,81
2026-08-19,Tuesday,01:00,Downtown Grand Plaza,100,23,77,117,No,No,75
2026-08-19,Tuesday,01:30,Downtown Grand Plaza,100,25,75,130,No,No,82
2026-08-19,Tuesday,02:00,Downtown Grand Plaza,100,24,76,128,No,No,80
2026-08-19,Tuesday,02:30,Downtown Grand Plaza,100,23,77,123,No,No,77
2026-08-19,Tuesday,03:00,Downtown Grand Plaza,100,18,82,129,No,No,74
2026-08-19,Tuesday,03:30,Downtown Grand Plaza,100,24,76,133,No,No,80
2026-08-19,Tuesday,04:00,Downtown Grand Plaza,100,22,78,106,No,No,77
2026-08-19,Tuesday,04:30,Downtown Grand Plaza,100,24,76,121,No,No,73
2026-08-19,Tuesday,05:00,Downtown Grand Plaza,100,25,75,126,No,No,76
2026-08-19,Tuesday,05:30,Downtown Grand Plaza,100,21,79,118,No,No,77
2026-08-19,Wednesday,06:00,Downtown Grand Plaza,100,27,73,131,No,No,81
2026-08-19,Wednesday,06:30,Downtown Grand Plaza,100,24,76,134,No,No,73
2026-08-19,Wednesday,07:00,Downtown Grand Plaza,100,22,78,107,No,No,80
2026-08-19,Wednesday,07:30,Downtown Grand Plaza,100,22,78,121,No,No,80
2026-08-19,Wednesday,08:00,Downtown Grand Plaza,100,50,50,119,No,No,46
2026-08-19,Wednesday,08:30,Downtown Grand Plaza,100,58,42,107,No,No,42
2026-08-19,Wednesday,09:00,Downtown Grand Plaza,100,64,36,108,No,No,35
2026-08-19,Wednesday,09:30,Downtown Grand Plaza,100,61,39,105,No,No,33
2026-08-19,Wednesday,10:00,Downtown Grand Plaza,100,69,31,122,No,No,26
2026-08-19,Wednesday,10:30,Downtown Grand Plaza,100,74,26,130,No,No,23
2026-08-19,Wednesday,11:00,Downtown Grand Plaza,100,80,20,114,No,No,20
2026-08-19,Wednesday,11:30,Downtown Grand Plaza,100,82,18,125,No,No,14
2026-08-19,Wednesday,12:00,Downtown Grand Plaza,100,86,14,116,No,No,13
2026-08-19,Wednesday,12:30,Downtown Grand Plaza,100,85,15,132,No,No,13
2026-08-19,Wednesday,13:00,Downtown Grand Plaza,100,88,12,124,No,No,11
2026-08-19,Wednesday,13:30,Downtown Grand Plaza,100,89,11,116,No,No,15
2026-08-19,Wednesday,14:00,Downtown Grand Plaza,100,89,11,129,No,No,16
2026-08-19,Wednesday,14:30,Downtown Grand Plaza,100,90,10,116,No,No,9
2026-08-19,Wednesday,15:00,Downtown Grand Plaza,100,87,13,114,No,No,15
2026-08-19,Wednesday,15:30,Downtown Grand Plaza,100,81,19,108,No,No,19
2026-08-19,Wednesday,16:00,Downtown Grand Plaza,100,85,15,109,No,No,17
2026-08-19,Wednesday,16:30,Downtown Grand Plaza,100,77,23,118,No,No,21
2026-08-19,Wednesday,17:00,Downtown Grand Plaza,100,74,26,111,No,No,23
2026-08-19,Wednesday,17:30,Downtown Grand Plaza,100,73,27,111,No,No,27
2026-08-19,Wednesday,18:00,Downtown Grand Plaza,100,68,32,127,No,No,32
2026-08-19,Wednesday,18:30,Downtown Grand Plaza,100,68,32,106,No,No,36
2026-08-19,Wednesday,19:00,Downtown Grand Plaza,100,57,43,123,No,No,40
2026-08-19,Wednesday,19:30,Downtown Grand Plaza,100,56,44,119,No,No,45
2026-08-19,Wednesday,20:00,Downtown Grand Plaza,100,21,79,109,No,No,76
2026-08-19,Wednesday,20:30,Downtown Grand Plaza,100,24,76,118,No,No,74
2026-08-19,Wednesday,21:00,Downtown Grand Plaza,100,21,79,110,No,No,79
2026-08-19,Wednesday,21:30,Downtown Grand Plaza,100,26,74,126,No,No,78
2026-08-19,Wednesday,22:00,Downtown Grand Plaza,100,27,73,124,No,No,75
2026-08-19,Wednesday,22:30,Downtown Grand Plaza,100,19,81,114,No,No,76
2026-08-19,Wednesday,23:00,Downtown Grand Plaza,100,25,75,128,No,No,79
2026-08-19,Wednesday,23:30,Downtown Grand Plaza,100,26,74,128,No,No,78
2026-08-20,Wednesday,00:00,Downtown Grand Plaza,100,27,73,114,No,No,78
2026-08-20,Wednesday,00:30,Downtown Grand Plaza,100,21,79,135,No,No,75
2026-08-20,Wednesday,01:00,Downtown Grand Plaza,100,22,78,129,No,No,76
2026-08-20,Wednesday,01:30,Downtown Grand Plaza,100,27,73,118,No,No,74
2026-08-20,Wednesday,02:00,Downtown Grand Plaza,100,24,76,118,No,No,83
2026-08-20,Wednesday,02:30,Downtown Grand Plaza,100,18,82,126,No,No,72
2026-08-20,Wednesday,03:00,Downtown Grand Plaza,100,24,76,126,No,No,78
2026-08-20,Wednesday,03:30,Downtown Grand Plaza,100,22,78,129,No,No,77
2026-08-20,Wednesday,04:00,Downtown Grand Plaza,100,27,73,126,No,No,76
2026-08-20,Wednesday,04:30,Downtown Grand Plaza,100,25,75,112,No,No,75
2026-08-20,Wednesday,05:00,Downtown Grand Plaza,100,24,76,106,No,No,71
2026-08-20,Wednesday,05:30,Downtown Grand Plaza,100,21,79,115,No,No,79
2026-08-20,Thursday,06:00,Downtown Grand Plaza,100,27,73,132,No,No,74
2026-08-20,Thursday,06:30,Downtown Grand Plaza,100,23,77,125,No,No,79
2026-08-20,Thursday,07:00,Downtown Grand Plaza,100,23,77,128,No,No,78
2026-08-20,Thursday,07:30,Downtown Grand Plaza,100,27,73,110,No,No,83
2026-08-20,Thursday,08:00,Downtown Grand Plaza,100,50,50,113,No,No,50
2026-08-20,Thursday,08:30,Downtown Grand Plaza,100,58,42,123,No,No,46
2026-08-20,Thursday,09:00,Downtown Grand Plaza,100,62,38,119,No,No,40
2026-08-20,Thursday,09:30,Downtown Grand Plaza,100,68,32,109,No,No,32
2026-08-20,Thursday,10:00,Downtown Grand Plaza,100,72,28,129,No,No,27
2026-08-20,Thursday,10:30,Downtown Grand Plaza,100,72,28,126,No,No,22
2026-08-20,Thursday,11:00,Downtown Grand Plaza,100,76,24,122,No,No,19
2026-08-20,Thursday,11:30,Downtown Grand Plaza,100,80,20,115,No,No,14
2026-08-20,Thursday,12:00,Downtown Grand Plaza,100,79,21,121,No,No,16
2026-08-20,Thursday,12:30,Downtown Grand Plaza,100,85,15,118,No,No,15
2026-08-20,Thursday,13:00,Downtown Grand Plaza,100,84,16,116,No,No,15
2026-08-20,Thursday,13:30,Downtown Grand Plaza,100,86,14,115,No,No,14
2026-08-20,Thursday,14:00,Downtown Grand Plaza,100,90,10,135,No,No,12
2026-08-20,Thursday,14:30,Downtown Grand Plaza,100,90,10,122,No,No,9
2026-08-20,Thursday,15:00,Downtown Grand Plaza,100,84,16,105,No,No,16
2026-08-20,Thursday,15:30,Downtown Grand Plaza,100,88,12,112,No,No,15
2026-08-20,Thursday,16:00,Downtown Grand Plaza,100,81,19,124,No,No,23
2026-08-20,Thursday,16:30,Downtown Grand Plaza,100,79,21,133,No,No,19
2026-08-20,Thursday,17:00,Downtown Grand Plaza,100,74,26,135,No,No,28
2026-08-20,Thursday,17:30,Downtown Grand Plaza,100,71,29,128,No,No,26
2026-08-20,Thursday,18:00,Downtown Grand Plaza,100,71,29,131,No,No,34
2026-08-20,Thursday,18:30,Downtown Grand Plaza,100,64,36,121,No,No,42
2026-08-20,Thursday,19:00,Downtown Grand Plaza,100,61,39,133,No,No,45
2026-08-20,Thursday,19:30,Downtown Grand Plaza,100,59,41,107,No,No,51
2026-08-20,Thursday,20:00,Downtown Grand Plaza,100,24,76,135,No,No,79
2026-08-20,Thursday,20:30,Downtown Grand Plaza,100,27,73,125,No,No,81
2026-08-20,Thursday,21:00,Downtown Grand Plaza,100,27,73,122,No,No,77
2026-08-20,Thursday,21:30,Downtown Grand Plaza,100,27,73,131,No,No,80
2026-08-20,Thursday,22:00,Downtown Grand Plaza,100,17,83,115,No,No,81
2026-08-20,Thursday,22:30,Downtown Grand Plaza,100,21,79,107,No,No,80
2026-08-20,Thursday,23:00,Downtown Grand Plaza,100,21,79,125,No,No,81
2026-08-20,Thursday,23:30,Downtown Grand Plaza,100,24,76,105,No,No,76
2026-08-21,Thursday,00:00,Downtown Grand Plaza,100,23,77,127,No,No,79
2026-08-21,Thursday,00:30,Downtown Grand Plaza,100,18,82,126,No,No,77
2026-08-21,Thursday,01:00,Downtown Grand Plaza,100,20,80,117,No,No,81
2026-08-21,Thursday,01:30,Downtown Grand Plaza,100,24,76,128,No,No,74
2026-08-21,Thursday,02:00,Downtown Grand Plaza,100,25,75,109,No,No,72
2026-08-21,Thursday,02:30,Downtown Grand Plaza,100,25,75,125,No,No,77
2026-08-21,Thursday,03:00,Downtown Grand Plaza,100,21,79,108,No,No,78
2026-08-21,Thursday,03:30,Downtown Grand Plaza,100,24,76,107,No,No,77
2026-08-21,Thursday,04:00,Downtown Grand Plaza,100,27,73,118,No,No,82
2026-08-21,Thursday,04:30,Downtown Grand Plaza,100,22,78,124,No,No,77
2026-08-21,Thursday,05:00,Downtown Grand Plaza,100,22,78,132,No,No,75
2026-08-21,Thursday,05:30,Downtown Grand Plaza,100,21,79,125,No,No,83
2026-08-01,Saturday,06:00,Metro Central Hub,120,30,90,300,No,No,96
2026-08-01,Saturday,06:30,Metro Central Hub,120,27,93,306,No,No,98
2026-08-01,Saturday,07:00,Metro Central Hub,120,22,98,304,No,No,97
2026-08-01,Saturday,07:30,Metro Central Hub,120,26,94,300,No,No,92
2026-08-01,Saturday,08:00,Metro Central Hub,120,28,92,294,No,No,97
2026-08-01,Saturday,08:30,Metro Central Hub,120,25,95,303,No,No,96
2026-08-01,Saturday,09:00,Metro Central Hub,120,23,97,298,No,No,96
2026-08-01,Saturday,09:30,Metro Central Hub,120,23,97,310,No,No,92
2026-08-01,Saturday,10:00,Metro Central Hub,120,23,97,298,No,No,96
2026-08-01,Saturday,10:30,Metro Central Hub,120,27,93,306,No,No,92
2026-08-01,Saturday,11:00,Metro Central Hub,120,24,96,299,No,No,94
2026-08-01,Saturday,11:30,Metro Central Hub,120,24,96,300,No,No,100
2026-08-01,Saturday,12:00,Metro Central Hub,120,18,102,304,No,No,100
2026-08-01,Saturday,12:30,Metro Central Hub,120,18,102,311,No,No,99
2026-08-01,Saturday,13:00,Metro Central Hub,120,23,97,293,No,No,99
2026-08-01,Saturday,13:30,Metro Central Hub,120,15,105,308,No,No,106
2026-08-01,Saturday,14:00,Metro Central Hub,120,20,100,301,No,No,99
2026-08-01,Saturday,14:30,Metro Central Hub,120,16,104,303,No,No,103
2026-08-01,Saturday,15:00,Metro Central Hub,120,12,108,314,No,No,107
2026-08-01,Saturday,15:30,Metro Central Hub,120,20,100,313,No,No,106
2026-08-01,Saturday,16:00,Metro Central Hub,120,10,110,309,No,No,108
2026-08-01,Saturday,16:30,Metro Central Hub,120,15,105,313,No,No,106
2026-08-01,Saturday,17:00,Metro Central Hub,120,8,112,294,No,No,109
2026-08-01,Saturday,17:30,Metro Central Hub,120,9,111,287,No,No,111
2026-08-01,Saturday,18:00,Metro Central Hub,120,7,113,306,No,No,107
2026-08-01,Saturday,18:30,Metro Central Hub,120,10,110,304,No,No,110
2026-08-01,Saturday,19:00,Metro Central Hub,120,7,113,289,No,No,117
2026-08-01,Saturday,19:30,Metro Central Hub,120,7,113,315,No,No,111
2026-08-01,Saturday,20:00,Metro Central Hub,120,8,112,289,No,No,115
2026-08-01,Saturday,20:30,Metro Central Hub,120,2,118,296,No,No,113
2026-08-01,Saturday,21:00,Metro Central Hub,120,2,118,292,No,No,118
2026-08-01,Saturday,21:30,Metro Central Hub,120,5,115,286,No,No,117
2026-08-01,Saturday,22:00,Metro Central Hub,120,2,118,310,No,No,118
2026-08-01,Saturday,22:30,Metro Central Hub,120,6,114,299,No,No,118
2026-08-01,Saturday,23:00,Metro Central Hub,120,2,118,305,No,No,116
2026-08-01,Saturday,23:30,Metro Central Hub,120,4,116,301,No,No,118
2026-08-02,Saturday,00:00,Metro Central Hub,120,12,108,308,No,No,104
2026-08-02,Saturday,00:30,Metro Central Hub,120,14,106,290,No,No,105
2026-08-02,Saturday,01:00,Metro Central Hub,120,18,102,303,No,No,99
2026-08-02,Saturday,01:30,Metro Central Hub,120,16,104,301,No,No,97
2026-08-02,Saturday,02:00,Metro Central Hub,120,19,101,292,No,No,102
2026-08-02,Saturday,02:30,Metro Central Hub,120,19,101,312,No,No,96
2026-08-02,Saturday,03:00,Metro Central Hub,120,22,98,313,No,No,98
2026-08-02,Saturday,03:30,Metro Central Hub,120,22,98,289,No,No,100
2026-08-02,Saturday,04:00,Metro Central Hub,120,24,96,301,No,No,99
2026-08-02,Saturday,04:30,Metro Central Hub,120,21,99,290,No,No,95
2026-08-02,Saturday,05:00,Metro Central Hub,120,21,99,311,No,No,98
2026-08-02,Saturday,05:30,Metro Central Hub,120,23,97,310,No,No,98
2026-08-02,Sunday,06:00,Metro Central Hub,120,23,97,300,No,No,97
2026-08-02,Sunday,06:30,Metro Central Hub,120,25,95,311,No,No,96
2026-08-02,Sunday,07:00,Metro Central Hub,120,27,93,289,No,No,97
2026-08-02,Sunday,07:30,Metro Central Hub,120,26,94,305,No,No,90
2026-08-02,Sunday,08:00,Metro Central Hub,120,22,98,289,No,No,96
2026-08-02,Sunday,08:30,Metro Central Hub,120,26,94,290,No,No,95
2026-08-02,Sunday,09:00,Metro Central Hub,120,27,93,303,No,No,90
2026-08-02,Sunday,09:30,Metro Central Hub,120,27,93,308,No,No,97
2026-08-02,Sunday,10:00,Metro Central Hub,120,23,97,287,No,No,94
2026-08-02,Sunday,10:30,Metro Central Hub,120,28,92,300,No,No,99
2026-08-02,Sunday,11:00,Metro Central Hub,120,23,97,311,No,No,100
2026-08-02,Sunday,11:30,Metro Central Hub,120,26,94,303,No,No,100
2026-08-02,Sunday,12:00,Metro Central Hub,120,23,97,306,No,No,101
2026-08-02,Sunday,12:30,Metro Central Hub,120,20,100,306,No,No,100
2026-08-02,Sunday,13:00,Metro Central Hub,120,16,104,303,No,No,101
2026-08-02,Sunday,13:30,Metro Central Hub,120,16,104,289,No,No,104
2026-08-02,Sunday,14:00,Metro Central Hub,120,22,98,312,No,No,101
2026-08-02,Sunday,14:30,Metro Central Hub,120,14,106,311,No,No,107
2026-08-02,Sunday,15:00,Metro Central Hub,120,20,100,300,No,No,104
2026-08-02,Sunday,15:30,Metro Central Hub,120,18,102,313,No,No,106
2026-08-02,Sunday,16:00,Metro Central Hub,120,10,110,288,No,No,106
2026-08-02,Sunday,16:30,Metro Central Hub,120,14,106,313,No,No,105
2026-08-02,Sunday,17:00,Metro Central Hub,120,16,104,313,No,No,108
2026-08-02,Sunday,17:30,Metro Central Hub,120,10,110,298,No,No,112
2026-08-02,Sunday,18:00,Metro Central Hub,120,11,109,286,No,No,112
2026-08-02,Sunday,18:30,Metro Central Hub,120,11,109,315,No,No,110
2026-08-02,Sunday,19:00,Metro Central Hub,120,6,114,297,No,No,111
2026-08-02,Sunday,19:30,Metro Central Hub,120,9,111,314,No,No,113
2026-08-02,Sunday,20:00,Metro Central Hub,120,5,115,288,No,No,118
2026-08-02,Sunday,20:30,Metro Central Hub,120,2,118,309,No,No,112
2026-08-02,Sunday,21:00,Metro Central Hub,120,5,115,294,No,No,116
2026-08-02,Sunday,21:30,Metro Central Hub,120,2,118,293,No,No,115
2026-08-02,Sunday,22:00,Metro Central Hub,120,2,118,310,No,No,117
2026-08-02,Sunday,22:30,Metro Central Hub,120,2,118,301,No,No,116
2026-08-02,Sunday,23:00,Metro Central Hub,120,5,115,307,No,No,118
2026-08-02,Sunday,23:30,Metro Central Hub,120,2,118,288,No,No,116
2026-08-03,Sunday,00:00,Metro Central Hub,120,12,108,293,No,No,101
2026-08-03,Sunday,00:30,Metro Central Hub,120,14,106,303,No,No,103
2026-08-03,Sunday,01:00,Metro Central Hub,120,16,104,306,No,No,102
2026-08-03,Sunday,01:30,Metro Central Hub,120,21,99,302,No,No,99
2026-08-03,Sunday,02:00,Metro Central Hub,120,20,100,296,No,No,98
2026-08-03,Sunday,02:30,Metro Central Hub,120,21,99,294,No,No,94
2026-08-03,Sunday,03:00,Metro Central Hub,120,23,97,297,No,No,93
2026-08-03,Sunday,03:30,Metro Central Hub,120,18,102,306,No,No,98
2026-08-03,Sunday,04:00,Metro Central Hub,120,25,95,310,No,No,98
2026-08-03,Sunday,04:30,Metro Central Hub,120,24,96,291,No,No,91
2026-08-03,Sunday,05:00,Metro Central Hub,120,25,95,310,No,No,92
2026-08-03,Sunday,05:30,Metro Central Hub,120,21,99,307,No,No,94
2026-08-03,Monday,06:00,Metro Central Hub,120,23,97,310,No,No,96
2026-08-03,Monday,06:30,Metro Central Hub,120,28,92,314,No,No,97
2026-08-03,Monday,07:00,Metro Central Hub,120,27,93,293,No,No,78
2026-08-03,Monday,07:30,Metro Central Hub,120,56,64,286,No,No,47
2026-08-03,Monday,08:00,Metro Central Hub,120,77,43,297,No,No,32
2026-08-03,Monday,08:30,Metro Central Hub,120,98,22,307,No,No,23
2026-08-03,Monday,09:00,Metro Central Hub,120,107,13,309,No,No,11
2026-08-03,Monday,09:30,Metro Central Hub,120,97,23,299,No,No,13
2026-08-03,Monday,10:00,Metro Central Hub,120,107,13,314,No,No,17
2026-08-03,Monday,10:30,Metro Central Hub,120,108,12,286,No,No,13
2026-08-03,Monday,11:00,Metro Central Hub,120,105,15,307,No,No,15
2026-08-03,Monday,11:30,Metro Central Hub,120,108,12,286,No,No,9
2026-08-03,Monday,12:00,Metro Central Hub,120,106,14,290,No,No,11
2026-08-03,Monday,12:30,Metro Central Hub,120,110,10,297,No,No,10
2026-08-03,Monday,13:00,Metro Central Hub,120,109,11,303,No,No,13
2026-08-03,Monday,13:30,Metro Central Hub,120,107,13,307,No,No,12
2026-08-03,Monday,14:00,Metro Central Hub,120,114,6,294,No,No,8
2026-08-03,Monday,14:30,Metro Central Hub,120,109,11,303,No,No,5
2026-08-03,Monday,15:00,Metro Central Hub,120,107,13,293,No,No,7
2026-08-03,Monday,15:30,Metro Central Hub,120,113,7,299,No,No,12
2026-08-03,Monday,16:00,Metro Central Hub,120,104,16,293,No,No,14
2026-08-03,Monday,16:30,Metro Central Hub,120,101,19,302,No,No,18
2026-08-03,Monday,17:00,Metro Central Hub,120,102,18,315,No,No,29
2026-08-03,Monday,17:30,Metro Central Hub,120,87,33,293,No,No,47
2026-08-03,Monday,18:00,Metro Central Hub,120,61,59,303,No,No,68
2026-08-03,Monday,18:30,Metro Central Hub,120,48,72,297,No,No,78
2026-08-03,Monday,19:00,Metro Central Hub,120,36,84,309,No,No,83
2026-08-03,Monday,19:30,Metro Central Hub,120,11,109,306,No,No,108
2026-08-03,Monday,20:00,Metro Central Hub,120,11,109,285,No,No,112
2026-08-03,Monday,20:30,Metro Central Hub,120,11,109,297,No,No,105
2026-08-03,Monday,21:00,Metro Central Hub,120,12,108,306,No,No,108
2026-08-03,Monday,21:30,Metro Central Hub,120,14,106,298,No,No,111
2026-08-03,Monday,22:00,Metro Central Hub,120,11,109,285,No,No,114
2026-08-03,Monday,22:30,Metro Central Hub,120,5,115,294,No,No,110
2026-08-03,Monday,23:00,Metro Central Hub,120,7,113,311,No,No,111
2026-08-03,Monday,23:30,Metro Central Hub,120,8,112,290,No,No,113
2026-08-04,Monday,00:00,Metro Central Hub,120,19,101,313,No,No,104
2026-08-04,Monday,00:30,Metro Central Hub,120,21,99,308,No,No,96
2026-08-04,Monday,01:00,Metro Central Hub,120,22,98,300,No,No,102
2026-08-04,Monday,01:30,Metro Central Hub,120,24,96,292,No,No,101
2026-08-04,Monday,02:00,Metro Central Hub,120,25,95,291,No,No,94
2026-08-04,Monday,02:30,Metro Central Hub,120,19,101,296,No,No,101
2026-08-04,Monday,03:00,Metro Central Hub,120,19,101,314,No,No,92
2026-08-04,Monday,03:30,Metro Central Hub,120,25,95,300,No,No,93
2026-08-04,Monday,04:00,Metro Central Hub,120,29,91,302,No,No,91
2026-08-04,Monday,04:30,Metro Central Hub,120,27,93,296,No,No,94
2026-08-04,Monday,05:00,Metro Central Hub,120,30,90,313,No,No,90
2026-08-04,Monday,05:30,Metro Central Hub,120,24,96,300,No,No,91
2026-08-04,Tuesday,06:00,Metro Central Hub,120,24,96,297,No,No,92
2026-08-04,Tuesday,06:30,Metro Central Hub,120,27,93,286,No,No,93
2026-08-04,Tuesday,07:00,Metro Central Hub,120,30,90,315,No,No,74
2026-08-04,Tuesday,07:30,Metro Central Hub,120,58,62,297,No,No,48
2026-08-04,Tuesday,08:00,Metro Central Hub,120,80,40,299,No,No,30
2026-08-04,Tuesday,08:30,Metro Central Hub,120,91,29,299,No,No,23
2026-08-04,Tuesday,09:00,Metro Central Hub,120,101,19,306,No,No,12
2026-08-04,Tuesday,09:30,Metro Central Hub,120,101,19,295,No,No,13
2026-08-04,Tuesday,10:00,Metro Central Hub,120,104,16,290,No,No,17
2026-08-04,Tuesday,10:30,Metro Central Hub,120,110,10,300,No,No,15
2026-08-04,Tuesday,11:00,Metro Central Hub,120,107,13,290,No,No,14
2026-08-04,Tuesday,11:30,Metro Central Hub,120,111,9,307,No,No,12
2026-08-04,Tuesday,12:00,Metro Central Hub,120,108,12,297,No,No,12
2026-08-04,Tuesday,12:30,Metro Central Hub,120,116,4,289,No,No,7
2026-08-04,Tuesday,13:00,Metro Central Hub,120,108,12,311,No,No,11
2026-08-04,Tuesday,13:30,Metro Central Hub,120,112,8,292,No,No,5
2026-08-04,Tuesday,14:00,Metro Central Hub,120,108,12,291,No,No,5
2026-08-04,Tuesday,14:30,Metro Central Hub,120,110,10,289,No,No,15
2026-08-04,Tuesday,15:00,Metro Central Hub,120,110,10,298,No,No,6
2026-08-04,Tuesday,15:30,Metro Central Hub,120,110,10,312,No,No,12
2026-08-04,Tuesday,16:00,Metro Central Hub,120,110,10,295,No,No,16
2026-08-04,Tuesday,16:30,Metro Central Hub,120,109,11,302,No,No,20
2026-08-04,Tuesday,17:00,Metro Central Hub,120,107,13,288,No,No,34
2026-08-04,Tuesday,17:30,Metro Central Hub,120,81,39,311,No,No,47
2026-08-04,Tuesday,18:00,Metro Central Hub,120,63,57,288,No,No,69
2026-08-04,Tuesday,18:30,Metro Central Hub,120,46,74,296,No,No,80
2026-08-04,Tuesday,19:00,Metro Central Hub,120,35,85,310,No,No,91
2026-08-04,Tuesday,19:30,Metro Central Hub,120,10,110,288,No,No,107
2026-08-04,Tuesday,20:00,Metro Central Hub,120,8,112,304,No,No,109
2026-08-04,Tuesday,20:30,Metro Central Hub,120,11,109,305,No,No,106
2026-08-04,Tuesday,21:00,Metro Central Hub,120,8,112,294,No,No,109
2026-08-04,Tuesday,21:30,Metro Central Hub,120,12,108,300,No,No,112
2026-08-04,Tuesday,22:00,Metro Central Hub,120,8,112,287,No,No,113
2026-08-04,Tuesday,22:30,Metro Central Hub,120,13,107,305,No,No,108
2026-08-04,Tuesday,23:00,Metro Central Hub,120,11,109,305,No,No,113
2026-08-04,Tuesday,23:30,Metro Central Hub,120,9,111,305,No,No,113
2026-08-05,Tuesday,00:00,Metro Central Hub,120,14,106,314,No,No,105
2026-08-05,Tuesday,00:30,Metro Central Hub,120,17,103,292,No,No,99
2026-08-05,Tuesday,01:00,Metro Central Hub,120,18,102,307,No,No,98
2026-08-05,Tuesday,01:30,Metro Central Hub,120,25,95,293,No,No,96
2026-08-05,Tuesday,02:00,Metro Central Hub,120,20,100,315,No,No,97
2026-08-05,Tuesday,02:30,Metro Central Hub,120,22,98,315,No,No,100
2026-08-05,Tuesday,03:00,Metro Central Hub,120,19,101,312,No,No,94
2026-08-05,Tuesday,03:30,Metro Central Hub,120,22,98,306,No,No,93
2026-08-05,Tuesday,04:00,Metro Central Hub,120,21,99,308,No,No,98
2026-08-05,Tuesday,04:30,Metro Central Hub,120,22,98,288,No,No,90
2026-08-05,Tuesday,05:00,Metro Central Hub,120,27,93,300,No,No,98
2026-08-05,Tuesday,05:30,Metro Central Hub,120,27,93,297,No,No,88
2026-08-05,Wednesday,06:00,Metro Central Hub,120,55,65,304,Yes,No,55
2026-08-05,Wednesday,06:30,Metro Central Hub,120,64,56,292,Yes,No,66
2026-08-05,Wednesday,07:00,Metro Central Hub,120,56,64,290,Yes,No,36
2026-08-05,Wednesday,07:30,Metro Central Hub,120,90,30,300,Yes,No,10
2026-08-05,Wednesday,08:00,Metro Central Hub,120,118,2,289,Yes,No,4
2026-08-05,Wednesday,08:30,Metro Central Hub,120,118,2,305,Yes,No,2
2026-08-05,Wednesday,09:00,Metro Central Hub,120,116,4,302,Yes,No,2
2026-08-05,Wednesday,09:30,Metro Central Hub,120,117,3,299,Yes,No,7
2026-08-05,Wednesday,10:00,Metro Central Hub,120,118,2,301,Yes,No,3
2026-08-05,Wednesday,10:30,Metro Central Hub,120,118,2,285,Yes,No,4
2026-08-05,Wednesday,11:00,Metro Central Hub,120,116,4,309,Yes,No,7
2026-08-05,Wednesday,11:30,Metro Central Hub,120,118,2,296,Yes,No,5
2026-08-05,Wednesday,12:00,Metro Central Hub,120,117,3,307,Yes,No,5
2026-08-05,Wednesday,12:30,Metro Central Hub,120,118,2,298,Yes,No,2
2026-08-05,Wednesday,13:00,Metro Central Hub,120,116,4,307,Yes,No,2
2026-08-05,Wednesday,13:30,Metro Central Hub,120,113,7,298,Yes,No,6
2026-08-05,Wednesday,14:00,Metro Central Hub,120,115,5,299,Yes,No,5
2026-08-05,Wednesday,14:30,Metro Central Hub,120,118,2,285,Yes,No,2
2026-08-05,Wednesday,15:00,Metro Central Hub,120,118,2,294,Yes,No,5
2026-08-05,Wednesday,15:30,Metro Central Hub,120,115,5,289,Yes,No,2
2026-08-05,Wednesday,16:00,Metro Central Hub,120,117,3,300,Yes,No,4
2026-08-05,Wednesday,16:30,Metro Central Hub,120,114,6,311,Yes,No,3
2026-08-05,Wednesday,17:00,Metro Central Hub,120,115,5,302,Yes,No,2
2026-08-05,Wednesday,17:30,Metro Central Hub,120,112,8,311,Yes,No,15
2026-08-05,Wednesday,18:00,Metro Central Hub,120,96,24,299,Yes,No,38
2026-08-05,Wednesday,18:30,Metro Central Hub,120,85,35,288,Yes,No,46
2026-08-05,Wednesday,19:00,Metro Central Hub,120,75,45,294,Yes,No,47
2026-08-05,Wednesday,19:30,Metro Central Hub,120,42,78,302,Yes,No,76
2026-08-05,Wednesday,20:00,Metro Central Hub,120,37,83,313,Yes,No,71
2026-08-05,Wednesday,20:30,Metro Central Hub,120,37,83,298,Yes,No,85
2026-08-05,Wednesday,21:00,Metro Central Hub,120,43,77,310,Yes,No,74
2026-08-05,Wednesday,21:30,Metro Central Hub,120,43,77,307,Yes,No,89
2026-08-05,Wednesday,22:00,Metro Central Hub,120,44,76,287,Yes,No,67
2026-08-05,Wednesday,22:30,Metro Central Hub,120,35,85,286,Yes,No,72
2026-08-05,Wednesday,23:00,Metro Central Hub,120,39,81,289,Yes,No,76
2026-08-05,Wednesday,23:30,Metro Central Hub,120,46,74,296,Yes,No,82
2026-08-06,Wednesday,00:00,Metro Central Hub,120,53,67,296,Yes,No,75
2026-08-06,Wednesday,00:30,Metro Central Hub,120,50,70,302,Yes,No,76
2026-08-06,Wednesday,01:00,Metro Central Hub,120,49,71,296,Yes,No,59
2026-08-06,Wednesday,01:30,Metro Central Hub,120,51,69,312,Yes,No,74
2026-08-06,Wednesday,02:00,Metro Central Hub,120,55,65,293,Yes,No,60
2026-08-06,Wednesday,02:30,Metro Central Hub,120,45,75,308,Yes,No,55
2026-08-06,Wednesday,03:00,Metro Central Hub,120,49,71,292,Yes,No,52
2026-08-06,Wednesday,03:30,Metro Central Hub,120,58,62,291,Yes,No,60
2026-08-06,Wednesday,04:00,Metro Central Hub,120,55,65,295,Yes,No,67
2026-08-06,Wednesday,04:30,Metro Central Hub,120,61,59,286,Yes,No,57
2026-08-06,Wednesday,05:00,Metro Central Hub,120,49,71,300,Yes,No,59
2026-08-06,Wednesday,05:30,Metro Central Hub,120,62,58,300,Yes,No,66
2026-08-06,Thursday,06:00,Metro Central Hub,120,22,98,287,No,No,89
2026-08-06,Thursday,06:30,Metro Central Hub,120,27,93,305,No,No,89
2026-08-06,Thursday,07:00,Metro Central Hub,120,30,90,287,No,No,72
2026-08-06,Thursday,07:30,Metro Central Hub,120,55,65,296,No,No,47
2026-08-06,Thursday,08:00,Metro Central Hub,120,79,41,298,No,No,29
2026-08-06,Thursday,08:30,Metro Central Hub,120,96,24,286,No,No,21
2026-08-06,Thursday,09:00,Metro Central Hub,120,106,14,286,No,No,9
2026-08-06,Thursday,09:30,Metro Central Hub,120,106,14,287,No,No,12
2026-08-06,Thursday,10:00,Metro Central Hub,120,100,20,288,No,No,17
2026-08-06,Thursday,10:30,Metro Central Hub,120,103,17,297,No,No,13
2026-08-06,Thursday,11:00,Metro Central Hub,120,108,12,292,No,No,7
2026-08-06,Thursday,11:30,Metro Central Hub,120,111,9,302,No,No,11
2026-08-06,Thursday,12:00,Metro Central Hub,120,113,7,288,No,No,9
2026-08-06,Thursday,12:30,Metro Central Hub,120,111,9,306,No,No,7
2026-08-06,Thursday,13:00,Metro Central Hub,120,108,12,313,No,No,6
2026-08-06,Thursday,13:30,Metro Central Hub,120,111,9,302,No,No,10
2026-08-06,Thursday,14:00,Metro Central Hub,120,112,8,290,No,No,8
2026-08-06,Thursday,14:30,Metro Central Hub,120,109,11,314,No,No,12
2026-08-06,Thursday,15:00,Metro Central Hub,120,113,7,295,No,No,12
2026-08-06,Thursday,15:30,Metro Central Hub,120,108,12,305,No,No,10
2026-08-06,Thursday,16:00,Metro Central Hub,120,104,16,304,No,No,14
2026-08-06,Thursday,16:30,Metro Central Hub,120,108,12,297,No,No,12
2026-08-06,Thursday,17:00,Metro Central Hub,120,104,16,293,No,No,30
2026-08-06,Thursday,17:30,Metro Central Hub,120,82,38,315,No,No,48
2026-08-06,Thursday,18:00,Metro Central Hub,120,64,56,294,No,No,68
2026-08-06,Thursday,18:30,Metro Central Hub,120,45,75,313,No,No,82
2026-08-06,Thursday,19:00,Metro Central Hub,120,34,86,292,No,No,88
2026-08-06,Thursday,19:30,Metro Central Hub,120,14,106,309,No,No,107
2026-08-06,Thursday,20:00,Metro Central Hub,120,15,105,293,No,No,110
2026-08-06,Thursday,20:30,Metro Central Hub,120,14,106,303,No,No,114
2026-08-06,Thursday,21:00,Metro Central Hub,120,9,111,286,No,No,114
2026-08-06,Thursday,21:30,Metro Central Hub,120,8,112,293,No,No,110
2026-08-06,Thursday,22:00,Metro Central Hub,120,7,113,292,No,No,113
2026-08-06,Thursday,22:30,Metro Central Hub,120,8,112,303,No,No,107
2026-08-06,Thursday,23:00,Metro Central Hub,120,4,116,308,No,No,113
2026-08-06,Thursday,23:30,Metro Central Hub,120,5,115,300,No,No,108
2026-08-07,Thursday,00:00,Metro Central Hub,120,20,100,307,No,No,98
2026-08-07,Thursday,00:30,Metro Central Hub,120,20,100,288,No,No,102
2026-08-07,Thursday,01:00,Metro Central Hub,120,23,97,308,No,No,101
2026-08-07,Thursday,01:30,Metro Central Hub,120,17,103,309,No,No,96
2026-08-07,Thursday,02:00,Metro Central Hub,120,25,95,296,No,No,98
2026-08-07,Thursday,02:30,Metro Central Hub,120,26,94,314,No,No,93
2026-08-07,Thursday,03:00,Metro Central Hub,120,26,94,292,No,No,93
2026-08-07,Thursday,03:30,Metro Central Hub,120,19,101,314,No,No,93
2026-08-07,Thursday,04:00,Metro Central Hub,120,21,99,297,No,No,94
2026-08-07,Thursday,04:30,Metro Central Hub,120,26,94,295,No,No,97
2026-08-07,Thursday,05:00,Metro Central Hub,120,28,92,301,No,No,97
2026-08-07,Thursday,05:30,Metro Central Hub,120,29,91,306,No,No,94
2026-08-07,Friday,06:00,Metro Central Hub,120,28,92,304,No,No,97
2026-08-07,Friday,06:30,Metro Central Hub,120,25,95,298,No,No,94
2026-08-07,Friday,07:00,Metro Central Hub,120,28,92,289,No,No,74
2026-08-07,Friday,07:30,Metro Central Hub,120,50,70,308,No,No,52
2026-08-07,Friday,08:00,Metro Central Hub,120,75,45,287,No,No,33
2026-08-07,Friday,08:30,Metro Central Hub,120,90,30,307,No,No,22
2026-08-07,Friday,09:00,Metro Central Hub,120,101,19,302,No,No,13
2026-08-07,Friday,09:30,Metro Central Hub,120,99,21,303,No,No,16
2026-08-07,Friday,10:00,Metro Central Hub,120,104,16,308,No,No,17
2026-08-07,Friday,10:30,Metro Central Hub,120,108,12,293,No,No,15
2026-08-07,Friday,11:00,Metro Central Hub,120,108,12,314,No,No,15
2026-08-07,Friday,11:30,Metro Central Hub,120,108,12,298,No,No,12
2026-08-07,Friday,12:00,Metro Central Hub,120,109,11,295,No,No,8
2026-08-07,Friday,12:30,Metro Central Hub,120,109,11,309,No,No,4
2026-08-07,Friday,13:00,Metro Central Hub,120,115,5,304,No,No,5
2026-08-07,Friday,13:30,Metro Central Hub,120,108,12,304,No,No,13
2026-08-07,Friday,14:00,Metro Central Hub,120,109,11,311,No,No,7
2026-08-07,Friday,14:30,Metro Central Hub,120,113,7,289,No,No,6
2026-08-07,Friday,15:00,Metro Central Hub,120,112,8,288,No,No,14
2026-08-07,Friday,15:30,Metro Central Hub,120,113,7,304,No,No,9
2026-08-07,Friday,16:00,Metro Central Hub,120,105,15,311,No,No,16
2026-08-07,Friday,16:30,Metro Central Hub,120,101,19,310,No,No,16
2026-08-07,Friday,17:00,Metro Central Hub,120,104,16,285,No,No,27
2026-08-07,Friday,17:30,Metro Central Hub,120,81,39,291,No,No,50
2026-08-07,Friday,18:00,Metro Central Hub,120,64,56,293,No,No,67
2026-08-07,Friday,18:30,Metro Central Hub,120,49,71,289,No,No,79
2026-08-07,Friday,19:00,Metro Central Hub,120,38,82,297,No,No,84
2026-08-07,Friday,19:30,Metro Central Hub,120,9,111,286,No,No,113
2026-08-07,Friday,20:00,Metro Central Hub,120,14,106,291,No,No,109
2026-08-07,Friday,20:30,Metro Central Hub,120,10,110,286,No,No,106
2026-08-07,Friday,21:00,Metro Central Hub,120,9,111,287,No,No,113
2026-08-07,Friday,21:30,Metro Central Hub,120,13,107,312,No,No,112
2026-08-07,Friday,22:00,Metro Central Hub,120,4,116,288,No,No,108
2026-08-07,Friday,22:30,Metro Central Hub,120,8,112,305,No,No,107
2026-08-07,Friday,23:00,Metro Central Hub,120,13,107,301,No,No,115
2026-08-07,Friday,23:30,Metro Central Hub,120,8,112,295,No,No,111
2026-08-08,Friday,00:00,Metro Central Hub,120,15,105,287,No,No,105
2026-08-08,Friday,00:30,Metro Central Hub,120,20,100,299,No,No,102
2026-08-08,Friday,01:00,Metro Central Hub,120,17,103,286,No,No,102
2026-08-08,Friday,01:30,Metro Central Hub,120,21,99,295,No,No,99
2026-08-08,Friday,02:00,Metro Central Hub,120,20,100,285,No,No,102
2026-08-08,Friday,02:30,Metro Central Hub,120,21,99,305,No,No,94
2026-08-08,Friday,03:00,Metro Central Hub,120,21,99,301,No,No,102
2026-08-08,Friday,03:30,Metro Central Hub,120,28,92,293,No,No,94
2026-08-08,Friday,04:00,Metro Central Hub,120,30,90,311,No,No,92
2026-08-08,Friday,04:30,Metro Central Hub,120,23,97,315,No,No,99
2026-08-08,Friday,05:00,Metro Central Hub,120,25,95,313,No,No,99
2026-08-08,Friday,05:30,Metro Central Hub,120,25,95,308,No,No,90
2026-08-08,Saturday,06:00,Metro Central Hub,120,27,93,305,No,No,95
2026-08-08,Saturday,06:30,Metro Central Hub,120,23,97,303,No,No,89
2026-08-08,Saturday,07:00,Metro Central Hub,120,27,93,314,No,No,94
2026-08-08,Saturday,07:30,Metro Central Hub,120,24,96,289,No,No,97
2026-08-08,Saturday,08:00,Metro Central Hub,120,28,92,302,No,No,97
2026-08-08,Saturday,08:30,Metro Central Hub,120,24,96,289,No,No,92
2026-08-08,Saturday,09:00,Metro Central Hub,120,30,90,301,No,No,95
2026-08-08,Saturday,09:30,Metro Central Hub,120,30,90,314,No,No,98
2026-08-08,Saturday,10:00,Metro Central Hub,120,26,94,314,No,No,98
2026-08-08,Saturday,10:30,Metro Central Hub,120,25,95,287,No,No,91
2026-08-08,Saturday,11:00,Metro Central Hub,120,21,99,288,No,No,93
2026-08-08,Saturday,11:30,Metro Central Hub,120,26,94,289,No,No,95
2026-08-08,Saturday,12:00,Metro Central Hub,120,27,93,313,No,No,94
2026-08-08,Saturday,12:30,Metro Central Hub,120,21,99,294,No,No,95
2026-08-08,Saturday,13:00,Metro Central Hub,120,22,98,313,No,No,98
2026-08-08,Saturday,13:30,Metro Central Hub,120,22,98,289,No,No,105
2026-08-08,Saturday,14:00,Metro Central Hub,120,14,106,290,No,No,98
2026-08-08,Saturday,14:30,Metro Central Hub,120,15,105,304,No,No,103
2026-08-08,Saturday,15:00,Metro Central Hub,120,17,103,292,No,No,107
2026-08-08,Saturday,15:30,Metro Central Hub,120,14,106,285,No,No,104
2026-08-08,Saturday,16:00,Metro Central Hub,120,10,110,300,No,No,104
2026-08-08,Saturday,16:30,Metro Central Hub,120,15,105,300,No,No,109
2026-08-08,Saturday,17:00,Metro Central Hub,120,10,110,312,No,No,110
2026-08-08,Saturday,17:30,Metro Central Hub,120,7,113,290,No,No,115
2026-08-08,Saturday,18:00,Metro Central Hub,120,14,106,309,No,No,108
2026-08-08,Saturday,18:30,Metro Central Hub,120,7,113,315,No,No,110
2026-08-08,Saturday,19:00,Metro Central Hub,120,10,110,291,No,No,118
2026-08-08,Saturday,19:30,Metro Central Hub,120,11,109,314,No,No,115
2026-08-08,Saturday,20:00,Metro Central Hub,120,5,115,304,No,No,117
2026-08-08,Saturday,20:30,Metro Central Hub,120,8,112,299,No,No,117
2026-08-08,Saturday,21:00,Metro Central Hub,120,2,118,309,No,No,114
2026-08-08,Saturday,21:30,Metro Central Hub,120,6,114,297,No,No,118
2026-08-08,Saturday,22:00,Metro Central Hub,120,5,115,315,No,No,116
2026-08-08,Saturday,22:30,Metro Central Hub,120,4,116,301,No,No,116
2026-08-08,Saturday,23:00,Metro Central Hub,120,3,117,286,No,No,118
2026-08-08,Saturday,23:30,Metro Central Hub,120,6,114,311,No,No,114
2026-08-09,Saturday,00:00,Metro Central Hub,120,15,105,292,No,No,106
2026-08-09,Saturday,00:30,Metro Central Hub,120,11,109,308,No,No,105
2026-08-09,Saturday,01:00,Metro Central Hub,120,18,102,309,No,No,107
2026-08-09,Saturday,01:30,Metro Central Hub,120,17,103,294,No,No,98
2026-08-09,Saturday,02:00,Metro Central Hub,120,22,98,309,No,No,101
2026-08-09,Saturday,02:30,Metro Central Hub,120,18,102,298,No,No,95
2026-08-09,Saturday,03:00,Metro Central Hub,120,21,99,307,No,No,102
2026-08-09,Saturday,03:30,Metro Central Hub,120,24,96,311,No,No,101
2026-08-09,Saturday,04:00,Metro Central Hub,120,19,101,301,No,No,94
2026-08-09,Saturday,04:30,Metro Central Hub,120,28,92,315,No,No,95
2026-08-09,Saturday,05:00,Metro Central Hub,120,24,96,297,No,No,96
2026-08-09,Saturday,05:30,Metro Central Hub,120,25,95,290,No,No,91
2026-08-09,Sunday,06:00,Metro Central Hub,120,25,95,313,No,No,97
2026-08-09,Sunday,06:30,Metro Central Hub,120,27,93,307,No,No,92
2026-08-09,Sunday,07:00,Metro Central Hub,120,28,92,290,No,No,97
2026-08-09,Sunday,07:30,Metro Central Hub,120,28,92,288,No,No,92
2026-08-09,Sunday,08:00,Metro Central Hub,120,27,93,287,No,No,95
2026-08-09,Sunday,08:30,Metro Central Hub,120,31,89,310,No,No,93
2026-08-09,Sunday,09:00,Metro Central Hub,120,25,95,290,No,No,95
2026-08-09,Sunday,09:30,Metro Central Hub,120,23,97,309,No,No,96
2026-08-09,Sunday,10:00,Metro Central Hub,120,27,93,312,No,No,98
2026-08-09,Sunday,10:30,Metro Central Hub,120,21,99,312,No,No,93
2026-08-09,Sunday,11:00,Metro Central Hub,120,23,97,286,No,No,98
2026-08-09,Sunday,11:30,Metro Central Hub,120,28,92,309,No,No,99
2026-08-09,Sunday,12:00,Metro Central Hub,120,19,101,290,No,No,102
2026-08-09,Sunday,12:30,Metro Central Hub,120,17,103,291,No,No,97
2026-08-09,Sunday,13:00,Metro Central Hub,120,20,100,285,No,No,97
2026-08-09,Sunday,13:30,Metro Central Hub,120,22,98,302,No,No,100
2026-08-09,Sunday,14:00,Metro Central Hub,120,16,104,300,No,No,101
2026-08-09,Sunday,14:30,Metro Central Hub,120,17,103,300,No,No,104
2026-08-09,Sunday,15:00,Metro Central Hub,120,17,103,304,No,No,107
2026-08-09,Sunday,15:30,Metro Central Hub,120,13,107,302,No,No,105
2026-08-09,Sunday,16:00,Metro Central Hub,120,17,103,311,No,No,111
2026-08-09,Sunday,16:30,Metro Central Hub,120,8,112,289,No,No,110
2026-08-09,Sunday,17:00,Metro Central Hub,120,15,105,289,No,No,108
2026-08-09,Sunday,17:30,Metro Central Hub,120,11,109,311,No,No,112
2026-08-09,Sunday,18:00,Metro Central Hub,120,5,115,287,No,No,112
2026-08-09,Sunday,18:30,Metro Central Hub,120,5,115,290,No,No,115
2026-08-09,Sunday,19:00,Metro Central Hub,120,9,111,306,No,No,113
2026-08-09,Sunday,19:30,Metro Central Hub,120,7,113,310,No,No,110
2026-08-09,Sunday,20:00,Metro Central Hub,120,6,114,308,No,No,111
2026-08-09,Sunday,20:30,Metro Central Hub,120,7,113,287,No,No,118
2026-08-09,Sunday,21:00,Metro Central Hub,120,3,117,313,No,No,118
2026-08-09,Sunday,21:30,Metro Central Hub,120,7,113,298,No,No,118
2026-08-09,Sunday,22:00,Metro Central Hub,120,2,118,300,No,No,115
2026-08-09,Sunday,22:30,Metro Central Hub,120,2,118,293,No,No,118
2026-08-09,Sunday,23:00,Metro Central Hub,120,4,116,291,No,No,117
2026-08-09,Sunday,23:30,Metro Central Hub,120,3,117,288,No,No,113
2026-08-10,Sunday,00:00,Metro Central Hub,120,19,101,301,No,No,102
2026-08-10,Sunday,00:30,Metro Central Hub,120,17,103,307,No,No,98
2026-08-10,Sunday,01:00,Metro Central Hub,120,15,105,307,No,No,98
2026-08-10,Sunday,01:30,Metro Central Hub,120,16,104,295,No,No,98
2026-08-10,Sunday,02:00,Metro Central Hub,120,18,102,304,No,No,101
2026-08-10,Sunday,02:30,Metro Central Hub,120,20,100,303,No,No,95
2026-08-10,Sunday,03:00,Metro Central Hub,120,21,99,300,No,No,99
2026-08-10,Sunday,03:30,Metro Central Hub,120,20,100,304,No,No,97
2026-08-10,Sunday,04:00,Metro Central Hub,120,18,102,291,No,No,99
2026-08-10,Sunday,04:30,Metro Central Hub,120,27,93,305,No,No,92
2026-08-10,Sunday,05:00,Metro Central Hub,120,27,93,291,No,No,89
2026-08-10,Sunday,05:30,Metro Central Hub,120,21,99,298,No,No,95
2026-08-10,Monday,06:00,Metro Central Hub,120,22,98,291,No,No,96
2026-08-10,Monday,06:30,Metro Central Hub,120,25,95,294,No,No,97
2026-08-10,Monday,07:00,Metro Central Hub,120,30,90,294,No,No,75
2026-08-10,Monday,07:30,Metro Central Hub,120,50,70,285,No,No,53
2026-08-10,Monday,08:00,Metro Central Hub,120,78,42,297,No,No,31
2026-08-10,Monday,08:30,Metro Central Hub,120,96,24,285,No,No,22
2026-08-10,Monday,09:00,Metro Central Hub,120,103,17,311,No,No,11
2026-08-10,Monday,09:30,Metro Central Hub,120,102,18,314,No,No,21
2026-08-10,Monday,10:00,Metro Central Hub,120,104,16,289,No,No,14
2026-08-10,Monday,10:30,Metro Central Hub,120,109,11,313,No,No,9
2026-08-10,Monday,11:00,Metro Central Hub,120,110,10,299,No,No,12
2026-08-10,Monday,11:30,Metro Central Hub,120,105,15,308,No,No,10
2026-08-10,Monday,12:00,Metro Central Hub,120,112,8,303,No,No,11
2026-08-10,Monday,12:30,Metro Central Hub,120,106,14,302,No,No,8
2026-08-10,Monday,13:00,Metro Central Hub,120,114,6,295,No,No,5
2026-08-10,Monday,13:30,Metro Central Hub,120,107,13,296,No,No,12
2026-08-10,Monday,14:00,Metro Central Hub,120,107,13,311,No,No,4
2026-08-10,Monday,14:30,Metro Central Hub,120,111,9,305,No,No,13
2026-08-10,Monday,15:00,Metro Central Hub,120,109,11,304,No,No,10
2026-08-10,Monday,15:30,Metro Central Hub,120,111,9,312,No,No,14
2026-08-10,Monday,16:00,Metro Central Hub,120,105,15,312,No,No,19
2026-08-10,Monday,16:30,Metro Central Hub,120,101,19,298,No,No,12
2026-08-10,Monday,17:00,Metro Central Hub,120,105,15,296,No,No,25
2026-08-10,Monday,17:30,Metro Central Hub,120,84,36,291,No,No,54
2026-08-10,Monday,18:00,Metro Central Hub,120,66,54,296,No,No,65
2026-08-10,Monday,18:30,Metro Central Hub,120,43,77,314,No,No,80
2026-08-10,Monday,19:00,Metro Central Hub,120,37,83,310,No,No,86
2026-08-10,Monday,19:30,Metro Central Hub,120,10,110,291,No,No,109
2026-08-10,Monday,20:00,Metro Central Hub,120,11,109,312,No,No,107
2026-08-10,Monday,20:30,Metro Central Hub,120,13,107,289,No,No,114
2026-08-10,Monday,21:00,Metro Central Hub,120,10,110,315,No,No,106
2026-08-10,Monday,21:30,Metro Central Hub,120,11,109,291,No,No,111
2026-08-10,Monday,22:00,Metro Central Hub,120,12,108,307,No,No,115
2026-08-10,Monday,22:30,Metro Central Hub,120,13,107,294,No,No,110
2026-08-10,Monday,23:00,Metro Central Hub,120,12,108,304,No,No,113
2026-08-10,Monday,23:30,Metro Central Hub,120,4,116,313,No,No,111
2026-08-11,Monday,00:00,Metro Central Hub,120,20,100,306,No,No,106
2026-08-11,Monday,00:30,Metro Central Hub,120,17,103,309,No,No,97
2026-08-11,Monday,01:00,Metro Central Hub,120,17,103,295,No,No,102
2026-08-11,Monday,01:30,Metro Central Hub,120,19,101,302,No,No,99
2026-08-11,Monday,02:00,Metro Central Hub,120,20,100,288,No,No,101
2026-08-11,Monday,02:30,Metro Central Hub,120,18,102,288,No,No,96
2026-08-11,Monday,03:00,Metro Central Hub,120,20,100,301,No,No,96
2026-08-11,Monday,03:30,Metro Central Hub,120,22,98,302,No,No,99
2026-08-11,Monday,04:00,Metro Central Hub,120,28,92,307,No,No,94
2026-08-11,Monday,04:30,Metro Central Hub,120,21,99,290,No,No,93
2026-08-11,Monday,05:00,Metro Central Hub,120,26,94,295,No,No,98
2026-08-11,Monday,05:30,Metro Central Hub,120,26,94,285,No,No,91
2026-08-11,Tuesday,06:00,Metro Central Hub,120,51,69,286,Yes,No,52
2026-08-11,Tuesday,06:30,Metro Central Hub,120,68,52,305,Yes,No,59
2026-08-11,Tuesday,07:00,Metro Central Hub,120,60,60,311,Yes,No,39
2026-08-11,Tuesday,07:30,Metro Central Hub,120,91,29,314,Yes,No,22
2026-08-11,Tuesday,08:00,Metro Central Hub,120,109,11,314,Yes,No,2
2026-08-11,Tuesday,08:30,Metro Central Hub,120,115,5,309,Yes,No,2
2026-08-11,Tuesday,09:00,Metro Central Hub,120,116,4,304,Yes,No,2
2026-08-11,Tuesday,09:30,Metro Central Hub,120,118,2,295,Yes,No,7
2026-08-11,Tuesday,10:00,Metro Central Hub,120,117,3,300,Yes,No,4
2026-08-11,Tuesday,10:30,Metro Central Hub,120,114,6,296,Yes,No,2
2026-08-11,Tuesday,11:00,Metro Central Hub,120,118,2,310,Yes,No,4
2026-08-11,Tuesday,11:30,Metro Central Hub,120,117,3,299,Yes,No,2
2026-08-11,Tuesday,12:00,Metro Central Hub,120,116,4,300,Yes,No,2
2026-08-11,Tuesday,12:30,Metro Central Hub,120,118,2,310,Yes,No,2
2026-08-11,Tuesday,13:00,Metro Central Hub,120,114,6,290,Yes,No,2
2026-08-11,Tuesday,13:30,Metro Central Hub,120,118,2,300,Yes,No,6
2026-08-11,Tuesday,14:00,Metro Central Hub,120,118,2,299,Yes,No,6
2026-08-11,Tuesday,14:30,Metro Central Hub,120,118,2,311,Yes,No,2
2026-08-11,Tuesday,15:00,Metro Central Hub,120,118,2,286,Yes,No,2
2026-08-11,Tuesday,15:30,Metro Central Hub,120,118,2,305,Yes,No,3
2026-08-11,Tuesday,16:00,Metro Central Hub,120,118,2,294,Yes,No,2
2026-08-11,Tuesday,16:30,Metro Central Hub,120,118,2,295,Yes,No,2
2026-08-11,Tuesday,17:00,Metro Central Hub,120,118,2,314,Yes,No,6
2026-08-11,Tuesday,17:30,Metro Central Hub,120,118,2,285,Yes,No,8
2026-08-11,Tuesday,18:00,Metro Central Hub,120,94,26,286,Yes,No,41
2026-08-11,Tuesday,18:30,Metro Central Hub,120,85,35,311,Yes,No,56
2026-08-11,Tuesday,19:00,Metro Central Hub,120,73,47,298,Yes,No,57
2026-08-11,Tuesday,19:30,Metro Central Hub,120,40,80,297,Yes,No,85
2026-08-11,Tuesday,20:00,Metro Central Hub,120,46,74,302,Yes,No,74
2026-08-11,Tuesday,20:30,Metro Central Hub,120,43,77,312,Yes,No,90
2026-08-11,Tuesday,21:00,Metro Central Hub,120,51,69,308,Yes,No,73
2026-08-11,Tuesday,21:30,Metro Central Hub,120,44,76,289,Yes,No,76
2026-08-11,Tuesday,22:00,Metro Central Hub,120,51,69,304,Yes,No,80
2026-08-11,Tuesday,22:30,Metro Central Hub,120,39,81,311,Yes,No,83
2026-08-11,Tuesday,23:00,Metro Central Hub,120,44,76,303,Yes,No,77
2026-08-11,Tuesday,23:30,Metro Central Hub,120,41,79,314,Yes,No,69
2026-08-12,Tuesday,00:00,Metro Central Hub,120,49,71,307,Yes,No,64
2026-08-12,Tuesday,00:30,Metro Central Hub,120,61,59,308,Yes,No,56
2026-08-12,Tuesday,01:00,Metro Central Hub,120,53,67,299,Yes,No,67
2026-08-12,Tuesday,01:30,Metro Central Hub,120,63,57,305,Yes,No,72
2026-08-12,Tuesday,02:00,Metro Central Hub,120,57,63,310,Yes,No,57
2026-08-12,Tuesday,02:30,Metro Central Hub,120,55,65,285,Yes,No,62
2026-08-12,Tuesday,03:00,Metro Central Hub,120,58,62,298,Yes,No,70
2026-08-12,Tuesday,03:30,Metro Central Hub,120,67,53,307,Yes,No,58
2026-08-12,Tuesday,04:00,Metro Central Hub,120,61,59,286,Yes,No,59
2026-08-12,Tuesday,04:30,Metro Central Hub,120,65,55,294,Yes,No,69
2026-08-12,Tuesday,05:00,Metro Central Hub,120,54,66,301,Yes,No,64
2026-08-12,Tuesday,05:30,Metro Central Hub,120,61,59,293,Yes,No,70
2026-08-12,Wednesday,06:00,Metro Central Hub,120,28,92,289,No,No,94
2026-08-12,Wednesday,06:30,Metro Central Hub,120,25,95,290,No,No,91
2026-08-12,Wednesday,07:00,Metro Central Hub,120,27,93,300,No,No,74
2026-08-12,Wednesday,07:30,Metro Central Hub,120,53,67,286,No,No,55
2026-08-12,Wednesday,08:00,Metro Central Hub,120,77,43,289,No,No,29
2026-08-12,Wednesday,08:30,Metro Central Hub,120,93,27,311,No,No,14
2026-08-12,Wednesday,09:00,Metro Central Hub,120,103,17,309,No,No,11
2026-08-12,Wednesday,09:30,Metro Central Hub,120,103,17,308,No,No,19
2026-08-12,Wednesday,10:00,Metro Central Hub,120,107,13,308,No,No,19
2026-08-12,Wednesday,10:30,Metro Central Hub,120,108,12,293,No,No,17
2026-08-12,Wednesday,11:00,Metro Central Hub,120,107,13,290,No,No,12
2026-08-12,Wednesday,11:30,Metro Central Hub,120,111,9,300,No,No,8
2026-08-12,Wednesday,12:00,Metro Central Hub,120,108,12,302,No,No,8
2026-08-12,Wednesday,12:30,Metro Central Hub,120,111,9,297,No,No,12
2026-08-12,Wednesday,13:00,Metro Central Hub,120,111,9,312,No,No,10
2026-08-12,Wednesday,13:30,Metro Central Hub,120,111,9,310,No,No,7
2026-08-12,Wednesday,14:00,Metro Central Hub,120,112,8,315,No,No,5
2026-08-12,Wednesday,14:30,Metro Central Hub,120,115,5,288,No,No,9
2026-08-12,Wednesday,15:00,Metro Central Hub,120,113,7,315,No,No,10
2026-08-12,Wednesday,15:30,Metro Central Hub,120,112,8,305,No,No,14
2026-08-12,Wednesday,16:00,Metro Central Hub,120,110,10,293,No,No,17
2026-08-12,Wednesday,16:30,Metro Central Hub,120,104,16,303,No,No,13
2026-08-12,Wednesday,17:00,Metro Central Hub,120,103,17,308,No,No,28
2026-08-12,Wednesday,17:30,Metro Central Hub,120,80,40,309,No,No,52
2026-08-12,Wednesday,18:00,Metro Central Hub,120,68,52,307,No,No,70
2026-08-12,Wednesday,18:30,Metro Central Hub,120,49,71,285,No,No,77
2026-08-12,Wednesday,19:00,Metro Central Hub,120,36,84,285,No,No,86
2026-08-12,Wednesday,19:30,Metro Central Hub,120,11,109,306,No,No,112
2026-08-12,Wednesday,20:00,Metro Central Hub,120,8,112,294,No,No,114
2026-08-12,Wednesday,20:30,Metro Central Hub,120,6,114,304,No,No,106
2026-08-12,Wednesday,21:00,Metro Central Hub,120,13,107,306,No,No,113
2026-08-12,Wednesday,21:30,Metro Central Hub,120,11,109,304,No,No,109
2026-08-12,Wednesday,22:00,Metro Central Hub,120,5,115,288,No,No,110
2026-08-12,Wednesday,22:30,Metro Central Hub,120,10,110,297,No,No,108
2026-08-12,Wednesday,23:00,Metro Central Hub,120,11,109,303,No,No,115
2026-08-12,Wednesday,23:30,Metro Central Hub,120,10,110,288,No,No,114
2026-08-13,Wednesday,00:00,Metro Central Hub,120,20,100,299,No,No,105
2026-08-13,Wednesday,00:30,Metro Central Hub,120,23,97,299,No,No,103
2026-08-13,Wednesday,01:00,Metro Central Hub,120,22,98,298,No,No,98
2026-08-13,Wednesday,01:30,Metro Central Hub,120,19,101,309,No,No,102
2026-08-13,Wednesday,02:00,Metro Central Hub,120,20,100,287,No,No,102
2026-08-13,Wednesday,02:30,Metro Central Hub,120,21,99,297,No,No,101
2026-08-13,Wednesday,03:00,Metro Central Hub,120,26,94,315,No,No,99
2026-08-13,Wednesday,03:30,Metro Central Hub,120,24,96,287,No,No,91
2026-08-13,Wednesday,04:00,Metro Central Hub,120,24,96,304,No,No,93
2026-08-13,Wednesday,04:30,Metro Central Hub,120,22,98,288,No,No,92
2026-08-13,Wednesday,05:00,Metro Central Hub,120,27,93,291,No,No,97
2026-08-13,Wednesday,05:30,Metro Central Hub,120,29,91,299,No,No,97
2026-08-13,Thursday,06:00,Metro Central Hub,120,67,53,303,Yes,No,69
2026-08-13,Thursday,06:30,Metro Central Hub,120,67,53,305,Yes,No,59
2026-08-13,Thursday,07:00,Metro Central Hub,120,59,61,307,Yes,No,48
2026-08-13,Thursday,07:30,Metro Central Hub,120,86,34,309,Yes,No,9
2026-08-13,Thursday,08:00,Metro Central Hub,120,98,22,310,Yes,No,2
2026-08-13,Thursday,08:30,Metro Central Hub,120,118,2,309,Yes,No,4
2026-08-13,Thursday,09:00,Metro Central Hub,120,113,7,306,Yes,No,2
2026-08-13,Thursday,09:30,Metro Central Hub,120,118,2,296,Yes,No,3
2026-08-13,Thursday,10:00,Metro Central Hub,120,115,5,309,Yes,No,2
2026-08-13,Thursday,10:30,Metro Central Hub,120,118,2,306,Yes,No,2
2026-08-13,Thursday,11:00,Metro Central Hub,120,118,2,296,Yes,No,5
2026-08-13,Thursday,11:30,Metro Central Hub,120,118,2,286,Yes,No,3
2026-08-13,Thursday,12:00,Metro Central Hub,120,118,2,287,Yes,No,2
2026-08-13,Thursday,12:30,Metro Central Hub,120,118,2,310,Yes,No,7
2026-08-13,Thursday,13:00,Metro Central Hub,120,117,3,310,Yes,No,2
2026-08-13,Thursday,13:30,Metro Central Hub,120,118,2,301,Yes,No,6
2026-08-13,Thursday,14:00,Metro Central Hub,120,113,7,303,Yes,No,3
2026-08-13,Thursday,14:30,Metro Central Hub,120,118,2,285,Yes,No,2
2026-08-13,Thursday,15:00,Metro Central Hub,120,118,2,289,Yes,No,2
2026-08-13,Thursday,15:30,Metro Central Hub,120,114,6,288,Yes,No,2
2026-08-13,Thursday,16:00,Metro Central Hub,120,118,2,288,Yes,No,7
2026-08-13,Thursday,16:30,Metro Central Hub,120,118,2,291,Yes,No,2
2026-08-13,Thursday,17:00,Metro Central Hub,120,118,2,295,Yes,No,4
2026-08-13,Thursday,17:30,Metro Central Hub,120,118,2,315,Yes,No,17
2026-08-13,Thursday,18:00,Metro Central Hub,120,95,25,288,Yes,No,42
2026-08-13,Thursday,18:30,Metro Central Hub,120,83,37,290,Yes,No,59
2026-08-13,Thursday,19:00,Metro Central Hub,120,71,49,312,Yes,No,56
2026-08-13,Thursday,19:30,Metro Central Hub,120,32,88,287,Yes,No,82
2026-08-13,Thursday,20:00,Metro Central Hub,120,42,78,313,Yes,No,72
2026-08-13,Thursday,20:30,Metro Central Hub,120,39,81,289,Yes,No,78
2026-08-13,Thursday,21:00,Metro Central Hub,120,39,81,315,Yes,No,74
2026-08-13,Thursday,21:30,Metro Central Hub,120,52,68,304,Yes,No,74
2026-08-13,Thursday,22:00,Metro Central Hub,120,40,80,285,Yes,No,65
2026-08-13,Thursday,22:30,Metro Central Hub,120,42,78,304,Yes,No,80
2026-08-13,Thursday,23:00,Metro Central Hub,120,41,79,309,Yes,No,90
2026-08-13,Thursday,23:30,Metro Central Hub,120,49,71,289,Yes,No,82
2026-08-14,Thursday,00:00,Metro Central Hub,120,54,66,306,Yes,No,74
2026-08-14,Thursday,00:30,Metro Central Hub,120,52,68,293,Yes,No,67
2026-08-14,Thursday,01:00,Metro Central Hub,120,45,75,308,Yes,No,77
2026-08-14,Thursday,01:30,Metro Central Hub,120,51,69,301,Yes,No,61
2026-08-14,Thursday,02:00,Metro Central Hub,120,56,64,295,Yes,No,60
2026-08-14,Thursday,02:30,Metro Central Hub,120,49,71,288,Yes,No,56
2026-08-14,Thursday,03:00,Metro Central Hub,120,59,61,297,Yes,No,66
2026-08-14,Thursday,03:30,Metro Central Hub,120,55,65,298,Yes,No,64
2026-08-14,Thursday,04:00,Metro Central Hub,120,54,66,289,Yes,No,66
2026-08-14,Thursday,04:30,Metro Central Hub,120,54,66,295,Yes,No,73
2026-08-14,Thursday,05:00,Metro Central Hub,120,58,62,312,Yes,No,59
2026-08-14,Thursday,05:30,Metro Central Hub,120,64,56,294,Yes,No,57
2026-08-14,Friday,06:00,Metro Central Hub,120,30,90,302,No,No,97
2026-08-14,Friday,06:30,Metro Central Hub,120,27,93,312,No,No,89
2026-08-14,Friday,07:00,Metro Central Hub,120,31,89,291,No,No,71
2026-08-14,Friday,07:30,Metro Central Hub,120,49,71,293,No,No,52
2026-08-14,Friday,08:00,Metro Central Hub,120,73,47,312,No,No,34
2026-08-14,Friday,08:30,Metro Central Hub,120,90,30,303,No,No,15
2026-08-14,Friday,09:00,Metro Central Hub,120,101,19,315,No,No,12
2026-08-14,Friday,09:30,Metro Central Hub,120,101,19,285,No,No,21
2026-08-14,Friday,10:00,Metro Central Hub,120,106,14,300,No,No,15
2026-08-14,Friday,10:30,Metro Central Hub,120,106,14,298,No,No,13
2026-08-14,Friday,11:00,Metro Central Hub,120,109,11,310,No,No,15
2026-08-14,Friday,11:30,Metro Central Hub,120,106,14,300,No,No,10
2026-08-14,Friday,12:00,Metro Central Hub,120,112,8,285,No,No,10
2026-08-14,Friday,12:30,Metro Central Hub,120,107,13,291,No,No,11
2026-08-14,Friday,13:00,Metro Central Hub,120,116,4,305,No,No,13
2026-08-14,Friday,13:30,Metro Central Hub,120,110,10,306,No,No,7
2026-08-14,Friday,14:00,Metro Central Hub,120,112,8,312,No,No,8
2026-08-14,Friday,14:30,Metro Central Hub,120,110,10,299,No,No,13
2026-08-14,Friday,15:00,Metro Central Hub,120,109,11,307,No,No,8
2026-08-14,Friday,15:30,Metro Central Hub,120,110,10,296,No,No,11
2026-08-14,Friday,16:00,Metro Central Hub,120,110,10,285,No,No,18
2026-08-14,Friday,16:30,Metro Central Hub,120,107,13,313,No,No,16
2026-08-14,Friday,17:00,Metro Central Hub,120,105,15,294,No,No,32
2026-08-14,Friday,17:30,Metro Central Hub,120,84,36,315,No,No,50
2026-08-14,Friday,18:00,Metro Central Hub,120,66,54,291,No,No,72
2026-08-14,Friday,18:30,Metro Central Hub,120,46,74,313,No,No,76
2026-08-14,Friday,19:00,Metro Central Hub,120,41,79,301,No,No,84
2026-08-14,Friday,19:30,Metro Central Hub,120,7,113,313,No,No,110
2026-08-14,Friday,20:00,Metro Central Hub,120,12,108,299,No,No,111
2026-08-14,Friday,20:30,Metro Central Hub,120,12,108,290,No,No,108
2026-08-14,Friday,21:00,Metro Central Hub,120,12,108,302,No,No,113
2026-08-14,Friday,21:30,Metro Central Hub,120,7,113,295,No,No,115
2026-08-14,Friday,22:00,Metro Central Hub,120,11,109,300,No,No,109
2026-08-14,Friday,22:30,Metro Central Hub,120,13,107,312,No,No,114
2026-08-14,Friday,23:00,Metro Central Hub,120,11,109,308,No,No,113
2026-08-14,Friday,23:30,Metro Central Hub,120,6,114,313,No,No,110
2026-08-15,Friday,00:00,Metro Central Hub,120,14,106,293,No,No,106
2026-08-15,Friday,00:30,Metro Central Hub,120,19,101,299,No,No,103
2026-08-15,Friday,01:00,Metro Central Hub,120,20,100,288,No,No,102
2026-08-15,Friday,01:30,Metro Central Hub,120,21,99,311,No,No,103
2026-08-15,Friday,02:00,Metro Central Hub,120,20,100,304,No,No,99
2026-08-15,Friday,02:30,Metro Central Hub,120,26,94,307,No,No,95
2026-08-15,Friday,03:00,Metro Central Hub,120,20,100,287,No,No,94
2026-08-15,Friday,03:30,Metro Central Hub,120,20,100,287,No,No,93
2026-08-15,Friday,04:00,Metro Central Hub,120,29,91,294,No,No,101
2026-08-15,Friday,04:30,Metro Central Hub,120,23,97,290,No,No,94
2026-08-15,Friday,05:00,Metro Central Hub,120,23,97,300,No,No,98
2026-08-15,Friday,05:30,Metro Central Hub,120,28,92,315,No,No,97
2026-08-15,Saturday,06:00,Metro Central Hub,120,30,90,302,No,No,94
2026-08-15,Saturday,06:30,Metro Central Hub,120,25,95,298,No,No,92
2026-08-15,Saturday,07:00,Metro Central Hub,120,23,97,294,No,No,98
2026-08-15,Saturday,07:30,Metro Central Hub,120,24,96,310,No,No,89
2026-08-15,Saturday,08:00,Metro Central Hub,120,25,95,305,No,No,93
2026-08-15,Saturday,08:30,Metro Central Hub,120,28,92,305,No,No,95
2026-08-15,Saturday,09:00,Metro Central Hub,120,28,92,303,No,No,94
2026-08-15,Saturday,09:30,Metro Central Hub,120,25,95,302,No,No,96
2026-08-15,Saturday,10:00,Metro Central Hub,120,29,91,289,No,No,97
2026-08-15,Saturday,10:30,Metro Central Hub,120,22,98,310,No,No,96
2026-08-15,Saturday,11:00,Metro Central Hub,120,27,93,294,No,No,101
2026-08-15,Saturday,11:30,Metro Central Hub,120,21,99,296,No,No,93
2026-08-15,Saturday,12:00,Metro Central Hub,120,27,93,304,No,No,96
2026-08-15,Saturday,12:30,Metro Central Hub,120,19,101,294,No,No,102
2026-08-15,Saturday,13:00,Metro Central Hub,120,22,98,307,No,No,99
2026-08-15,Saturday,13:30,Metro Central Hub,120,16,104,289,No,No,105
2026-08-15,Saturday,14:00,Metro Central Hub,120,19,101,295,No,No,103
2026-08-15,Saturday,14:30,Metro Central Hub,120,14,106,296,No,No,103
2026-08-15,Saturday,15:00,Metro Central Hub,120,18,102,286,No,No,100
2026-08-15,Saturday,15:30,Metro Central Hub,120,14,106,289,No,No,106
2026-08-15,Saturday,16:00,Metro Central Hub,120,14,106,290,No,No,111
2026-08-15,Saturday,16:30,Metro Central Hub,120,12,108,285,No,No,108
2026-08-15,Saturday,17:00,Metro Central Hub,120,16,104,289,No,No,105
2026-08-15,Saturday,17:30,Metro Central Hub,120,5,115,289,No,No,108
2026-08-15,Saturday,18:00,Metro Central Hub,120,7,113,301,No,No,110
2026-08-15,Saturday,18:30,Metro Central Hub,120,12,108,300,No,No,108
2026-08-15,Saturday,19:00,Metro Central Hub,120,12,108,309,No,No,113
2026-08-15,Saturday,19:30,Metro Central Hub,120,9,111,289,No,No,112
2026-08-15,Saturday,20:00,Metro Central Hub,120,5,115,314,No,No,113
2026-08-15,Saturday,20:30,Metro Central Hub,120,4,116,308,No,No,118
2026-08-15,Saturday,21:00,Metro Central Hub,120,4,116,306,No,No,118
2026-08-15,Saturday,21:30,Metro Central Hub,120,5,115,297,No,No,118
2026-08-15,Saturday,22:00,Metro Central Hub,120,2,118,296,No,No,118
2026-08-15,Saturday,22:30,Metro Central Hub,120,2,118,305,No,No,117
2026-08-15,Saturday,23:00,Metro Central Hub,120,7,113,310,No,No,118
2026-08-15,Saturday,23:30,Metro Central Hub,120,2,118,285,No,No,114
2026-08-16,Saturday,00:00,Metro Central Hub,120,16,104,306,No,No,109
2026-08-16,Saturday,00:30,Metro Central Hub,120,15,105,301,No,No,104
2026-08-16,Saturday,01:00,Metro Central Hub,120,18,102,304,No,No,98
2026-08-16,Saturday,01:30,Metro Central Hub,120,20,100,314,No,No,102
2026-08-16,Saturday,02:00,Metro Central Hub,120,22,98,307,No,No,101
2026-08-16,Saturday,02:30,Metro Central Hub,120,15,105,296,No,No,101
2026-08-16,Saturday,03:00,Metro Central Hub,120,26,94,294,No,No,95
2026-08-16,Saturday,03:30,Metro Central Hub,120,19,101,287,No,No,94
2026-08-16,Saturday,04:00,Metro Central Hub,120,28,92,308,No,No,94
2026-08-16,Saturday,04:30,Metro Central Hub,120,21,99,294,No,No,94
2026-08-16,Saturday,05:00,Metro Central Hub,120,24,96,313,No,No,91
2026-08-16,Saturday,05:30,Metro Central Hub,120,28,92,289,No,No,94
2026-08-16,Sunday,06:00,Metro Central Hub,120,62,58,294,Yes,Yes,57
2026-08-16,Sunday,06:30,Metro Central Hub,120,59,61,315,Yes,Yes,68
2026-08-16,Sunday,07:00,Metro Central Hub,120,58,62,293,Yes,Yes,54
2026-08-16,Sunday,07:30,Metro Central Hub,120,57,63,289,Yes,Yes,64
2026-08-16,Sunday,08:00,Metro Central Hub,120,68,52,311,Yes,Yes,64
2026-08-16,Sunday,08:30,Metro Central Hub,120,57,63,299,Yes,Yes,69
2026-08-16,Sunday,09:00,Metro Central Hub,120,65,55,305,Yes,Yes,55
2026-08-16,Sunday,09:30,Metro Central Hub,120,57,63,298,Yes,Yes,63
2026-08-16,Sunday,10:00,Metro Central Hub,120,59,61,309,Yes,Yes,67
2026-08-16,Sunday,10:30,Metro Central Hub,120,57,63,303,Yes,Yes,65
2026-08-16,Sunday,11:00,Metro Central Hub,120,62,58,307,Yes,Yes,64
2026-08-16,Sunday,11:30,Metro Central Hub,120,46,74,293,Yes,Yes,64
2026-08-16,Sunday,12:00,Metro Central Hub,120,49,71,289,Yes,Yes,66
2026-08-16,Sunday,12:30,Metro Central Hub,120,50,70,315,Yes,Yes,61
2026-08-16,Sunday,13:00,Metro Central Hub,120,49,71,301,Yes,Yes,61
2026-08-16,Sunday,13:30,Metro Central Hub,120,57,63,290,Yes,Yes,61
2026-08-16,Sunday,14:00,Metro Central Hub,120,49,71,294,Yes,Yes,71
2026-08-16,Sunday,14:30,Metro Central Hub,120,51,69,296,Yes,Yes,71
2026-08-16,Sunday,15:00,Metro Central Hub,120,52,68,300,Yes,Yes,80
2026-08-16,Sunday,15:30,Metro Central Hub,120,40,80,301,Yes,Yes,65
2026-08-16,Sunday,16:00,Metro Central Hub,120,58,62,311,Yes,Yes,68
2026-08-16,Sunday,16:30,Metro Central Hub,120,38,82,310,Yes,Yes,80
2026-08-16,Sunday,17:00,Metro Central Hub,120,34,86,314,Yes,Yes,76
2026-08-16,Sunday,17:30,Metro Central Hub,120,51,69,299,Yes,Yes,74
2026-08-16,Sunday,18:00,Metro Central Hub,120,41,79,307,Yes,Yes,89
2026-08-16,Sunday,18:30,Metro Central Hub,120,32,88,307,Yes,Yes,90
2026-08-16,Sunday,19:00,Metro Central Hub,120,41,79,287,Yes,Yes,92
2026-08-16,Sunday,19:30,Metro Central Hub,120,39,81,300,Yes,Yes,86
2026-08-16,Sunday,20:00,Metro Central Hub,120,40,80,301,Yes,Yes,79
2026-08-16,Sunday,20:30,Metro Central Hub,120,43,77,294,Yes,Yes,74
2026-08-16,Sunday,21:00,Metro Central Hub,120,36,84,291,Yes,Yes,85
2026-08-16,Sunday,21:30,Metro Central Hub,120,47,73,289,Yes,Yes,77
2026-08-16,Sunday,22:00,Metro Central Hub,120,45,75,290,Yes,Yes,82
2026-08-16,Sunday,22:30,Metro Central Hub,120,29,91,287,Yes,Yes,96
2026-08-16,Sunday,23:00,Metro Central Hub,120,41,79,291,Yes,Yes,85
2026-08-16,Sunday,23:30,Metro Central Hub,120,25,95,308,Yes,Yes,83
2026-08-17,Sunday,00:00,Metro Central Hub,120,48,72,296,Yes,Yes,72
2026-08-17,Sunday,00:30,Metro Central Hub,120,45,75,311,Yes,Yes,78
2026-08-17,Sunday,01:00,Metro Central Hub,120,53,67,288,Yes,Yes,70
2026-08-17,Sunday,01:30,Metro Central Hub,120,58,62,300,Yes,Yes,72
2026-08-17,Sunday,02:00,Metro Central Hub,120,51,69,295,Yes,Yes,66
2026-08-17,Sunday,02:30,Metro Central Hub,120,61,59,306,Yes,Yes,67
2026-08-17,Sunday,03:00,Metro Central Hub,120,56,64,312,Yes,Yes,55
2026-08-17,Sunday,03:30,Metro Central Hub,120,55,65,315,Yes,Yes,55
2026-08-17,Sunday,04:00,Metro Central Hub,120,54,66,288,Yes,Yes,64
2026-08-17,Sunday,04:30,Metro Central Hub,120,56,64,297,Yes,Yes,66
2026-08-17,Sunday,05:00,Metro Central Hub,120,54,66,290,Yes,Yes,64
2026-08-17,Sunday,05:30,Metro Central Hub,120,55,65,297,Yes,Yes,60
2026-08-17,Monday,06:00,Metro Central Hub,120,28,92,303,No,No,90
2026-08-17,Monday,06:30,Metro Central Hub,120,29,91,310,No,No,94
2026-08-17,Monday,07:00,Metro Central Hub,120,32,88,300,No,No,69
2026-08-17,Monday,07:30,Metro Central Hub,120,54,66,300,No,No,54
2026-08-17,Monday,08:00,Metro Central Hub,120,72,48,299,No,No,34
2026-08-17,Monday,08:30,Metro Central Hub,120,91,29,300,No,No,14
2026-08-17,Monday,09:00,Metro Central Hub,120,100,20,285,No,No,17
2026-08-17,Monday,09:30,Metro Central Hub,120,102,18,287,No,No,21
2026-08-17,Monday,10:00,Metro Central Hub,120,103,17,290,No,No,13
2026-08-17,Monday,10:30,Metro Central Hub,120,104,16,289,No,No,12
2026-08-17,Monday,11:00,Metro Central Hub,120,103,17,309,No,No,9
2026-08-17,Monday,11:30,Metro Central Hub,120,109,11,309,No,No,11
2026-08-17,Monday,12:00,Metro Central Hub,120,112,8,294,No,No,9
2026-08-17,Monday,12:30,Metro Central Hub,120,111,9,293,No,No,6
2026-08-17,Monday,13:00,Metro Central Hub,120,112,8,302,No,No,4
2026-08-17,Monday,13:30,Metro Central Hub,120,116,4,286,No,No,5
2026-08-17,Monday,14:00,Metro Central Hub,120,110,10,288,No,No,11
2026-08-17,Monday,14:30,Metro Central Hub,120,110,10,297,No,No,14
2026-08-17,Monday,15:00,Metro Central Hub,120,110,10,290,No,No,8
2026-08-17,Monday,15:30,Metro Central Hub,120,112,8,294,No,No,16
2026-08-17,Monday,16:00,Metro Central Hub,120,103,17,298,No,No,12
2026-08-17,Monday,16:30,Metro Central Hub,120,108,12,300,No,No,15
2026-08-17,Monday,17:00,Metro Central Hub,120,107,13,300,No,No,28
2026-08-17,Monday,17:30,Metro Central Hub,120,83,37,303,No,No,50
2026-08-17,Monday,18:00,Metro Central Hub,120,63,57,290,No,No,69
2026-08-17,Monday,18:30,Metro Central Hub,120,48,72,300,No,No,81
2026-08-17,Monday,19:00,Metro Central Hub,120,36,84,306,No,No,81
2026-08-17,Monday,19:30,Metro Central Hub,120,7,113,295,No,No,108
2026-08-17,Monday,20:00,Metro Central Hub,120,14,106,289,No,No,111
2026-08-17,Monday,20:30,Metro Central Hub,120,11,109,308,No,No,108
2026-08-17,Monday,21:00,Metro Central Hub,120,8,112,305,No,No,115
2026-08-17,Monday,21:30,Metro Central Hub,120,14,106,296,No,No,112
2026-08-17,Monday,22:00,Metro Central Hub,120,10,110,286,No,No,114
2026-08-17,Monday,22:30,Metro Central Hub,120,7,113,305,No,No,115
2026-08-17,Monday,23:00,Metro Central Hub,120,4,116,307,No,No,113
2026-08-17,Monday,23:30,Metro Central Hub,120,5,115,295,No,No,111
2026-08-18,Monday,00:00,Metro Central Hub,120,18,102,286,No,No,98
2026-08-18,Monday,00:30,Metro Central Hub,120,19,101,303,No,No,101
2026-08-18,Monday,01:00,Metro Central Hub,120,22,98,285,No,No,99
2026-08-18,Monday,01:30,Metro Central Hub,120,20,100,295,No,No,100
2026-08-18,Monday,02:00,Metro Central Hub,120,18,102,303,No,No,98
2026-08-18,Monday,02:30,Metro Central Hub,120,24,96,307,No,No,98
2026-08-18,Monday,03:00,Metro Central Hub,120,26,94,301,No,No,94
2026-08-18,Monday,03:30,Metro Central Hub,120,25,95,290,No,No,97
2026-08-18,Monday,04:00,Metro Central Hub,120,22,98,298,No,No,93
2026-08-18,Monday,04:30,Metro Central Hub,120,21,99,310,No,No,91
2026-08-18,Monday,05:00,Metro Central Hub,120,24,96,291,No,No,98
2026-08-18,Monday,05:30,Metro Central Hub,120,26,94,303,No,No,96
2026-08-18,Tuesday,06:00,Metro Central Hub,120,29,91,287,No,No,92
2026-08-18,Tuesday,06:30,Metro Central Hub,120,26,94,303,No,No,97
2026-08-18,Tuesday,07:00,Metro Central Hub,120,30,90,310,No,No,74
2026-08-18,Tuesday,07:30,Metro Central Hub,120,57,63,296,No,No,50
2026-08-18,Tuesday,08:00,Metro Central Hub,120,76,44,294,No,No,34
2026-08-18,Tuesday,08:30,Metro Central Hub,120,93,27,306,No,No,22
2026-08-18,Tuesday,09:00,Metro Central Hub,120,102,18,297,No,No,12
2026-08-18,Tuesday,09:30,Metro Central Hub,120,105,15,306,No,No,20
2026-08-18,Tuesday,10:00,Metro Central Hub,120,105,15,285,No,No,15
2026-08-18,Tuesday,10:30,Metro Central Hub,120,106,14,290,No,No,16
2026-08-18,Tuesday,11:00,Metro Central Hub,120,111,9,315,No,No,7
2026-08-18,Tuesday,11:30,Metro Central Hub,120,113,7,293,No,No,10
2026-08-18,Tuesday,12:00,Metro Central Hub,120,113,7,304,No,No,5
2026-08-18,Tuesday,12:30,Metro Central Hub,120,112,8,314,No,No,7
2026-08-18,Tuesday,13:00,Metro Central Hub,120,109,11,301,No,No,9
2026-08-18,Tuesday,13:30,Metro Central Hub,120,108,12,292,No,No,7
2026-08-18,Tuesday,14:00,Metro Central Hub,120,115,5,294,No,No,10
2026-08-18,Tuesday,14:30,Metro Central Hub,120,114,6,312,No,No,14
2026-08-18,Tuesday,15:00,Metro Central Hub,120,113,7,291,No,No,13
2026-08-18,Tuesday,15:30,Metro Central Hub,120,110,10,294,No,No,15
2026-08-18,Tuesday,16:00,Metro Central Hub,120,104,16,304,No,No,17
2026-08-18,Tuesday,16:30,Metro Central Hub,120,102,18,289,No,No,18
2026-08-18,Tuesday,17:00,Metro Central Hub,120,104,16,311,No,No,30
2026-08-18,Tuesday,17:30,Metro Central Hub,120,83,37,298,No,No,47
2026-08-18,Tuesday,18:00,Metro Central Hub,120,60,60,291,No,No,71
2026-08-18,Tuesday,18:30,Metro Central Hub,120,50,70,293,No,No,82
2026-08-18,Tuesday,19:00,Metro Central Hub,120,34,86,302,No,No,83
2026-08-18,Tuesday,19:30,Metro Central Hub,120,14,106,315,No,No,106
2026-08-18,Tuesday,20:00,Metro Central Hub,120,14,106,286,No,No,114
2026-08-18,Tuesday,20:30,Metro Central Hub,120,8,112,304,No,No,114
2026-08-18,Tuesday,21:00,Metro Central Hub,120,9,111,315,No,No,112
2026-08-18,Tuesday,21:30,Metro Central Hub,120,13,107,306,No,No,112
2026-08-18,Tuesday,22:00,Metro Central Hub,120,11,109,311,No,No,115
2026-08-18,Tuesday,22:30,Metro Central Hub,120,9,111,288,No,No,111
2026-08-18,Tuesday,23:00,Metro Central Hub,120,9,111,288,No,No,108
2026-08-18,Tuesday,23:30,Metro Central Hub,120,11,109,315,No,No,111
2026-08-19,Tuesday,00:00,Metro Central Hub,120,22,98,300,No,No,104
2026-08-19,Tuesday,00:30,Metro Central Hub,120,22,98,288,No,No,102
2026-08-19,Tuesday,01:00,Metro Central Hub,120,21,99,311,No,No,101
2026-08-19,Tuesday,01:30,Metro Central Hub,120,23,97,308,No,No,94
2026-08-19,Tuesday,02:00,Metro Central Hub,120,18,102,291,No,No,101
2026-08-19,Tuesday,02:30,Metro Central Hub,120,22,98,293,No,No,99
2026-08-19,Tuesday,03:00,Metro Central Hub,120,19,101,303,No,No,96
2026-08-19,Tuesday,03:30,Metro Central Hub,120,28,92,307,No,No,97
2026-08-19,Tuesday,04:00,Metro Central Hub,120,25,95,298,No,No,97
2026-08-19,Tuesday,04:30,Metro Central Hub,120,29,91,293,No,No,90
2026-08-19,Tuesday,05:00,Metro Central Hub,120,26,94,296,No,No,95
2026-08-19,Tuesday,05:30,Metro Central Hub,120,22,98,294,No,No,89
2026-08-19,Wednesday,06:00,Metro Central Hub,120,29,91,311,No,No,90
2026-08-19,Wednesday,06:30,Metro Central Hub,120,29,91,286,No,No,90
2026-08-19,Wednesday,07:00,Metro Central Hub,120,28,92,292,No,No,75
2026-08-19,Wednesday,07:30,Metro Central Hub,120,59,61,305,No,No,52
2026-08-19,Wednesday,08:00,Metro Central Hub,120,78,42,310,No,No,32
2026-08-19,Wednesday,08:30,Metro Central Hub,120,97,23,292,No,No,20
2026-08-19,Wednesday,09:00,Metro Central Hub,120,109,11,314,No,No,8
2026-08-19,Wednesday,09:30,Metro Central Hub,120,100,20,314,No,No,21
2026-08-19,Wednesday,10:00,Metro Central Hub,120,106,14,311,No,No,17
2026-08-19,Wednesday,10:30,Metro Central Hub,120,109,11,312,No,No,9
2026-08-19,Wednesday,11:00,Metro Central Hub,120,106,14,305,No,No,9
2026-08-19,Wednesday,11:30,Metro Central Hub,120,108,12,305,No,No,15
2026-08-19,Wednesday,12:00,Metro Central Hub,120,106,14,312,No,No,7
2026-08-19,Wednesday,12:30,Metro Central Hub,120,111,9,300,No,No,10
2026-08-19,Wednesday,13:00,Metro Central Hub,120,110,10,311,No,No,9
2026-08-19,Wednesday,13:30,Metro Central Hub,120,115,5,314,No,No,5
2026-08-19,Wednesday,14:00,Metro Central Hub,120,109,11,307,No,No,13
2026-08-19,Wednesday,14:30,Metro Central Hub,120,112,8,298,No,No,7
2026-08-19,Wednesday,15:00,Metro Central Hub,120,108,12,308,No,No,9
2026-08-19,Wednesday,15:30,Metro Central Hub,120,104,16,309,No,No,11
2026-08-19,Wednesday,16:00,Metro Central Hub,120,106,14,305,No,No,13
2026-08-19,Wednesday,16:30,Metro Central Hub,120,104,16,285,No,No,15
2026-08-19,Wednesday,17:00,Metro Central Hub,120,106,14,295,No,No,33
2026-08-19,Wednesday,17:30,Metro Central Hub,120,84,36,292,No,No,46
2026-08-19,Wednesday,18:00,Metro Central Hub,120,65,55,311,No,No,71
2026-08-19,Wednesday,18:30,Metro Central Hub,120,49,71,304,No,No,77
2026-08-19,Wednesday,19:00,Metro Central Hub,120,37,83,295,No,No,82
2026-08-19,Wednesday,19:30,Metro Central Hub,120,9,111,289,No,No,107
2026-08-19,Wednesday,20:00,Metro Central Hub,120,9,111,311,No,No,112
2026-08-19,Wednesday,20:30,Metro Central Hub,120,9,111,287,No,No,113
2026-08-19,Wednesday,21:00,Metro Central Hub,120,8,112,313,No,No,107
2026-08-19,Wednesday,21:30,Metro Central Hub,120,7,113,303,No,No,107
2026-08-19,Wednesday,22:00,Metro Central Hub,120,9,111,314,No,No,110
2026-08-19,Wednesday,22:30,Metro Central Hub,120,13,107,292,No,No,107
2026-08-19,Wednesday,23:00,Metro Central Hub,120,6,114,291,No,No,108
2026-08-19,Wednesday,23:30,Metro Central Hub,120,7,113,286,No,No,112
2026-08-20,Wednesday,00:00,Metro Central Hub,120,15,105,293,No,No,97
2026-08-20,Wednesday,00:30,Metro Central Hub,120,23,97,290,No,No,104
2026-08-20,Wednesday,01:00,Metro Central Hub,120,20,100,307,No,No,97
2026-08-20,Wednesday,01:30,Metro Central Hub,120,20,100,314,No,No,97
2026-08-20,Wednesday,02:00,Metro Central Hub,120,19,101,288,No,No,101
2026-08-20,Wednesday,02:30,Metro Central Hub,120,26,94,315,No,No,94
2026-08-20,Wednesday,03:00,Metro Central Hub,120,26,94,294,No,No,97
2026-08-20,Wednesday,03:30,Metro Central Hub,120,28,92,298,No,No,94
2026-08-20,Wednesday,04:00,Metro Central Hub,120,23,97,311,No,No,93
2026-08-20,Wednesday,04:30,Metro Central Hub,120,22,98,298,No,No,91
2026-08-20,Wednesday,05:00,Metro Central Hub,120,24,96,285,No,No,96
2026-08-20,Wednesday,05:30,Metro Central Hub,120,26,94,304,No,No,96
2026-08-20,Thursday,06:00,Metro Central Hub,120,27,93,305,No,No,98
2026-08-20,Thursday,06:30,Metro Central Hub,120,31,89,289,No,No,88
2026-08-20,Thursday,07:00,Metro Central Hub,120,32,88,297,No,No,72
2026-08-20,Thursday,07:30,Metro Central Hub,120,53,67,307,No,No,50
2026-08-20,Thursday,08:00,Metro Central Hub,120,72,48,287,No,No,36
2026-08-20,Thursday,08:30,Metro Central Hub,120,97,23,295,No,No,19
2026-08-20,Thursday,09:00,Metro Central Hub,120,109,11,296,No,No,8
2026-08-20,Thursday,09:30,Metro Central Hub,120,105,15,315,No,No,15
2026-08-20,Thursday,10:00,Metro Central Hub,120,100,20,310,No,No,17
2026-08-20,Thursday,10:30,Metro Central Hub,120,105,15,304,No,No,9
2026-08-20,Thursday,11:00,Metro Central Hub,120,106,14,306,No,No,7
2026-08-20,Thursday,11:30,Metro Central Hub,120,104,16,302,No,No,13
2026-08-20,Thursday,12:00,Metro Central Hub,120,110,10,290,No,No,5
2026-08-20,Thursday,12:30,Metro Central Hub,120,111,9,313,No,No,13
2026-08-20,Thursday,13:00,Metro Central Hub,120,112,8,307,No,No,12
2026-08-20,Thursday,13:30,Metro Central Hub,120,110,10,288,No,No,4
2026-08-20,Thursday,14:00,Metro Central Hub,120,115,5,300,No,No,6
2026-08-20,Thursday,14:30,Metro Central Hub,120,109,11,308,No,No,11
2026-08-20,Thursday,15:00,Metro Central Hub,120,113,7,313,No,No,10
2026-08-20,Thursday,15:30,Metro Central Hub,120,113,7,309,No,No,12
2026-08-20,Thursday,16:00,Metro Central Hub,120,111,9,298,No,No,16
2026-08-20,Thursday,16:30,Metro Central Hub,120,108,12,300,No,No,19
2026-08-20,Thursday,17:00,Metro Central Hub,120,110,10,312,No,No,28
2026-08-20,Thursday,17:30,Metro Central Hub,120,79,41,299,No,No,54
2026-08-20,Thursday,18:00,Metro Central Hub,120,60,60,292,No,No,68
2026-08-20,Thursday,18:30,Metro Central Hub,120,49,71,290,No,No,81
2026-08-20,Thursday,19:00,Metro Central Hub,120,41,79,313,No,No,90
2026-08-20,Thursday,19:30,Metro Central Hub,120,16,104,296,No,No,108
2026-08-20,Thursday,20:00,Metro Central Hub,120,11,109,299,No,No,106
2026-08-20,Thursday,20:30,Metro Central Hub,120,7,113,312,No,No,112
2026-08-20,Thursday,21:00,Metro Central Hub,120,13,107,291,No,No,114
2026-08-20,Thursday,21:30,Metro Central Hub,120,12,108,290,No,No,108
2026-08-20,Thursday,22:00,Metro Central Hub,120,13,107,303,No,No,110
2026-08-20,Thursday,22:30,Metro Central Hub,120,13,107,303,No,No,116
2026-08-20,Thursday,23:00,Metro Central Hub,120,9,111,309,No,No,112
2026-08-20,Thursday,23:30,Metro Central Hub,120,6,114,287,No,No,112
2026-08-21,Thursday,00:00,Metro Central Hub,120,22,98,288,No,No,106
2026-08-21,Thursday,00:30,Metro Central Hub,120,24,96,306,No,No,104
2026-08-21,Thursday,01:00,Metro Central Hub,120,21,99,296,No,No,95
2026-08-21,Thursday,01:30,Metro Central Hub,120,19,101,311,No,No,103
2026-08-21,Thursday,02:00,Metro Central Hub,120,25,95,299,No,No,96
2026-08-21,Thursday,02:30,Metro Central Hub,120,24,96,299,No,No,99
2026-08-21,Thursday,03:00,Metro Central Hub,120,19,101,306,No,No,92
2026-08-21,Thursday,03:30,Metro Central Hub,120,25,95,305,No,No,96
2026-08-21,Thursday,04:00,Metro Central Hub,120,27,93,315,No,No,92
2026-08-21,Thursday,04:30,Metro Central Hub,120,28,92,315,No,No,98
2026-08-21,Thursday,05:00,Metro Central Hub,120,22,98,312,No,No,92
2026-08-21,Thursday,05:30,Metro Central Hub,120,29,91,295,No,No,91
2026-08-01,Saturday,06:00,Harbor View Mall,80,14,66,94,No,No,64
2026-08-01,Saturday,06:30,Harbor View Mall,80,12,68,102,No,No,67
2026-08-01,Saturday,07:00,Harbor View Mall,80,16,64,87,No,No,65
2026-08-01,Saturday,07:30,Harbor View Mall,80,20,60,90,No,No,58
2026-08-01,Saturday,08:00,Harbor View Mall,80,14,66,94,No,No,61
2026-08-01,Saturday,08:30,Harbor View Mall,80,15,65,90,No,No,65
2026-08-01,Saturday,09:00,Harbor View Mall,80,20,60,77,No,No,64
2026-08-01,Saturday,09:30,Harbor View Mall,80,13,67,88,No,No,59
2026-08-01,Saturday,10:00,Harbor View Mall,80,15,65,95,No,No,63
2026-08-01,Saturday,10:30,Harbor View Mall,80,12,68,91,No,No,65
2026-08-01,Saturday,11:00,Harbor View Mall,80,42,38,84,No,No,35
2026-08-01,Saturday,11:30,Harbor View Mall,80,48,32,103,No,No,29
2026-08-01,Saturday,12:00,Harbor View Mall,80,53,27,88,No,No,26
2026-08-01,Saturday,12:30,Harbor View Mall,80,61,19,77,No,No,18
2026-08-01,Saturday,13:00,Harbor View Mall,80,62,18,91,No,No,17
2026-08-01,Saturday,13:30,Harbor View Mall,80,68,12,96,No,No,9
2026-08-01,Saturday,14:00,Harbor View Mall,80,68,12,86,No,No,11
2026-08-01,Saturday,14:30,Harbor View Mall,80,69,11,91,No,No,5
2026-08-01,Saturday,15:00,Harbor View Mall,80,72,8,89,No,No,7
2026-08-01,Saturday,15:30,Harbor View Mall,80,73,7,87,No,No,5
2026-08-01,Saturday,16:00,Harbor View Mall,80,75,5,97,No,No,4
2026-08-01,Saturday,16:30,Harbor View Mall,80,77,3,89,No,No,5
2026-08-01,Saturday,17:00,Harbor View Mall,80,73,7,100,No,No,4
2026-08-01,Saturday,17:30,Harbor View Mall,80,74,6,102,No,No,11
2026-08-01,Saturday,18:00,Harbor View Mall,80,71,9,77,No,No,12
2026-08-01,Saturday,18:30,Harbor View Mall,80,68,12,102,No,No,16
2026-08-01,Saturday,19:00,Harbor View Mall,80,60,20,75,No,No,22
2026-08-01,Saturday,19:30,Harbor View Mall,80,60,20,80,No,No,25
2026-08-01,Saturday,20:00,Harbor View Mall,80,56,24,87,No,No,26
2026-08-01,Saturday,20:30,Harbor View Mall,80,50,30,94,No,No,36
2026-08-01,Saturday,21:00,Harbor View Mall,80,19,61,101,No,No,61
2026-08-01,Saturday,21:30,Harbor View Mall,80,16,64,87,No,No,69
2026-08-01,Saturday,22:00,Harbor View Mall,80,15,65,101,No,No,63
2026-08-01,Saturday,22:30,Harbor View Mall,80,12,68,95,No,No,59
2026-08-01,Saturday,23:00,Harbor View Mall,80,12,68,92,No,No,64
2026-08-01,Saturday,23:30,Harbor View Mall,80,16,64,75,No,No,62
2026-08-02,Saturday,00:00,Harbor View Mall,80,18,62,90,No,No,65
2026-08-02,Saturday,00:30,Harbor View Mall,80,18,62,93,No,No,68
2026-08-02,Saturday,01:00,Harbor View Mall,80,21,59,102,No,No,60
2026-08-02,Saturday,01:30,Harbor View Mall,80,21,59,94,No,No,68
2026-08-02,Saturday,02:00,Harbor View Mall,80,17,63,91,No,No,61
2026-08-02,Saturday,02:30,Harbor View Mall,80,11,69,90,No,No,67
2026-08-02,Saturday,03:00,Harbor View Mall,80,15,65,92,No,No,65
2026-08-02,Saturday,03:30,Harbor View Mall,80,18,62,90,No,No,65
2026-08-02,Saturday,04:00,Harbor View Mall,80,12,68,80,No,No,67
2026-08-02,Saturday,04:30,Harbor View Mall,80,18,62,82,No,No,58
2026-08-02,Saturday,05:00,Harbor View Mall,80,15,65,97,No,No,64
2026-08-02,Saturday,05:30,Harbor View Mall,80,18,62,105,No,No,64
2026-08-02,Sunday,06:00,Harbor View Mall,80,11,69,102,No,No,65
2026-08-02,Sunday,06:30,Harbor View Mall,80,11,69,90,No,No,66
2026-08-02,Sunday,07:00,Harbor View Mall,80,20,60,88,No,No,66
2026-08-02,Sunday,07:30,Harbor View Mall,80,13,67,75,No,No,65
2026-08-02,Sunday,08:00,Harbor View Mall,80,16,64,102,No,No,68
2026-08-02,Sunday,08:30,Harbor View Mall,80,14,66,94,No,No,61
2026-08-02,Sunday,09:00,Harbor View Mall,80,12,68,100,No,No,62
2026-08-02,Sunday,09:30,Harbor View Mall,80,21,59,79,No,No,66
2026-08-02,Sunday,10:00,Harbor View Mall,80,19,61,76,No,No,62
2026-08-02,Sunday,10:30,Harbor View Mall,80,22,58,78,No,No,61
2026-08-02,Sunday,11:00,Harbor View Mall,80,46,34,78,No,No,36
2026-08-02,Sunday,11:30,Harbor View Mall,80,47,33,78,No,No,30
2026-08-02,Sunday,12:00,Harbor View Mall,80,57,23,81,No,No,25
2026-08-02,Sunday,12:30,Harbor View Mall,80,60,20,84,No,No,17
2026-08-02,Sunday,13:00,Harbor View Mall,80,64,16,90,No,No,17
2026-08-02,Sunday,13:30,Harbor View Mall,80,66,14,95,No,No,9
2026-08-02,Sunday,14:00,Harbor View Mall,80,72,8,78,No,No,9
2026-08-02,Sunday,14:30,Harbor View Mall,80,74,6,88,No,No,9
2026-08-02,Sunday,15:00,Harbor View Mall,80,76,4,101,No,No,6
2026-08-02,Sunday,15:30,Harbor View Mall,80,74,6,91,No,No,6
2026-08-02,Sunday,16:00,Harbor View Mall,80,78,2,97,No,No,5
2026-08-02,Sunday,16:30,Harbor View Mall,80,74,6,96,No,No,3
2026-08-02,Sunday,17:00,Harbor View Mall,80,74,6,91,No,No,9
2026-08-02,Sunday,17:30,Harbor View Mall,80,72,8,100,No,No,6
2026-08-02,Sunday,18:00,Harbor View Mall,80,70,10,103,No,No,10
2026-08-02,Sunday,18:30,Harbor View Mall,80,68,12,100,No,No,13
2026-08-02,Sunday,19:00,Harbor View Mall,80,61,19,89,No,No,23
2026-08-02,Sunday,19:30,Harbor View Mall,80,59,21,100,No,No,27
2026-08-02,Sunday,20:00,Harbor View Mall,80,53,27,85,No,No,26
2026-08-02,Sunday,20:30,Harbor View Mall,80,49,31,80,No,No,35
2026-08-02,Sunday,21:00,Harbor View Mall,80,18,62,76,No,No,64
2026-08-02,Sunday,21:30,Harbor View Mall,80,22,58,95,No,No,58
2026-08-02,Sunday,22:00,Harbor View Mall,80,16,64,88,No,No,65
2026-08-02,Sunday,22:30,Harbor View Mall,80,14,66,98,No,No,59
2026-08-02,Sunday,23:00,Harbor View Mall,80,21,59,94,No,No,66
2026-08-02,Sunday,23:30,Harbor View Mall,80,18,62,92,No,No,65
2026-08-03,Sunday,00:00,Harbor View Mall,80,18,62,100,No,No,72
2026-08-03,Sunday,00:30,Harbor View Mall,80,16,64,76,No,No,67
2026-08-03,Sunday,01:00,Harbor View Mall,80,19,61,91,No,No,71
2026-08-03,Sunday,01:30,Harbor View Mall,80,16,64,91,No,No,69
2026-08-03,Sunday,02:00,Harbor View Mall,80,15,65,92,No,No,67
2026-08-03,Sunday,02:30,Harbor View Mall,80,10,70,91,No,No,70
2026-08-03,Sunday,03:00,Harbor View Mall,80,15,65,86,No,No,69
2026-08-03,Sunday,03:30,Harbor View Mall,80,18,62,93,No,No,66
2026-08-03,Sunday,04:00,Harbor View Mall,80,19,61,93,No,No,69
2026-08-03,Sunday,04:30,Harbor View Mall,80,13,67,94,No,No,67
2026-08-03,Sunday,05:00,Harbor View Mall,80,19,61,93,No,No,72
2026-08-03,Sunday,05:30,Harbor View Mall,80,14,66,85,No,No,69
2026-08-03,Monday,06:00,Harbor View Mall,80,25,55,88,Yes,No,47
2026-08-03,Monday,06:30,Harbor View Mall,80,32,48,86,Yes,No,42
2026-08-03,Monday,07:00,Harbor View Mall,80,34,46,95,Yes,No,40
2026-08-03,Monday,07:30,Harbor View Mall,80,32,48,79,Yes,No,46
2026-08-03,Monday,08:00,Harbor View Mall,80,32,48,97,Yes,No,45
2026-08-03,Monday,08:30,Harbor View Mall,80,28,52,94,Yes,No,51
2026-08-03,Monday,09:00,Harbor View Mall,80,32,48,84,Yes,No,51
2026-08-03,Monday,09:30,Harbor View Mall,80,30,50,76,Yes,No,50
2026-08-03,Monday,10:00,Harbor View Mall,80,55,25,92,Yes,No,23
2026-08-03,Monday,10:30,Harbor View Mall,80,58,22,93,Yes,No,17
2026-08-03,Monday,11:00,Harbor View Mall,80,67,13,101,Yes,No,13
2026-08-03,Monday,11:30,Harbor View Mall,80,69,11,89,Yes,No,8
2026-08-03,Monday,12:00,Harbor View Mall,80,75,5,94,Yes,No,8
2026-08-03,Monday,12:30,Harbor View Mall,80,73,7,92,Yes,No,3
2026-08-03,Monday,13:00,Harbor View Mall,80,78,2,77,Yes,No,2
2026-08-03,Monday,13:30,Harbor View Mall,80,78,2,97,Yes,No,4
2026-08-03,Monday,14:00,Harbor View Mall,80,78,2,105,Yes,No,2
2026-08-03,Monday,14:30,Harbor View Mall,80,78,2,81,Yes,No,2
2026-08-03,Monday,15:00,Harbor View Mall,80,75,5,92,Yes,No,3
2026-08-03,Monday,15:30,Harbor View Mall,80,78,2,97,Yes,No,2
2026-08-03,Monday,16:00,Harbor View Mall,80,75,5,85,Yes,No,5
2026-08-03,Monday,16:30,Harbor View Mall,80,75,5,88,Yes,No,2
2026-08-03,Monday,17:00,Harbor View Mall,80,76,4,77,Yes,No,4
2026-08-03,Monday,17:30,Harbor View Mall,80,76,4,83,Yes,No,2
2026-08-03,Monday,18:00,Harbor View Mall,80,77,3,76,Yes,No,10
2026-08-03,Monday,18:30,Harbor View Mall,80,70,10,87,Yes,No,3
2026-08-03,Monday,19:00,Harbor View Mall,80,75,5,105,Yes,No,11
2026-08-03,Monday,19:30,Harbor View Mall,80,66,14,93,Yes,No,11
2026-08-03,Monday,20:00,Harbor View Mall,80,59,21,83,Yes,No,20
2026-08-03,Monday,20:30,Harbor View Mall,80,63,17,88,Yes,No,30
2026-08-03,Monday,21:00,Harbor View Mall,80,30,50,93,Yes,No,50
2026-08-03,Monday,21:30,Harbor View Mall,80,35,45,77,Yes,No,51
2026-08-03,Monday,22:00,Harbor View Mall,80,34,46,82,Yes,No,54
2026-08-03,Monday,22:30,Harbor View Mall,80,32,48,101,Yes,No,46
2026-08-03,Monday,23:00,Harbor View Mall,80,31,49,83,Yes,No,46
2026-08-03,Monday,23:30,Harbor View Mall,80,28,52,76,Yes,No,45
2026-08-04,Monday,00:00,Harbor View Mall,80,29,51,98,Yes,No,43
2026-08-04,Monday,00:30,Harbor View Mall,80,38,42,96,Yes,No,49
2026-08-04,Monday,01:00,Harbor View Mall,80,32,48,85,Yes,No,47
2026-08-04,Monday,01:30,Harbor View Mall,80,23,57,75,Yes,No,47
2026-08-04,Monday,02:00,Harbor View Mall,80,35,45,90,Yes,No,55
2026-08-04,Monday,02:30,Harbor View Mall,80,30,50,101,Yes,No,47
2026-08-04,Monday,03:00,Harbor View Mall,80,35,45,87,Yes,No,48
2026-08-04,Monday,03:30,Harbor View Mall,80,35,45,89,Yes,No,47
2026-08-04,Monday,04:00,Harbor View Mall,80,31,49,101,Yes,No,50
2026-08-04,Monday,04:30,Harbor View Mall,80,35,45,83,Yes,No,43
2026-08-04,Monday,05:00,Harbor View Mall,80,34,46,78,Yes,No,45
2026-08-04,Monday,05:30,Harbor View Mall,80,29,51,96,Yes,No,49
2026-08-04,Tuesday,06:00,Harbor View Mall,80,12,68,103,No,No,70
2026-08-04,Tuesday,06:30,Harbor View Mall,80,11,69,97,No,No,67
2026-08-04,Tuesday,07:00,Harbor View Mall,80,13,67,75,No,No,71
2026-08-04,Tuesday,07:30,Harbor View Mall,80,11,69,105,No,No,73
2026-08-04,Tuesday,08:00,Harbor View Mall,80,9,71,91,No,No,67
2026-08-04,Tuesday,08:30,Harbor View Mall,80,11,69,82,No,No,71
2026-08-04,Tuesday,09:00,Harbor View Mall,80,6,74,87,No,No,73
2026-08-04,Tuesday,09:30,Harbor View Mall,80,10,70,98,No,No,66
2026-08-04,Tuesday,10:00,Harbor View Mall,80,30,50,81,No,No,46
2026-08-04,Tuesday,10:30,Harbor View Mall,80,38,42,95,No,No,43
2026-08-04,Tuesday,11:00,Harbor View Mall,80,44,36,88,No,No,34
2026-08-04,Tuesday,11:30,Harbor View Mall,80,50,30,95,No,No,28
2026-08-04,Tuesday,12:00,Harbor View Mall,80,49,31,82,No,No,27
2026-08-04,Tuesday,12:30,Harbor View Mall,80,58,22,85,No,No,20
2026-08-04,Tuesday,13:00,Harbor View Mall,80,61,19,91,No,No,16
2026-08-04,Tuesday,13:30,Harbor View Mall,80,63,17,99,No,No,16
2026-08-04,Tuesday,14:00,Harbor View Mall,80,66,14,78,No,No,13
2026-08-04,Tuesday,14:30,Harbor View Mall,80,70,10,77,No,No,10
2026-08-04,Tuesday,15:00,Harbor View Mall,80,66,14,87,No,No,10
2026-08-04,Tuesday,15:30,Harbor View Mall,80,70,10,77,No,No,15
2026-08-04,Tuesday,16:00,Harbor View Mall,80,67,13,100,No,No,14
2026-08-04,Tuesday,16:30,Harbor View Mall,80,66,14,95,No,No,17
2026-08-04,Tuesday,17:00,Harbor View Mall,80,65,15,76,No,No,18
2026-08-04,Tuesday,17:30,Harbor View Mall,80,62,18,87,No,No,19
2026-08-04,Tuesday,18:00,Harbor View Mall,80,57,23,88,No,No,23
2026-08-04,Tuesday,18:30,Harbor View Mall,80,56,24,96,No,No,27
2026-08-04,Tuesday,19:00,Harbor View Mall,80,53,27,89,No,No,29
2026-08-04,Tuesday,19:30,Harbor View Mall,80,44,36,94,No,No,35
2026-08-04,Tuesday,20:00,Harbor View Mall,80,44,36,96,No,No,41
2026-08-04,Tuesday,20:30,Harbor View Mall,80,38,42,85,No,No,49
2026-08-04,Tuesday,21:00,Harbor View Mall,80,8,72,75,No,No,71
2026-08-04,Tuesday,21:30,Harbor View Mall,80,9,71,93,No,No,71
2026-08-04,Tuesday,22:00,Harbor View Mall,80,8,72,94,No,No,72
2026-08-04,Tuesday,22:30,Harbor View Mall,80,10,70,84,No,No,70
2026-08-04,Tuesday,23:00,Harbor View Mall,80,13,67,93,No,No,73
2026-08-04,Tuesday,23:30,Harbor View Mall,80,12,68,85,No,No,69
2026-08-05,Tuesday,00:00,Harbor View Mall,80,8,72,79,No,No,66
2026-08-05,Tuesday,00:30,Harbor View Mall,80,12,68,88,No,No,71
2026-08-05,Tuesday,01:00,Harbor View Mall,80,10,70,77,No,No,66
2026-08-05,Tuesday,01:30,Harbor View Mall,80,13,67,94,No,No,71
2026-08-05,Tuesday,02:00,Harbor View Mall,80,8,72,84,No,No,68
2026-08-05,Tuesday,02:30,Harbor View Mall,80,13,67,76,No,No,68
2026-08-05,Tuesday,03:00,Harbor View Mall,80,9,71,89,No,No,66
2026-08-05,Tuesday,03:30,Harbor View Mall,80,10,70,85,No,No,68
2026-08-05,Tuesday,04:00,Harbor View Mall,80,7,73,75,No,No,74
2026-08-05,Tuesday,04:30,Harbor View Mall,80,11,69,84,No,No,69
2026-08-05,Tuesday,05:00,Harbor View Mall,80,7,73,75,No,No,73
2026-08-05,Tuesday,05:30,Harbor View Mall,80,10,70,80,No,No,74
2026-08-05,Wednesday,06:00,Harbor View Mall,80,11,69,104,No,No,70
2026-08-05,Wednesday,06:30,Harbor View Mall,80,11,69,103,No,No,72
2026-08-05,Wednesday,07:00,Harbor View Mall,80,7,73,100,No,No,68
2026-08-05,Wednesday,07:30,Harbor View Mall,80,14,66,94,No,No,74
2026-08-05,Wednesday,08:00,Harbor View Mall,80,7,73,104,No,No,69
2026-08-05,Wednesday,08:30,Harbor View Mall,80,13,67,85,No,No,74
2026-08-05,Wednesday,09:00,Harbor View Mall,80,13,67,94,No,No,73
2026-08-05,Wednesday,09:30,Harbor View Mall,80,10,70,82,No,No,66
2026-08-05,Wednesday,10:00,Harbor View Mall,80,33,47,105,No,No,45
2026-08-05,Wednesday,10:30,Harbor View Mall,80,34,46,98,No,No,40
2026-08-05,Wednesday,11:00,Harbor View Mall,80,43,37,96,No,No,37
2026-08-05,Wednesday,11:30,Harbor View Mall,80,49,31,87,No,No,29
2026-08-05,Wednesday,12:00,Harbor View Mall,80,51,29,91,No,No,26
2026-08-05,Wednesday,12:30,Harbor View Mall,80,54,26,80,No,No,23
2026-08-05,Wednesday,13:00,Harbor View Mall,80,59,21,97,No,No,16
2026-08-05,Wednesday,13:30,Harbor View Mall,80,61,19,90,No,No,17
2026-08-05,Wednesday,14:00,Harbor View Mall,80,67,13,104,No,No,13
2026-08-05,Wednesday,14:30,Harbor View Mall,80,65,15,81,No,No,15
2026-08-05,Wednesday,15:00,Harbor View Mall,80,66,14,102,No,No,14
2026-08-05,Wednesday,15:30,Harbor View Mall,80,70,10,88,No,No,12
2026-08-05,Wednesday,16:00,Harbor View Mall,80,70,10,104,No,No,15
2026-08-05,Wednesday,16:30,Harbor View Mall,80,64,16,77,No,No,17
2026-08-05,Wednesday,17:00,Harbor View Mall,80,65,15,89,No,No,19
2026-08-05,Wednesday,17:30,Harbor View Mall,80,62,18,76,No,No,19
2026-08-05,Wednesday,18:00,Harbor View Mall,80,59,21,88,No,No,24
2026-08-05,Wednesday,18:30,Harbor View Mall,80,58,22,86,No,No,28
2026-08-05,Wednesday,19:00,Harbor View Mall,80,48,32,87,No,No,32
2026-08-05,Wednesday,19:30,Harbor View Mall,80,48,32,83,No,No,37
2026-08-05,Wednesday,20:00,Harbor View Mall,80,41,39,77,No,No,41
2026-08-05,Wednesday,20:30,Harbor View Mall,80,38,42,92,No,No,44
2026-08-05,Wednesday,21:00,Harbor View Mall,80,6,74,104,No,No,70
2026-08-05,Wednesday,21:30,Harbor View Mall,80,8,72,85,No,No,69
2026-08-05,Wednesday,22:00,Harbor View Mall,80,9,71,96,No,No,72
2026-08-05,Wednesday,22:30,Harbor View Mall,80,13,67,102,No,No,71
2026-08-05,Wednesday,23:00,Harbor View Mall,80,8,72,84,No,No,65
2026-08-05,Wednesday,23:30,Harbor View Mall,80,11,69,101,No,No,70
2026-08-06,Wednesday,00:00,Harbor View Mall,80,14,66,99,No,No,70
2026-08-06,Wednesday,00:30,Harbor View Mall,80,10,70,81,No,No,67
2026-08-06,Wednesday,01:00,Harbor View Mall,80,10,70,98,No,No,69
2026-08-06,Wednesday,01:30,Harbor View Mall,80,12,68,88,No,No,71
2026-08-06,Wednesday,02:00,Harbor View Mall,80,6,74,92,No,No,70
2026-08-06,Wednesday,02:30,Harbor View Mall,80,10,70,98,No,No,70
2026-08-06,Wednesday,03:00,Harbor View Mall,80,11,69,88,No,No,68
2026-08-06,Wednesday,03:30,Harbor View Mall,80,6,74,84,No,No,66
2026-08-06,Wednesday,04:00,Harbor View Mall,80,15,65,79,No,No,68
2026-08-06,Wednesday,04:30,Harbor View Mall,80,13,67,104,No,No,70
2026-08-06,Wednesday,05:00,Harbor View Mall,80,8,72,87,No,No,71
2026-08-06,Wednesday,05:30,Harbor View Mall,80,12,68,105,No,No,74
2026-08-06,Thursday,06:00,Harbor View Mall,80,12,68,76,No,No,74
2026-08-06,Thursday,06:30,Harbor View Mall,80,10,70,104,No,No,70
2026-08-06,Thursday,07:00,Harbor View Mall,80,9,71,77,No,No,73
2026-08-06,Thursday,07:30,Harbor View Mall,80,7,73,104,No,No,71
2026-08-06,Thursday,08:00,Harbor View Mall,80,10,70,90,No,No,70
2026-08-06,Thursday,08:30,Harbor View Mall,80,8,72,102,No,No,69
2026-08-06,Thursday,09:00,Harbor View Mall,80,9,71,94,No,No,70
2026-08-06,Thursday,09:30,Harbor View Mall,80,6,74,89,No,No,74
2026-08-06,Thursday,10:00,Harbor View Mall,80,33,47,87,No,No,46
2026-08-06,Thursday,10:30,Harbor View Mall,80,40,40,85,No,No,37
2026-08-06,Thursday,11:00,Harbor View Mall,80,42,38,89,No,No,38
2026-08-06,Thursday,11:30,Harbor View Mall,80,46,34,77,No,No,28
2026-08-06,Thursday,12:00,Harbor View Mall,80,50,30,89,No,No,24
2026-08-06,Thursday,12:30,Harbor View Mall,80,54,26,100,No,No,21
2026-08-06,Thursday,13:00,Harbor View Mall,80,61,19,100,No,No,19
2026-08-06,Thursday,13:30,Harbor View Mall,80,65,15,80,No,No,15
2026-08-06,Thursday,14:00,Harbor View Mall,80,64,16,89,No,No,13
2026-08-06,Thursday,14:30,Harbor View Mall,80,67,13,97,No,No,13
2026-08-06,Thursday,15:00,Harbor View Mall,80,65,15,105,No,No,10
2026-08-06,Thursday,15:30,Harbor View Mall,80,67,13,80,No,No,11
2026-08-06,Thursday,16:00,Harbor View Mall,80,69,11,84,No,No,16
2026-08-06,Thursday,16:30,Harbor View Mall,80,68,12,98,No,No,16
2026-08-06,Thursday,17:00,Harbor View Mall,80,64,16,90,No,No,15
2026-08-06,Thursday,17:30,Harbor View Mall,80,65,15,78,No,No,22
2026-08-06,Thursday,18:00,Harbor View Mall,80,59,21,78,No,No,21
2026-08-06,Thursday,18:30,Harbor View Mall,80,55,25,88,No,No,29
2026-08-06,Thursday,19:00,Harbor View Mall,80,49,31,91,No,No,35
2026-08-06,Thursday,19:30,Harbor View Mall,80,48,32,95,No,No,35
2026-08-06,Thursday,20:00,Harbor View Mall,80,41,39,87,No,No,42
2026-08-06,Thursday,20:30,Harbor View Mall,80,36,44,81,No,No,49
2026-08-06,Thursday,21:00,Harbor View Mall,80,9,71,78,No,No,70
2026-08-06,Thursday,21:30,Harbor View Mall,80,9,71,89,No,No,68
2026-08-06,Thursday,22:00,Harbor View Mall,80,8,72,79,No,No,69
2026-08-06,Thursday,22:30,Harbor View Mall,80,7,73,94,No,No,71
2026-08-06,Thursday,23:00,Harbor View Mall,80,8,72,77,No,No,71
2026-08-06,Thursday,23:30,Harbor View Mall,80,6,74,80,No,No,71
2026-08-07,Thursday,00:00,Harbor View Mall,80,9,71,97,No,No,69
2026-08-07,Thursday,00:30,Harbor View Mall,80,11,69,96,No,No,74
2026-08-07,Thursday,01:00,Harbor View Mall,80,7,73,75,No,No,73
2026-08-07,Thursday,01:30,Harbor View Mall,80,6,74,104,No,No,67
2026-08-07,Thursday,02:00,Harbor View Mall,80,12,68,85,No,No,69
2026-08-07,Thursday,02:30,Harbor View Mall,80,13,67,78,No,No,73
2026-08-07,Thursday,03:00,Harbor View Mall,80,12,68,88,No,No,70
2026-08-07,Thursday,03:30,Harbor View Mall,80,9,71,94,No,No,71
2026-08-07,Thursday,04:00,Harbor View Mall,80,7,73,81,No,No,71
2026-08-07,Thursday,04:30,Harbor View Mall,80,9,71,75,No,No,70
2026-08-07,Thursday,05:00,Harbor View Mall,80,8,72,95,No,No,69
2026-08-07,Thursday,05:30,Harbor View Mall,80,13,67,99,No,No,71
2026-08-07,Friday,06:00,Harbor View Mall,80,9,71,102,No,No,73
2026-08-07,Friday,06:30,Harbor View Mall,80,12,68,95,No,No,67
2026-08-07,Friday,07:00,Harbor View Mall,80,10,70,85,No,No,66
2026-08-07,Friday,07:30,Harbor View Mall,80,9,71,96,No,No,69
2026-08-07,Friday,08:00,Harbor View Mall,80,12,68,87,No,No,69
2026-08-07,Friday,08:30,Harbor View Mall,80,10,70,75,No,No,70
2026-08-07,Friday,09:00,Harbor View Mall,80,8,72,98,No,No,74
2026-08-07,Friday,09:30,Harbor View Mall,80,7,73,90,No,No,74
2026-08-07,Friday,10:00,Harbor View Mall,80,33,47,104,No,No,41
2026-08-07,Friday,10:30,Harbor View Mall,80,39,41,89,No,No,41
2026-08-07,Friday,11:00,Harbor View Mall,80,41,39,83,No,No,33
2026-08-07,Friday,11:30,Harbor View Mall,80,47,33,76,No,No,27
2026-08-07,Friday,12:00,Harbor View Mall,80,53,27,95,No,No,24
2026-08-07,Friday,12:30,Harbor View Mall,80,58,22,82,No,No,23
2026-08-07,Friday,13:00,Harbor View Mall,80,57,23,82,No,No,22
2026-08-07,Friday,13:30,Harbor View Mall,80,63,17,104,No,No,18
2026-08-07,Friday,14:00,Harbor View Mall,80,66,14,96,No,No,16
2026-08-07,Friday,14:30,Harbor View Mall,80,66,14,102,No,No,14
2026-08-07,Friday,15:00,Harbor View Mall,80,68,12,89,No,No,15
2026-08-07,Friday,15:30,Harbor View Mall,80,65,15,90,No,No,14
2026-08-07,Friday,16:00,Harbor View Mall,80,71,9,95,No,No,10
2026-08-07,Friday,16:30,Harbor View Mall,80,64,16,79,No,No,14
2026-08-07,Friday,17:00,Harbor View Mall,80,67,13,101,No,No,19
2026-08-07,Friday,17:30,Harbor View Mall,80,60,20,91,No,No,18
2026-08-07,Friday,18:00,Harbor View Mall,80,57,23,84,No,No,25
2026-08-07,Friday,18:30,Harbor View Mall,80,54,26,88,No,No,29
2026-08-07,Friday,19:00,Harbor View Mall,80,52,28,84,No,No,29
2026-08-07,Friday,19:30,Harbor View Mall,80,45,35,81,No,No,34
2026-08-07,Friday,20:00,Harbor View Mall,80,45,35,77,No,No,42
2026-08-07,Friday,20:30,Harbor View Mall,80,35,45,87,No,No,47
2026-08-07,Friday,21:00,Harbor View Mall,80,10,70,91,No,No,68
2026-08-07,Friday,21:30,Harbor View Mall,80,7,73,90,No,No,67
2026-08-07,Friday,22:00,Harbor View Mall,80,9,71,104,No,No,72
2026-08-07,Friday,22:30,Harbor View Mall,80,10,70,87,No,No,70
2026-08-07,Friday,23:00,Harbor View Mall,80,11,69,77,No,No,69
2026-08-07,Friday,23:30,Harbor View Mall,80,8,72,75,No,No,69
2026-08-08,Friday,00:00,Harbor View Mall,80,9,71,104,No,No,63
2026-08-08,Friday,00:30,Harbor View Mall,80,11,69,84,No,No,68
2026-08-08,Friday,01:00,Harbor View Mall,80,11,69,104,No,No,65
2026-08-08,Friday,01:30,Harbor View Mall,80,12,68,105,No,No,62
2026-08-08,Friday,02:00,Harbor View Mall,80,10,70,90,No,No,68
2026-08-08,Friday,02:30,Harbor View Mall,80,9,71,88,No,No,66
2026-08-08,Friday,03:00,Harbor View Mall,80,8,72,95,No,No,65
2026-08-08,Friday,03:30,Harbor View Mall,80,11,69,94,No,No,65
2026-08-08,Friday,04:00,Harbor View Mall,80,8,72,105,No,No,70
2026-08-08,Friday,04:30,Harbor View Mall,80,11,69,97,No,No,61
2026-08-08,Friday,05:00,Harbor View Mall,80,14,66,91,No,No,67
2026-08-08,Friday,05:30,Harbor View Mall,80,12,68,97,No,No,63
2026-08-08,Saturday,06:00,Harbor View Mall,80,21,59,88,No,No,64
2026-08-08,Saturday,06:30,Harbor View Mall,80,17,63,93,No,No,65
2026-08-08,Saturday,07:00,Harbor View Mall,80,19,61,104,No,No,70
2026-08-08,Saturday,07:30,Harbor View Mall,80,9,71,90,No,No,62
2026-08-08,Saturday,08:00,Harbor View Mall,80,14,66,95,No,No,69
2026-08-08,Saturday,08:30,Harbor View Mall,80,12,68,79,No,No,61
2026-08-08,Saturday,09:00,Harbor View Mall,80,12,68,101,No,No,60
2026-08-08,Saturday,09:30,Harbor View Mall,80,17,63,81,No,No,64
2026-08-08,Saturday,10:00,Harbor View Mall,80,14,66,94,No,No,70
2026-08-08,Saturday,10:30,Harbor View Mall,80,13,67,78,No,No,63
2026-08-08,Saturday,11:00,Harbor View Mall,80,46,34,96,No,No,36
2026-08-08,Saturday,11:30,Harbor View Mall,80,51,29,83,No,No,31
2026-08-08,Saturday,12:00,Harbor View Mall,80,56,24,93,No,No,26
2026-08-08,Saturday,12:30,Harbor View Mall,80,59,21,81,No,No,22
2026-08-08,Saturday,13:00,Harbor View Mall,80,63,17,94,No,No,12
2026-08-08,Saturday,13:30,Harbor View Mall,80,69,11,83,No,No,11
2026-08-08,Saturday,14:00,Harbor View Mall,80,71,9,85,No,No,9
2026-08-08,Saturday,14:30,Harbor View Mall,80,75,5,96,No,No,3
2026-08-08,Saturday,15:00,Harbor View Mall,80,73,7,101,No,No,6
2026-08-08,Saturday,15:30,Harbor View Mall,80,75,5,87,No,No,7
2026-08-08,Saturday,16:00,Harbor View Mall,80,78,2,86,No,No,2
2026-08-08,Saturday,16:30,Harbor View Mall,80,75,5,75,No,No,4
2026-08-08,Saturday,17:00,Harbor View Mall,80,77,3,98,No,No,4
2026-08-08,Saturday,17:30,Harbor View Mall,80,73,7,75,No,No,7
2026-08-08,Saturday,18:00,Harbor View Mall,80,73,7,83,No,No,11
2026-08-08,Saturday,18:30,Harbor View Mall,80,66,14,82,No,No,15
2026-08-08,Saturday,19:00,Harbor View Mall,80,65,15,96,No,No,20
2026-08-08,Saturday,19:30,Harbor View Mall,80,57,23,96,No,No,21
2026-08-08,Saturday,20:00,Harbor View Mall,80,57,23,105,No,No,30
2026-08-08,Saturday,20:30,Harbor View Mall,80,48,32,95,No,No,37
2026-08-08,Saturday,21:00,Harbor View Mall,80,19,61,100,No,No,66
2026-08-08,Saturday,21:30,Harbor View Mall,80,14,66,98,No,No,62
2026-08-08,Saturday,22:00,Harbor View Mall,80,17,63,104,No,No,65
2026-08-08,Saturday,22:30,Harbor View Mall,80,12,68,87,No,No,67
2026-08-08,Saturday,23:00,Harbor View Mall,80,20,60,93,No,No,68
2026-08-08,Saturday,23:30,Harbor View Mall,80,16,64,77,No,No,61
2026-08-09,Saturday,00:00,Harbor View Mall,80,22,58,80,No,No,64
2026-08-09,Saturday,00:30,Harbor View Mall,80,15,65,82,No,No,65
2026-08-09,Saturday,01:00,Harbor View Mall,80,17,63,88,No,No,62
2026-08-09,Saturday,01:30,Harbor View Mall,80,16,64,87,No,No,66
2026-08-09,Saturday,02:00,Harbor View Mall,80,18,62,103,No,No,60
2026-08-09,Saturday,02:30,Harbor View Mall,80,14,66,90,No,No,58
2026-08-09,Saturday,03:00,Harbor View Mall,80,17,63,99,No,No,63
2026-08-09,Saturday,03:30,Harbor View Mall,80,17,63,98,No,No,62
2026-08-09,Saturday,04:00,Harbor View Mall,80,14,66,102,No,No,67
2026-08-09,Saturday,04:30,Harbor View Mall,80,14,66,78,No,No,59
2026-08-09,Saturday,05:00,Harbor View Mall,80,14,66,78,No,No,66
2026-08-09,Saturday,05:30,Harbor View Mall,80,9,71,98,No,No,61
2026-08-09,Sunday,06:00,Harbor View Mall,80,20,60,85,No,No,63
2026-08-09,Sunday,06:30,Harbor View Mall,80,15,65,96,No,No,65
2026-08-09,Sunday,07:00,Harbor View Mall,80,17,63,89,No,No,67
2026-08-09,Sunday,07:30,Harbor View Mall,80,16,64,96,No,No,66
2026-08-09,Sunday,08:00,Harbor View Mall,80,16,64,100,No,No,65
2026-08-09,Sunday,08:30,Harbor View Mall,80,16,64,97,No,No,62
2026-08-09,Sunday,09:00,Harbor View Mall,80,12,68,101,No,No,63
2026-08-09,Sunday,09:30,Harbor View Mall,80,17,63,100,No,No,65
2026-08-09,Sunday,10:00,Harbor View Mall,80,15,65,100,No,No,59
2026-08-09,Sunday,10:30,Harbor View Mall,80,15,65,102,No,No,59
2026-08-09,Sunday,11:00,Harbor View Mall,80,42,38,102,No,No,36
2026-08-09,Sunday,11:30,Harbor View Mall,80,48,32,87,No,No,27
2026-08-09,Sunday,12:00,Harbor View Mall,80,56,24,86,No,No,24
2026-08-09,Sunday,12:30,Harbor View Mall,80,60,20,91,No,No,20
2026-08-09,Sunday,13:00,Harbor View Mall,80,61,19,104,No,No,12
2026-08-09,Sunday,13:30,Harbor View Mall,80,64,16,87,No,No,12
2026-08-09,Sunday,14:00,Harbor View Mall,80,70,10,100,No,No,6
2026-08-09,Sunday,14:30,Harbor View Mall,80,75,5,102,No,No,7
2026-08-09,Sunday,15:00,Harbor View Mall,80,72,8,95,No,No,7
2026-08-09,Sunday,15:30,Harbor View Mall,80,75,5,97,No,No,2
2026-08-09,Sunday,16:00,Harbor View Mall,80,74,6,81,No,No,3
2026-08-09,Sunday,16:30,Harbor View Mall,80,77,3,98,No,No,6
2026-08-09,Sunday,17:00,Harbor View Mall,80,75,5,102,No,No,6
2026-08-09,Sunday,17:30,Harbor View Mall,80,70,10,102,No,No,6
2026-08-09,Sunday,18:00,Harbor View Mall,80,71,9,88,No,No,14
2026-08-09,Sunday,18:30,Harbor View Mall,80,64,16,76,No,No,13
2026-08-09,Sunday,19:00,Harbor View Mall,80,66,14,80,No,No,22
2026-08-09,Sunday,19:30,Harbor View Mall,80,59,21,91,No,No,24
2026-08-09,Sunday,20:00,Harbor View Mall,80,55,25,79,No,No,30
2026-08-09,Sunday,20:30,Harbor View Mall,80,47,33,76,No,No,35
2026-08-09,Sunday,21:00,Harbor View Mall,80,20,60,84,No,No,64
2026-08-09,Sunday,21:30,Harbor View Mall,80,21,59,97,No,No,68
2026-08-09,Sunday,22:00,Harbor View Mall,80,16,64,101,No,No,64
2026-08-09,Sunday,22:30,Harbor View Mall,80,11,69,78,No,No,60
2026-08-09,Sunday,23:00,Harbor View Mall,80,13,67,82,No,No,65
2026-08-09,Sunday,23:30,Harbor View Mall,80,13,67,98,No,No,62
2026-08-10,Sunday,00:00,Harbor View Mall,80,16,64,97,No,No,74
2026-08-10,Sunday,00:30,Harbor View Mall,80,19,61,104,No,No,69
2026-08-10,Sunday,01:00,Harbor View Mall,80,17,63,87,No,No,69
2026-08-10,Sunday,01:30,Harbor View Mall,80,19,61,91,No,No,68
2026-08-10,Sunday,02:00,Harbor View Mall,80,21,59,99,No,No,70
2026-08-10,Sunday,02:30,Harbor View Mall,80,14,66,94,No,No,71
2026-08-10,Sunday,03:00,Harbor View Mall,80,11,69,76,No,No,71
2026-08-10,Sunday,03:30,Harbor View Mall,80,15,65,102,No,No,73
2026-08-10,Sunday,04:00,Harbor View Mall,80,16,64,105,No,No,71
2026-08-10,Sunday,04:30,Harbor View Mall,80,15,65,84,No,No,70
2026-08-10,Sunday,05:00,Harbor View Mall,80,16,64,92,No,No,69
2026-08-10,Sunday,05:30,Harbor View Mall,80,17,63,86,No,No,68
2026-08-10,Monday,06:00,Harbor View Mall,80,30,50,76,Yes,No,47
2026-08-10,Monday,06:30,Harbor View Mall,80,33,47,86,Yes,No,50
2026-08-10,Monday,07:00,Harbor View Mall,80,25,55,80,Yes,No,46
2026-08-10,Monday,07:30,Harbor View Mall,80,31,49,77,Yes,No,44
2026-08-10,Monday,08:00,Harbor View Mall,80,34,46,95,Yes,No,44
2026-08-10,Monday,08:30,Harbor View Mall,80,29,51,75,Yes,No,46
2026-08-10,Monday,09:00,Harbor View Mall,80,30,50,85,Yes,No,46
2026-08-10,Monday,09:30,Harbor View Mall,80,34,46,75,Yes,No,45
2026-08-10,Monday,10:00,Harbor View Mall,80,56,24,91,Yes,No,19
2026-08-10,Monday,10:30,Harbor View Mall,80,58,22,91,Yes,No,22
2026-08-10,Monday,11:00,Harbor View Mall,80,67,13,78,Yes,No,8
2026-08-10,Monday,11:30,Harbor View Mall,80,74,6,86,Yes,No,4
2026-08-10,Monday,12:00,Harbor View Mall,80,78,2,103,Yes,No,11
2026-08-10,Monday,12:30,Harbor View Mall,80,78,2,91,Yes,No,4
2026-08-10,Monday,13:00,Harbor View Mall,80,77,3,83,Yes,No,2
2026-08-10,Monday,13:30,Harbor View Mall,80,78,2,82,Yes,No,2
2026-08-10,Monday,14:00,Harbor View Mall,80,78,2,86,Yes,No,2
2026-08-10,Monday,14:30,Harbor View Mall,80,78,2,105,Yes,No,2
2026-08-10,Monday,15:00,Harbor View Mall,80,78,2,77,Yes,No,4
2026-08-10,Monday,15:30,Harbor View Mall,80,77,3,77,Yes,No,2
2026-08-10,Monday,16:00,Harbor View Mall,80,78,2,77,Yes,No,2
2026-08-10,Monday,16:30,Harbor View Mall,80,78,2,105,Yes,No,4
2026-08-10,Monday,17:00,Harbor View Mall,80,78,2,90,Yes,No,2
2026-08-10,Monday,17:30,Harbor View Mall,80,76,4,87,Yes,No,5
2026-08-10,Monday,18:00,Harbor View Mall,80,78,2,88,Yes,No,3
2026-08-10,Monday,18:30,Harbor View Mall,80,78,2,105,Yes,No,2
2026-08-10,Monday,19:00,Harbor View Mall,80,78,2,76,Yes,No,5
2026-08-10,Monday,19:30,Harbor View Mall,80,72,8,91,Yes,No,18
2026-08-10,Monday,20:00,Harbor View Mall,80,69,11,86,Yes,No,21
2026-08-10,Monday,20:30,Harbor View Mall,80,58,22,78,Yes,No,18
2026-08-10,Monday,21:00,Harbor View Mall,80,27,53,102,Yes,No,46
2026-08-10,Monday,21:30,Harbor View Mall,80,42,38,81,Yes,No,40
2026-08-10,Monday,22:00,Harbor View Mall,80,31,49,103,Yes,No,51
2026-08-10,Monday,22:30,Harbor View Mall,80,33,47,75,Yes,No,53
2026-08-10,Monday,23:00,Harbor View Mall,80,25,55,91,Yes,No,51
2026-08-10,Monday,23:30,Harbor View Mall,80,30,50,82,Yes,No,47
2026-08-11,Monday,00:00,Harbor View Mall,80,30,50,89,Yes,No,50
2026-08-11,Monday,00:30,Harbor View Mall,80,24,56,97,Yes,No,43
2026-08-11,Monday,01:00,Harbor View Mall,80,41,39,80,Yes,No,51
2026-08-11,Monday,01:30,Harbor View Mall,80,35,45,90,Yes,No,42
2026-08-11,Monday,02:00,Harbor View Mall,80,35,45,104,Yes,No,45
2026-08-11,Monday,02:30,Harbor View Mall,80,34,46,86,Yes,No,46
2026-08-11,Monday,03:00,Harbor View Mall,80,28,52,98,Yes,No,50
2026-08-11,Monday,03:30,Harbor View Mall,80,31,49,98,Yes,No,42
2026-08-11,Monday,04:00,Harbor View Mall,80,33,47,101,Yes,No,46
2026-08-11,Monday,04:30,Harbor View Mall,80,36,44,81,Yes,No,56
2026-08-11,Monday,05:00,Harbor View Mall,80,34,46,81,Yes,No,56
2026-08-11,Monday,05:30,Harbor View Mall,80,37,43,84,Yes,No,54
2026-08-11,Tuesday,06:00,Harbor View Mall,80,27,53,78,Yes,No,53
2026-08-11,Tuesday,06:30,Harbor View Mall,80,31,49,76,Yes,No,51
2026-08-11,Tuesday,07:00,Harbor View Mall,80,35,45,88,Yes,No,57
2026-08-11,Tuesday,07:30,Harbor View Mall,80,28,52,92,Yes,No,43
2026-08-11,Tuesday,08:00,Harbor View Mall,80,31,49,94,Yes,No,46
2026-08-11,Tuesday,08:30,Harbor View Mall,80,30,50,98,Yes,No,45
2026-08-11,Tuesday,09:00,Harbor View Mall,80,29,51,89,Yes,No,43
2026-08-11,Tuesday,09:30,Harbor View Mall,80,26,54,81,Yes,No,43
2026-08-11,Tuesday,10:00,Harbor View Mall,80,61,19,99,Yes,No,14
2026-08-11,Tuesday,10:30,Harbor View Mall,80,58,22,89,Yes,No,18
2026-08-11,Tuesday,11:00,Harbor View Mall,80,69,11,91,Yes,No,18
2026-08-11,Tuesday,11:30,Harbor View Mall,80,73,7,97,Yes,No,5
2026-08-11,Tuesday,12:00,Harbor View Mall,80,72,8,97,Yes,No,4
2026-08-11,Tuesday,12:30,Harbor View Mall,80,76,4,91,Yes,No,2
2026-08-11,Tuesday,13:00,Harbor View Mall,80,78,2,99,Yes,No,5
2026-08-11,Tuesday,13:30,Harbor View Mall,80,78,2,93,Yes,No,2
2026-08-11,Tuesday,14:00,Harbor View Mall,80,78,2,89,Yes,No,2
2026-08-11,Tuesday,14:30,Harbor View Mall,80,78,2,84,Yes,No,5
2026-08-11,Tuesday,15:00,Harbor View Mall,80,78,2,82,Yes,No,3
2026-08-11,Tuesday,15:30,Harbor View Mall,80,78,2,79,Yes,No,3
2026-08-11,Tuesday,16:00,Harbor View Mall,80,76,4,101,Yes,No,2
2026-08-11,Tuesday,16:30,Harbor View Mall,80,78,2,86,Yes,No,3
2026-08-11,Tuesday,17:00,Harbor View Mall,80,78,2,79,Yes,No,4
2026-08-11,Tuesday,17:30,Harbor View Mall,80,77,3,101,Yes,No,3
2026-08-11,Tuesday,18:00,Harbor View Mall,80,78,2,83,Yes,No,2
2026-08-11,Tuesday,18:30,Harbor View Mall,80,78,2,99,Yes,No,2
2026-08-11,Tuesday,19:00,Harbor View Mall,80,78,2,83,Yes,No,7
2026-08-11,Tuesday,19:30,Harbor View Mall,80,65,15,82,Yes,No,10
2026-08-11,Tuesday,20:00,Harbor View Mall,80,58,22,87,Yes,No,17
2026-08-11,Tuesday,20:30,Harbor View Mall,80,59,21,103,Yes,No,23
2026-08-11,Tuesday,21:00,Harbor View Mall,80,32,48,80,Yes,No,55
2026-08-11,Tuesday,21:30,Harbor View Mall,80,34,46,80,Yes,No,51
2026-08-11,Tuesday,22:00,Harbor View Mall,80,29,51,95,Yes,No,43
2026-08-11,Tuesday,22:30,Harbor View Mall,80,24,56,87,Yes,No,44
2026-08-11,Tuesday,23:00,Harbor View Mall,80,27,53,99,Yes,No,41
2026-08-11,Tuesday,23:30,Harbor View Mall,80,38,42,78,Yes,No,52
2026-08-12,Tuesday,00:00,Harbor View Mall,80,27,53,103,Yes,No,53
2026-08-12,Tuesday,00:30,Harbor View Mall,80,24,56,95,Yes,No,50
2026-08-12,Tuesday,01:00,Harbor View Mall,80,32,48,88,Yes,No,52
2026-08-12,Tuesday,01:30,Harbor View Mall,80,37,43,82,Yes,No,42
2026-08-12,Tuesday,02:00,Harbor View Mall,80,35,45,78,Yes,No,53
2026-08-12,Tuesday,02:30,Harbor View Mall,80,39,41,104,Yes,No,48
2026-08-12,Tuesday,03:00,Harbor View Mall,80,38,42,96,Yes,No,48
2026-08-12,Tuesday,03:30,Harbor View Mall,80,38,42,83,Yes,No,47
2026-08-12,Tuesday,04:00,Harbor View Mall,80,41,39,75,Yes,No,54
2026-08-12,Tuesday,04:30,Harbor View Mall,80,30,50,100,Yes,No,44
2026-08-12,Tuesday,05:00,Harbor View Mall,80,29,51,77,Yes,No,49
2026-08-12,Tuesday,05:30,Harbor View Mall,80,32,48,88,Yes,No,42
2026-08-12,Wednesday,06:00,Harbor View Mall,80,10,70,92,No,No,69
2026-08-12,Wednesday,06:30,Harbor View Mall,80,11,69,93,No,No,67
2026-08-12,Wednesday,07:00,Harbor View Mall,80,9,71,82,No,No,69
2026-08-12,Wednesday,07:30,Harbor View Mall,80,9,71,75,No,No,74
2026-08-12,Wednesday,08:00,Harbor View Mall,80,12,68,104,No,No,66
2026-08-12,Wednesday,08:30,Harbor View Mall,80,12,68,84,No,No,67
2026-08-12,Wednesday,09:00,Harbor View Mall,80,11,69,88,No,No,74
2026-08-12,Wednesday,09:30,Harbor View Mall,80,8,72,105,No,No,68
2026-08-12,Wednesday,10:00,Harbor View Mall,80,31,49,88,No,No,43
2026-08-12,Wednesday,10:30,Harbor View Mall,80,38,42,96,No,No,40
2026-08-12,Wednesday,11:00,Harbor View Mall,80,45,35,94,No,No,38
2026-08-12,Wednesday,11:30,Harbor View Mall,80,45,35,86,No,No,32
2026-08-12,Wednesday,12:00,Harbor View Mall,80,52,28,75,No,No,24
2026-08-12,Wednesday,12:30,Harbor View Mall,80,57,23,79,No,No,22
2026-08-12,Wednesday,13:00,Harbor View Mall,80,61,19,79,No,No,17
2026-08-12,Wednesday,13:30,Harbor View Mall,80,62,18,84,No,No,15
2026-08-12,Wednesday,14:00,Harbor View Mall,80,67,13,89,No,No,13
2026-08-12,Wednesday,14:30,Harbor View Mall,80,64,16,84,No,No,15
2026-08-12,Wednesday,15:00,Harbor View Mall,80,65,15,95,No,No,10
2026-08-12,Wednesday,15:30,Harbor View Mall,80,66,14,91,No,No,13
2026-08-12,Wednesday,16:00,Harbor View Mall,80,69,11,88,No,No,11
2026-08-12,Wednesday,16:30,Harbor View Mall,80,68,12,92,No,No,16
2026-08-12,Wednesday,17:00,Harbor View Mall,80,65,15,93,No,No,15
2026-08-12,Wednesday,17:30,Harbor View Mall,80,65,15,88,No,No,21
2026-08-12,Wednesday,18:00,Harbor View Mall,80,59,21,77,No,No,20
2026-08-12,Wednesday,18:30,Harbor View Mall,80,57,23,79,No,No,28
2026-08-12,Wednesday,19:00,Harbor View Mall,80,50,30,76,No,No,34
2026-08-12,Wednesday,19:30,Harbor View Mall,80,50,30,98,No,No,36
2026-08-12,Wednesday,20:00,Harbor View Mall,80,44,36,77,No,No,41
2026-08-12,Wednesday,20:30,Harbor View Mall,80,38,42,85,No,No,47
2026-08-12,Wednesday,21:00,Harbor View Mall,80,11,69,87,No,No,71
2026-08-12,Wednesday,21:30,Harbor View Mall,80,8,72,78,No,No,70
2026-08-12,Wednesday,22:00,Harbor View Mall,80,9,71,82,No,No,71
2026-08-12,Wednesday,22:30,Harbor View Mall,80,10,70,99,No,No,68
2026-08-12,Wednesday,23:00,Harbor View Mall,80,12,68,82,No,No,69
2026-08-12,Wednesday,23:30,Harbor View Mall,80,7,73,100,No,No,73
2026-08-13,Wednesday,00:00,Harbor View Mall,80,14,66,86,No,No,71
2026-08-13,Wednesday,00:30,Harbor View Mall,80,14,66,87,No,No,72
2026-08-13,Wednesday,01:00,Harbor View Mall,80,12,68,88,No,No,68
2026-08-13,Wednesday,01:30,Harbor View Mall,80,10,70,75,No,No,67
2026-08-13,Wednesday,02:00,Harbor View Mall,80,10,70,84,No,No,71
2026-08-13,Wednesday,02:30,Harbor View Mall,80,13,67,105,No,No,68
2026-08-13,Wednesday,03:00,Harbor View Mall,80,14,66,99,No,No,67
2026-08-13,Wednesday,03:30,Harbor View Mall,80,13,67,94,No,No,69
2026-08-13,Wednesday,04:00,Harbor View Mall,80,10,70,85,No,No,71
2026-08-13,Wednesday,04:30,Harbor View Mall,80,10,70,97,No,No,70
2026-08-13,Wednesday,05:00,Harbor View Mall,80,12,68,77,No,No,71
2026-08-13,Wednesday,05:30,Harbor View Mall,80,11,69,75,No,No,67
2026-08-13,Thursday,06:00,Harbor View Mall,80,10,70,77,No,No,73
2026-08-13,Thursday,06:30,Harbor View Mall,80,8,72,77,No,No,74
2026-08-13,Thursday,07:00,Harbor View Mall,80,13,67,99,No,No,66
2026-08-13,Thursday,07:30,Harbor View Mall,80,8,72,89,No,No,71
2026-08-13,Thursday,08:00,Harbor View Mall,80,8,72,76,No,No,70
2026-08-13,Thursday,08:30,Harbor View Mall,80,8,72,96,No,No,66
2026-08-13,Thursday,09:00,Harbor View Mall,80,8,72,86,No,No,68
2026-08-13,Thursday,09:30,Harbor View Mall,80,11,69,96,No,No,70
2026-08-13,Thursday,10:00,Harbor View Mall,80,34,46,97,No,No,48
2026-08-13,Thursday,10:30,Harbor View Mall,80,35,45,102,No,No,40
2026-08-13,Thursday,11:00,Harbor View Mall,80,41,39,93,No,No,37
2026-08-13,Thursday,11:30,Harbor View Mall,80,49,31,87,No,No,29
2026-08-13,Thursday,12:00,Harbor View Mall,80,51,29,86,No,No,25
2026-08-13,Thursday,12:30,Harbor View Mall,80,58,22,103,No,No,24
2026-08-13,Thursday,13:00,Harbor View Mall,80,61,19,80,No,No,16
2026-08-13,Thursday,13:30,Harbor View Mall,80,62,18,104,No,No,16
2026-08-13,Thursday,14:00,Harbor View Mall,80,64,16,87,No,No,15
2026-08-13,Thursday,14:30,Harbor View Mall,80,66,14,94,No,No,11
2026-08-13,Thursday,15:00,Harbor View Mall,80,65,15,90,No,No,12
2026-08-13,Thursday,15:30,Harbor View Mall,80,66,14,92,No,No,12
2026-08-13,Thursday,16:00,Harbor View Mall,80,66,14,95,No,No,13
2026-08-13,Thursday,16:30,Harbor View Mall,80,68,12,94,No,No,17
2026-08-13,Thursday,17:00,Harbor View Mall,80,64,16,100,No,No,17
2026-08-13,Thursday,17:30,Harbor View Mall,80,60,20,90,No,No,22
2026-08-13,Thursday,18:00,Harbor View Mall,80,62,18,75,No,No,22
2026-08-13,Thursday,18:30,Harbor View Mall,80,54,26,83,No,No,29
2026-08-13,Thursday,19:00,Harbor View Mall,80,49,31,79,No,No,32
2026-08-13,Thursday,19:30,Harbor View Mall,80,49,31,84,No,No,37
2026-08-13,Thursday,20:00,Harbor View Mall,80,42,38,88,No,No,40
2026-08-13,Thursday,20:30,Harbor View Mall,80,35,45,83,No,No,49
2026-08-13,Thursday,21:00,Harbor View Mall,80,11,69,103,No,No,71
2026-08-13,Thursday,21:30,Harbor View Mall,80,12,68,86,No,No,68
2026-08-13,Thursday,22:00,Harbor View Mall,80,10,70,105,No,No,70
2026-08-13,Thursday,22:30,Harbor View Mall,80,13,67,75,No,No,70
2026-08-13,Thursday,23:00,Harbor View Mall,80,9,71,93,No,No,65
2026-08-13,Thursday,23:30,Harbor View Mall,80,13,67,98,No,No,69
2026-08-14,Thursday,00:00,Harbor View Mall,80,11,69,104,No,No,69
2026-08-14,Thursday,00:30,Harbor View Mall,80,10,70,88,No,No,65
2026-08-14,Thursday,01:00,Harbor View Mall,80,8,72,102,No,No,71
2026-08-14,Thursday,01:30,Harbor View Mall,80,9,71,81,No,No,67
2026-08-14,Thursday,02:00,Harbor View Mall,80,9,71,94,No,No,65
2026-08-14,Thursday,02:30,Harbor View Mall,80,11,69,93,No,No,72
2026-08-14,Thursday,03:00,Harbor View Mall,80,12,68,84,No,No,68
2026-08-14,Thursday,03:30,Harbor View Mall,80,9,71,89,No,No,69
2026-08-14,Thursday,04:00,Harbor View Mall,80,12,68,99,No,No,71
2026-08-14,Thursday,04:30,Harbor View Mall,80,11,69,92,No,No,68
2026-08-14,Thursday,05:00,Harbor View Mall,80,12,68,97,No,No,66
2026-08-14,Thursday,05:30,Harbor View Mall,80,15,65,103,No,No,71
2026-08-14,Friday,06:00,Harbor View Mall,80,9,71,94,No,No,68
2026-08-14,Friday,06:30,Harbor View Mall,80,8,72,92,No,No,73
2026-08-14,Friday,07:00,Harbor View Mall,80,10,70,84,No,No,69
2026-08-14,Friday,07:30,Harbor View Mall,80,9,71,78,No,No,69
2026-08-14,Friday,08:00,Harbor View Mall,80,12,68,104,No,No,68
2026-08-14,Friday,08:30,Harbor View Mall,80,7,73,87,No,No,72
2026-08-14,Friday,09:00,Harbor View Mall,80,9,71,103,No,No,66
2026-08-14,Friday,09:30,Harbor View Mall,80,12,68,96,No,No,73
2026-08-14,Friday,10:00,Harbor View Mall,80,34,46,79,No,No,42
2026-08-14,Friday,10:30,Harbor View Mall,80,39,41,91,No,No,39
2026-08-14,Friday,11:00,Harbor View Mall,80,40,40,85,No,No,34
2026-08-14,Friday,11:30,Harbor View Mall,80,45,35,88,No,No,27
2026-08-14,Friday,12:00,Harbor View Mall,80,52,28,81,No,No,26
2026-08-14,Friday,12:30,Harbor View Mall,80,58,22,76,No,No,21
2026-08-14,Friday,13:00,Harbor View Mall,80,62,18,79,No,No,19
2026-08-14,Friday,13:30,Harbor View Mall,80,60,20,98,No,No,13
2026-08-14,Friday,14:00,Harbor View Mall,80,63,17,91,No,No,16
2026-08-14,Friday,14:30,Harbor View Mall,80,68,12,97,No,No,13
2026-08-14,Friday,15:00,Harbor View Mall,80,68,12,95,No,No,13
2026-08-14,Friday,15:30,Harbor View Mall,80,69,11,99,No,No,14
2026-08-14,Friday,16:00,Harbor View Mall,80,65,15,92,No,No,14
2026-08-14,Friday,16:30,Harbor View Mall,80,64,16,77,No,No,15
2026-08-14,Friday,17:00,Harbor View Mall,80,66,14,95,No,No,19
2026-08-14,Friday,17:30,Harbor View Mall,80,64,16,94,No,No,17
2026-08-14,Friday,18:00,Harbor View Mall,80,60,20,77,No,No,26
2026-08-14,Friday,18:30,Harbor View Mall,80,53,27,98,No,No,27
2026-08-14,Friday,19:00,Harbor View Mall,80,53,27,95,No,No,34
2026-08-14,Friday,19:30,Harbor View Mall,80,50,30,95,No,No,38
2026-08-14,Friday,20:00,Harbor View Mall,80,44,36,92,No,No,40
2026-08-14,Friday,20:30,Harbor View Mall,80,39,41,100,No,No,45
2026-08-14,Friday,21:00,Harbor View Mall,80,6,74,96,No,No,74
2026-08-14,Friday,21:30,Harbor View Mall,80,9,71,93,No,No,71
2026-08-14,Friday,22:00,Harbor View Mall,80,12,68,79,No,No,72
2026-08-14,Friday,22:30,Harbor View Mall,80,10,70,86,No,No,70
2026-08-14,Friday,23:00,Harbor View Mall,80,11,69,88,No,No,70
2026-08-14,Friday,23:30,Harbor View Mall,80,12,68,87,No,No,72
2026-08-15,Friday,00:00,Harbor View Mall,80,6,74,84,No,No,63
2026-08-15,Friday,00:30,Harbor View Mall,80,7,73,76,No,No,62
2026-08-15,Friday,01:00,Harbor View Mall,80,8,72,94,No,No,59
2026-08-15,Friday,01:30,Harbor View Mall,80,11,69,81,No,No,62
2026-08-15,Friday,02:00,Harbor View Mall,80,9,71,81,No,No,67
2026-08-15,Friday,02:30,Harbor View Mall,80,10,70,82,No,No,68
2026-08-15,Friday,03:00,Harbor View Mall,80,11,69,81,No,No,65
2026-08-15,Friday,03:30,Harbor View Mall,80,11,69,98,No,No,58
2026-08-15,Friday,04:00,Harbor View Mall,80,10,70,83,No,No,62
2026-08-15,Friday,04:30,Harbor View Mall,80,10,70,87,No,No,65
2026-08-15,Friday,05:00,Harbor View Mall,80,12,68,81,No,No,61
2026-08-15,Friday,05:30,Harbor View Mall,80,8,72,98,No,No,68
2026-08-15,Saturday,06:00,Harbor View Mall,80,16,64,86,No,No,70
2026-08-15,Saturday,06:30,Harbor View Mall,80,18,62,76,No,No,64
2026-08-15,Saturday,07:00,Harbor View Mall,80,20,60,103,No,No,68
2026-08-15,Saturday,07:30,Harbor View Mall,80,18,62,80,No,No,68
2026-08-15,Saturday,08:00,Harbor View Mall,80,16,64,81,No,No,64
2026-08-15,Saturday,08:30,Harbor View Mall,80,19,61,85,No,No,66
2026-08-15,Saturday,09:00,Harbor View Mall,80,20,60,85,No,No,64
2026-08-15,Saturday,09:30,Harbor View Mall,80,14,66,91,No,No,59
2026-08-15,Saturday,10:00,Harbor View Mall,80,16,64,100,No,No,61
2026-08-15,Saturday,10:30,Harbor View Mall,80,17,63,99,No,No,69
2026-08-15,Saturday,11:00,Harbor View Mall,80,44,36,90,No,No,30
2026-08-15,Saturday,11:30,Harbor View Mall,80,47,33,88,No,No,28
2026-08-15,Saturday,12:00,Harbor View Mall,80,53,27,94,No,No,24
2026-08-15,Saturday,12:30,Harbor View Mall,80,55,25,93,No,No,22
2026-08-15,Saturday,13:00,Harbor View Mall,80,65,15,100,No,No,11
2026-08-15,Saturday,13:30,Harbor View Mall,80,66,14,104,No,No,13
2026-08-15,Saturday,14:00,Harbor View Mall,80,69,11,105,No,No,6
2026-08-15,Saturday,14:30,Harbor View Mall,80,73,7,104,No,No,7
2026-08-15,Saturday,15:00,Harbor View Mall,80,72,8,75,No,No,7
2026-08-15,Saturday,15:30,Harbor View Mall,80,75,5,100,No,No,5
2026-08-15,Saturday,16:00,Harbor View Mall,80,78,2,85,No,No,5
2026-08-15,Saturday,16:30,Harbor View Mall,80,77,3,92,No,No,5
2026-08-15,Saturday,17:00,Harbor View Mall,80,74,6,76,No,No,6
2026-08-15,Saturday,17:30,Harbor View Mall,80,72,8,89,No,No,8
2026-08-15,Saturday,18:00,Harbor View Mall,80,67,13,104,No,No,13
2026-08-15,Saturday,18:30,Harbor View Mall,80,64,16,94,No,No,18
2026-08-15,Saturday,19:00,Harbor View Mall,80,60,20,101,No,No,23
2026-08-15,Saturday,19:30,Harbor View Mall,80,61,19,85,No,No,23
2026-08-15,Saturday,20:00,Harbor View Mall,80,52,28,82,No,No,31
2026-08-15,Saturday,20:30,Harbor View Mall,80,51,29,103,No,No,32
2026-08-15,Saturday,21:00,Harbor View Mall,80,23,57,92,No,No,63
2026-08-15,Saturday,21:30,Harbor View Mall,80,9,71,100,No,No,67
2026-08-15,Saturday,22:00,Harbor View Mall,80,19,61,97,No,No,68
2026-08-15,Saturday,22:30,Harbor View Mall,80,14,66,79,No,No,68
2026-08-15,Saturday,23:00,Harbor View Mall,80,22,58,93,No,No,65
2026-08-15,Saturday,23:30,Harbor View Mall,80,15,65,78,No,No,64
2026-08-16,Saturday,00:00,Harbor View Mall,80,16,64,83,No,No,68
2026-08-16,Saturday,00:30,Harbor View Mall,80,17,63,84,No,No,63
2026-08-16,Saturday,01:00,Harbor View Mall,80,16,64,95,No,No,64
2026-08-16,Saturday,01:30,Harbor View Mall,80,15,65,76,No,No,65
2026-08-16,Saturday,02:00,Harbor View Mall,80,11,69,90,No,No,63
2026-08-16,Saturday,02:30,Harbor View Mall,80,17,63,102,No,No,61
2026-08-16,Saturday,03:00,Harbor View Mall,80,19,61,102,No,No,67
2026-08-16,Saturday,03:30,Harbor View Mall,80,19,61,89,No,No,64
2026-08-16,Saturday,04:00,Harbor View Mall,80,17,63,83,No,No,60
2026-08-16,Saturday,04:30,Harbor View Mall,80,16,64,78,No,No,64
2026-08-16,Saturday,05:00,Harbor View Mall,80,14,66,103,No,No,64
2026-08-16,Saturday,05:30,Harbor View Mall,80,17,63,86,No,No,68
2026-08-16,Sunday,06:00,Harbor View Mall,80,14,66,91,No,Yes,65
2026-08-16,Sunday,06:30,Harbor View Mall,80,19,61,76,No,Yes,66
2026-08-16,Sunday,07:00,Harbor View Mall,80,12,68,87,No,Yes,63
2026-08-16,Sunday,07:30,Harbor View Mall,80,18,62,78,No,Yes,62
2026-08-16,Sunday,08:00,Harbor View Mall,80,20,60,76,No,Yes,66
2026-08-16,Sunday,08:30,Harbor View Mall,80,15,65,83,No,Yes,63
2026-08-16,Sunday,09:00,Harbor View Mall,80,16,64,78,No,Yes,62
2026-08-16,Sunday,09:30,Harbor View Mall,80,17,63,80,No,Yes,65
2026-08-16,Sunday,10:00,Harbor View Mall,80,10,70,98,No,Yes,60
2026-08-16,Sunday,10:30,Harbor View Mall,80,17,63,98,No,Yes,67
2026-08-16,Sunday,11:00,Harbor View Mall,80,42,38,77,No,Yes,34
2026-08-16,Sunday,11:30,Harbor View Mall,80,47,33,89,No,Yes,31
2026-08-16,Sunday,12:00,Harbor View Mall,80,53,27,90,No,Yes,26
2026-08-16,Sunday,12:30,Harbor View Mall,80,61,19,83,No,Yes,21
2026-08-16,Sunday,13:00,Harbor View Mall,80,65,15,99,No,Yes,14
2026-08-16,Sunday,13:30,Harbor View Mall,80,67,13,90,No,Yes,11
2026-08-16,Sunday,14:00,Harbor View Mall,80,70,10,82,No,Yes,11
2026-08-16,Sunday,14:30,Harbor View Mall,80,73,7,75,No,Yes,3
2026-08-16,Sunday,15:00,Harbor View Mall,80,73,7,101,No,Yes,5
2026-08-16,Sunday,15:30,Harbor View Mall,80,73,7,99,No,Yes,7
2026-08-16,Sunday,16:00,Harbor View Mall,80,78,2,84,No,Yes,5
2026-08-16,Sunday,16:30,Harbor View Mall,80,77,3,90,No,Yes,2
2026-08-16,Sunday,17:00,Harbor View Mall,80,75,5,83,No,Yes,8
2026-08-16,Sunday,17:30,Harbor View Mall,80,69,11,89,No,Yes,10
2026-08-16,Sunday,18:00,Harbor View Mall,80,69,11,97,No,Yes,12
2026-08-16,Sunday,18:30,Harbor View Mall,80,69,11,96,No,Yes,13
2026-08-16,Sunday,19:00,Harbor View Mall,80,63,17,94,No,Yes,21
2026-08-16,Sunday,19:30,Harbor View Mall,80,60,20,91,No,Yes,28
2026-08-16,Sunday,20:00,Harbor View Mall,80,56,24,88,No,Yes,28
2026-08-16,Sunday,20:30,Harbor View Mall,80,48,32,79,No,Yes,37
2026-08-16,Sunday,21:00,Harbor View Mall,80,21,59,93,No,Yes,64
2026-08-16,Sunday,21:30,Harbor View Mall,80,19,61,81,No,Yes,69
2026-08-16,Sunday,22:00,Harbor View Mall,80,20,60,95,No,Yes,61
2026-08-16,Sunday,22:30,Harbor View Mall,80,16,64,91,No,Yes,66
2026-08-16,Sunday,23:00,Harbor View Mall,80,18,62,93,No,Yes,68
2026-08-16,Sunday,23:30,Harbor View Mall,80,20,60,91,No,Yes,65
2026-08-17,Sunday,00:00,Harbor View Mall,80,22,58,93,No,Yes,63
2026-08-17,Sunday,00:30,Harbor View Mall,80,17,63,90,No,Yes,62
2026-08-17,Sunday,01:00,Harbor View Mall,80,18,62,84,No,Yes,67
2026-08-17,Sunday,01:30,Harbor View Mall,80,14,66,100,No,Yes,64
2026-08-17,Sunday,02:00,Harbor View Mall,80,11,69,78,No,Yes,64
2026-08-17,Sunday,02:30,Harbor View Mall,80,10,70,75,No,Yes,59
2026-08-17,Sunday,03:00,Harbor View Mall,80,19,61,91,No,Yes,69
2026-08-17,Sunday,03:30,Harbor View Mall,80,15,65,83,No,Yes,62
2026-08-17,Sunday,04:00,Harbor View Mall,80,14,66,84,No,Yes,63
2026-08-17,Sunday,04:30,Harbor View Mall,80,14,66,95,No,Yes,58
2026-08-17,Sunday,05:00,Harbor View Mall,80,13,67,104,No,Yes,62
2026-08-17,Sunday,05:30,Harbor View Mall,80,16,64,85,No,Yes,63
2026-08-17,Monday,06:00,Harbor View Mall,80,7,73,81,No,No,69
2026-08-17,Monday,06:30,Harbor View Mall,80,11,69,92,No,No,71
2026-08-17,Monday,07:00,Harbor View Mall,80,9,71,91,No,No,67
2026-08-17,Monday,07:30,Harbor View Mall,80,9,71,89,No,No,68
2026-08-17,Monday,08:00,Harbor View Mall,80,13,67,104,No,No,69
2026-08-17,Monday,08:30,Harbor View Mall,80,13,67,94,No,No,70
2026-08-17,Monday,09:00,Harbor View Mall,80,11,69,94,No,No,69
2026-08-17,Monday,09:30,Harbor View Mall,80,10,70,87,No,No,68
2026-08-17,Monday,10:00,Harbor View Mall,80,32,48,91,No,No,47
2026-08-17,Monday,10:30,Harbor View Mall,80,36,44,76,No,No,36
2026-08-17,Monday,11:00,Harbor View Mall,80,41,39,78,No,No,37
2026-08-17,Monday,11:30,Harbor View Mall,80,47,33,84,No,No,29
2026-08-17,Monday,12:00,Harbor View Mall,80,49,31,102,No,No,24
2026-08-17,Monday,12:30,Harbor View Mall,80,56,24,96,No,No,21
2026-08-17,Monday,13:00,Harbor View Mall,80,57,23,97,No,No,21
2026-08-17,Monday,13:30,Harbor View Mall,80,65,15,98,No,No,18
2026-08-17,Monday,14:00,Harbor View Mall,80,66,14,103,No,No,12
2026-08-17,Monday,14:30,Harbor View Mall,80,67,13,84,No,No,11
2026-08-17,Monday,15:00,Harbor View Mall,80,64,16,104,No,No,12
2026-08-17,Monday,15:30,Harbor View Mall,80,66,14,97,No,No,15
2026-08-17,Monday,16:00,Harbor View Mall,80,68,12,79,No,No,15
2026-08-17,Monday,16:30,Harbor View Mall,80,65,15,78,No,No,17
2026-08-17,Monday,17:00,Harbor View Mall,80,67,13,75,No,No,17
2026-08-17,Monday,17:30,Harbor View Mall,80,65,15,76,No,No,21
2026-08-17,Monday,18:00,Harbor View Mall,80,62,18,90,No,No,21
2026-08-17,Monday,18:30,Harbor View Mall,80,58,22,101,No,No,29
2026-08-17,Monday,19:00,Harbor View Mall,80,53,27,94,No,No,29
2026-08-17,Monday,19:30,Harbor View Mall,80,45,35,94,No,No,38
2026-08-17,Monday,20:00,Harbor View Mall,80,40,40,75,No,No,39
2026-08-17,Monday,20:30,Harbor View Mall,80,35,45,96,No,No,46
2026-08-17,Monday,21:00,Harbor View Mall,80,10,70,97,No,No,70
2026-08-17,Monday,21:30,Harbor View Mall,80,10,70,105,No,No,72
2026-08-17,Monday,22:00,Harbor View Mall,80,8,72,100,No,No,73
2026-08-17,Monday,22:30,Harbor View Mall,80,8,72,89,No,No,73
2026-08-17,Monday,23:00,Harbor View Mall,80,12,68,95,No,No,69
2026-08-17,Monday,23:30,Harbor View Mall,80,11,69,105,No,No,73
2026-08-18,Monday,00:00,Harbor View Mall,80,12,68,80,No,No,71
2026-08-18,Monday,00:30,Harbor View Mall,80,10,70,97,No,No,74
2026-08-18,Monday,01:00,Harbor View Mall,80,10,70,95,No,No,67
2026-08-18,Monday,01:30,Harbor View Mall,80,12,68,83,No,No,71
2026-08-18,Monday,02:00,Harbor View Mall,80,10,70,101,No,No,69
2026-08-18,Monday,02:30,Harbor View Mall,80,11,69,93,No,No,71
2026-08-18,Monday,03:00,Harbor View Mall,80,12,68,97,No,No,70
2026-08-18,Monday,03:30,Harbor View Mall,80,5,75,87,No,No,71
2026-08-18,Monday,04:00,Harbor View Mall,80,11,69,96,No,No,68
2026-08-18,Monday,04:30,Harbor View Mall,80,13,67,99,No,No,68
2026-08-18,Monday,05:00,Harbor View Mall,80,10,70,80,No,No,65
2026-08-18,Monday,05:30,Harbor View Mall,80,8,72,76,No,No,71
2026-08-18,Tuesday,06:00,Harbor View Mall,80,8,72,94,No,No,74
2026-08-18,Tuesday,06:30,Harbor View Mall,80,13,67,89,No,No,72
2026-08-18,Tuesday,07:00,Harbor View Mall,80,11,69,83,No,No,70
2026-08-18,Tuesday,07:30,Harbor View Mall,80,13,67,88,No,No,71
2026-08-18,Tuesday,08:00,Harbor View Mall,80,9,71,95,No,No,74
2026-08-18,Tuesday,08:30,Harbor View Mall,80,9,71,75,No,No,73
2026-08-18,Tuesday,09:00,Harbor View Mall,80,14,66,80,No,No,69
2026-08-18,Tuesday,09:30,Harbor View Mall,80,12,68,81,No,No,71
2026-08-18,Tuesday,10:00,Harbor View Mall,80,35,45,94,No,No,42
2026-08-18,Tuesday,10:30,Harbor View Mall,80,34,46,100,No,No,40
2026-08-18,Tuesday,11:00,Harbor View Mall,80,45,35,87,No,No,34
2026-08-18,Tuesday,11:30,Harbor View Mall,80,49,31,79,No,No,31
2026-08-18,Tuesday,12:00,Harbor View Mall,80,51,29,78,No,No,29
2026-08-18,Tuesday,12:30,Harbor View Mall,80,54,26,92,No,No,24
2026-08-18,Tuesday,13:00,Harbor View Mall,80,58,22,105,No,No,17
2026-08-18,Tuesday,13:30,Harbor View Mall,80,64,16,87,No,No,19
2026-08-18,Tuesday,14:00,Harbor View Mall,80,63,17,102,No,No,15
2026-08-18,Tuesday,14:30,Harbor View Mall,80,67,13,92,No,No,10
2026-08-18,Tuesday,15:00,Harbor View Mall,80,68,12,104,No,No,13
2026-08-18,Tuesday,15:30,Harbor View Mall,80,65,15,94,No,No,11
2026-08-18,Tuesday,16:00,Harbor View Mall,80,68,12,78,No,No,10
2026-08-18,Tuesday,16:30,Harbor View Mall,80,68,12,83,No,No,18
2026-08-18,Tuesday,17:00,Harbor View Mall,80,63,17,88,No,No,18
2026-08-18,Tuesday,17:30,Harbor View Mall,80,59,21,99,No,No,22
2026-08-18,Tuesday,18:00,Harbor View Mall,80,61,19,101,No,No,20
2026-08-18,Tuesday,18:30,Harbor View Mall,80,58,22,96,No,No,30
2026-08-18,Tuesday,19:00,Harbor View Mall,80,49,31,90,No,No,29
2026-08-18,Tuesday,19:30,Harbor View Mall,80,48,32,103,No,No,34
2026-08-18,Tuesday,20:00,Harbor View Mall,80,39,41,100,No,No,38
2026-08-18,Tuesday,20:30,Harbor View Mall,80,37,43,105,No,No,45
2026-08-18,Tuesday,21:00,Harbor View Mall,80,9,71,104,No,No,70
2026-08-18,Tuesday,21:30,Harbor View Mall,80,8,72,76,No,No,72
2026-08-18,Tuesday,22:00,Harbor View Mall,80,11,69,90,No,No,71
2026-08-18,Tuesday,22:30,Harbor View Mall,80,10,70,76,No,No,71
2026-08-18,Tuesday,23:00,Harbor View Mall,80,12,68,87,No,No,73
2026-08-18,Tuesday,23:30,Harbor View Mall,80,7,73,99,No,No,69
2026-08-19,Tuesday,00:00,Harbor View Mall,80,12,68,78,No,No,69
2026-08-19,Tuesday,00:30,Harbor View Mall,80,12,68,81,No,No,74
2026-08-19,Tuesday,01:00,Harbor View Mall,80,10,70,75,No,No,67
2026-08-19,Tuesday,01:30,Harbor View Mall,80,10,70,93,No,No,70
2026-08-19,Tuesday,02:00,Harbor View Mall,80,6,74,76,No,No,74
2026-08-19,Tuesday,02:30,Harbor View Mall,80,13,67,86,No,No,70
2026-08-19,Tuesday,03:00,Harbor View Mall,80,7,73,87,No,No,73
2026-08-19,Tuesday,03:30,Harbor View Mall,80,10,70,92,No,No,66
2026-08-19,Tuesday,04:00,Harbor View Mall,80,10,70,102,No,No,66
2026-08-19,Tuesday,04:30,Harbor View Mall,80,10,70,84,No,No,70
2026-08-19,Tuesday,05:00,Harbor View Mall,80,7,73,92,No,No,67
2026-08-19,Tuesday,05:30,Harbor View Mall,80,7,73,94,No,No,66
2026-08-19,Wednesday,06:00,Harbor View Mall,80,9,71,84,No,No,68
2026-08-19,Wednesday,06:30,Harbor View Mall,80,6,74,79,No,No,69
2026-08-19,Wednesday,07:00,Harbor View Mall,80,8,72,105,No,No,73
2026-08-19,Wednesday,07:30,Harbor View Mall,80,12,68,87,No,No,69
2026-08-19,Wednesday,08:00,Harbor View Mall,80,12,68,87,No,No,73
2026-08-19,Wednesday,08:30,Harbor View Mall,80,11,69,81,No,No,69
2026-08-19,Wednesday,09:00,Harbor View Mall,80,9,71,76,No,No,71
2026-08-19,Wednesday,09:30,Harbor View Mall,80,11,69,103,No,No,69
2026-08-19,Wednesday,10:00,Harbor View Mall,80,34,46,81,No,No,46
2026-08-19,Wednesday,10:30,Harbor View Mall,80,38,42,101,No,No,37
2026-08-19,Wednesday,11:00,Harbor View Mall,80,44,36,100,No,No,33
2026-08-19,Wednesday,11:30,Harbor View Mall,80,49,31,76,No,No,30
2026-08-19,Wednesday,12:00,Harbor View Mall,80,53,27,105,No,No,25
2026-08-19,Wednesday,12:30,Harbor View Mall,80,59,21,102,No,No,22
2026-08-19,Wednesday,13:00,Harbor View Mall,80,60,20,88,No,No,18
2026-08-19,Wednesday,13:30,Harbor View Mall,80,61,19,91,No,No,13
2026-08-19,Wednesday,14:00,Harbor View Mall,80,66,14,89,No,No,11
2026-08-19,Wednesday,14:30,Harbor View Mall,80,69,11,79,No,No,14
2026-08-19,Wednesday,15:00,Harbor View Mall,80,71,9,96,No,No,15
2026-08-19,Wednesday,15:30,Harbor View Mall,80,70,10,82,No,No,13
2026-08-19,Wednesday,16:00,Harbor View Mall,80,67,13,93,No,No,12
2026-08-19,Wednesday,16:30,Harbor View Mall,80,65,15,86,No,No,16
2026-08-19,Wednesday,17:00,Harbor View Mall,80,67,13,95,No,No,16
2026-08-19,Wednesday,17:30,Harbor View Mall,80,61,19,78,No,No,19
2026-08-19,Wednesday,18:00,Harbor View Mall,80,58,22,101,No,No,25
2026-08-19,Wednesday,18:30,Harbor View Mall,80,52,28,89,No,No,30
2026-08-19,Wednesday,19:00,Harbor View Mall,80,54,26,76,No,No,32
2026-08-19,Wednesday,19:30,Harbor View Mall,80,47,33,102,No,No,37
2026-08-19,Wednesday,20:00,Harbor View Mall,80,45,35,93,No,No,43
2026-08-19,Wednesday,20:30,Harbor View Mall,80,37,43,94,No,No,43
2026-08-19,Wednesday,21:00,Harbor View Mall,80,10,70,89,No,No,69
2026-08-19,Wednesday,21:30,Harbor View Mall,80,7,73,79,No,No,68
2026-08-19,Wednesday,22:00,Harbor View Mall,80,6,74,82,No,No,67
2026-08-19,Wednesday,22:30,Harbor View Mall,80,10,70,93,No,No,68
2026-08-19,Wednesday,23:00,Harbor View Mall,80,9,71,83,No,No,66
2026-08-19,Wednesday,23:30,Harbor View Mall,80,12,68,92,No,No,73
2026-08-20,Wednesday,00:00,Harbor View Mall,80,6,74,89,No,No,71
2026-08-20,Wednesday,00:30,Harbor View Mall,80,11,69,101,No,No,67
2026-08-20,Wednesday,01:00,Harbor View Mall,80,9,71,79,No,No,68
2026-08-20,Wednesday,01:30,Harbor View Mall,80,10,70,103,No,No,67
2026-08-20,Wednesday,02:00,Harbor View Mall,80,8,72,80,No,No,71
2026-08-20,Wednesday,02:30,Harbor View Mall,80,12,68,78,No,No,68
2026-08-20,Wednesday,03:00,Harbor View Mall,80,12,68,91,No,No,69
2026-08-20,Wednesday,03:30,Harbor View Mall,80,10,70,93,No,No,67
2026-08-20,Wednesday,04:00,Harbor View Mall,80,15,65,77,No,No,68
2026-08-20,Wednesday,04:30,Harbor View Mall,80,12,68,93,No,No,72
2026-08-20,Wednesday,05:00,Harbor View Mall,80,7,73,103,No,No,70
2026-08-20,Wednesday,05:30,Harbor View Mall,80,7,73,89,No,No,67
2026-08-20,Thursday,06:00,Harbor View Mall,80,10,70,100,No,No,69
2026-08-20,Thursday,06:30,Harbor View Mall,80,10,70,78,No,No,69
2026-08-20,Thursday,07:00,Harbor View Mall,80,9,71,77,No,No,67
2026-08-20,Thursday,07:30,Harbor View Mall,80,11,69,94,No,No,69
2026-08-20,Thursday,08:00,Harbor View Mall,80,10,70,79,No,No,67
2026-08-20,Thursday,08:30,Harbor View Mall,80,7,73,96,No,No,72
2026-08-20,Thursday,09:00,Harbor View Mall,80,10,70,77,No,No,71
2026-08-20,Thursday,09:30,Harbor View Mall,80,14,66,103,No,No,72
2026-08-20,Thursday,10:00,Harbor View Mall,80,31,49,78,No,No,43
2026-08-20,Thursday,10:30,Harbor View Mall,80,40,40,97,No,No,38
2026-08-20,Thursday,11:00,Harbor View Mall,80,45,35,79,No,No,32
2026-08-20,Thursday,11:30,Harbor View Mall,80,48,32,75,No,No,27
2026-08-20,Thursday,12:00,Harbor View Mall,80,52,28,79,No,No,26
2026-08-20,Thursday,12:30,Harbor View Mall,80,58,22,87,No,No,23
2026-08-20,Thursday,13:00,Harbor View Mall,80,60,20,87,No,No,20
2026-08-20,Thursday,13:30,Harbor View Mall,80,60,20,84,No,No,13
2026-08-20,Thursday,14:00,Harbor View Mall,80,64,16,103,No,No,13
2026-08-20,Thursday,14:30,Harbor View Mall,80,70,10,78,No,No,16
2026-08-20,Thursday,15:00,Harbor View Mall,80,70,10,98,No,No,9
2026-08-20,Thursday,15:30,Harbor View Mall,80,67,13,104,No,No,12
2026-08-20,Thursday,16:00,Harbor View Mall,80,67,13,101,No,No,11
2026-08-20,Thursday,16:30,Harbor View Mall,80,64,16,97,No,No,17
2026-08-20,Thursday,17:00,Harbor View Mall,80,65,15,99,No,No,15
2026-08-20,Thursday,17:30,Harbor View Mall,80,60,20,91,No,No,17
2026-08-20,Thursday,18:00,Harbor View Mall,80,60,20,93,No,No,22
2026-08-20,Thursday,18:30,Harbor View Mall,80,55,25,89,No,No,28
2026-08-20,Thursday,19:00,Harbor View Mall,80,53,27,91,No,No,33
2026-08-20,Thursday,19:30,Harbor View Mall,80,44,36,99,No,No,38
2026-08-20,Thursday,20:00,Harbor View Mall,80,39,41,85,No,No,41
2026-08-20,Thursday,20:30,Harbor View Mall,80,38,42,91,No,No,44
2026-08-20,Thursday,21:00,Harbor View Mall,80,8,72,88,No,No,66
2026-08-20,Thursday,21:30,Harbor View Mall,80,13,67,76,No,No,70
2026-08-20,Thursday,22:00,Harbor View Mall,80,12,68,91,No,No,72
2026-08-20,Thursday,22:30,Harbor View Mall,80,7,73,80,No,No,68
2026-08-20,Thursday,23:00,Harbor View Mall,80,10,70,84,No,No,72
2026-08-20,Thursday,23:30,Harbor View Mall,80,8,72,82,No,No,69
2026-08-21,Thursday,00:00,Harbor View Mall,80,9,71,99,No,No,69
2026-08-21,Thursday,00:30,Harbor View Mall,80,8,72,92,No,No,72
2026-08-21,Thursday,01:00,Harbor View Mall,80,12,68,81,No,No,71
2026-08-21,Thursday,01:30,Harbor View Mall,80,10,70,79,No,No,70
2026-08-21,Thursday,02:00,Harbor View Mall,80,11,69,102,No,No,73
2026-08-21,Thursday,02:30,Harbor View Mall,80,13,67,79,No,No,72
2026-08-21,Thursday,03:00,Harbor View Mall,80,9,71,77,No,No,74
2026-08-21,Thursday,03:30,Harbor View Mall,80,10,70,85,No,No,68
2026-08-21,Thursday,04:00,Harbor View Mall,80,13,67,97,No,No,74
2026-08-21,Thursday,04:30,Harbor View Mall,80,10,70,97,No,No,68
2026-08-21,Thursday,05:00,Harbor View Mall,80,13,67,103,No,No,71
2026-08-21,Thursday,05:30,Harbor View Mall,80,12,68,93,No,No,71
2026-08-01,Saturday,06:00,Silicon Tech Park,150,28,122,251,No,No,118
2026-08-01,Saturday,06:30,Silicon Tech Park,150,29,121,229,No,No,113
2026-08-01,Saturday,07:00,Silicon Tech Park,150,33,117,255,No,No,114
2026-08-01,Saturday,07:30,Silicon Tech Park,150,27,123,231,No,No,122
2026-08-01,Saturday,08:00,Silicon Tech Park,150,34,116,242,No,No,115
2026-08-01,Saturday,08:30,Silicon Tech Park,150,32,118,226,No,No,120
2026-08-01,Saturday,09:00,Silicon Tech Park,150,34,116,237,No,No,121
2026-08-01,Saturday,09:30,Silicon Tech Park,150,32,118,236,No,No,116
2026-08-01,Saturday,10:00,Silicon Tech Park,150,36,114,230,No,No,115
2026-08-01,Saturday,10:30,Silicon Tech Park,150,28,122,253,No,No,120
2026-08-01,Saturday,11:00,Silicon Tech Park,150,32,118,250,No,No,119
2026-08-01,Saturday,11:30,Silicon Tech Park,150,29,121,242,No,No,126
2026-08-01,Saturday,12:00,Silicon Tech Park,150,34,116,228,No,No,118
2026-08-01,Saturday,12:30,Silicon Tech Park,150,24,126,249,No,No,118
2026-08-01,Saturday,13:00,Silicon Tech Park,150,23,127,235,No,No,126
2026-08-01,Saturday,13:30,Silicon Tech Park,150,24,126,230,No,No,129
2026-08-01,Saturday,14:00,Silicon Tech Park,150,21,129,228,No,No,129
2026-08-01,Saturday,14:30,Silicon Tech Park,150,25,125,229,No,No,130
2026-08-01,Saturday,15:00,Silicon Tech Park,150,24,126,250,No,No,130
2026-08-01,Saturday,15:30,Silicon Tech Park,150,15,135,246,No,No,135
2026-08-01,Saturday,16:00,Silicon Tech Park,150,14,136,241,No,No,130
2026-08-01,Saturday,16:30,Silicon Tech Park,150,10,140,238,No,No,132
2026-08-01,Saturday,17:00,Silicon Tech Park,150,16,134,233,No,No,138
2026-08-01,Saturday,17:30,Silicon Tech Park,150,12,138,250,No,No,139
2026-08-01,Saturday,18:00,Silicon Tech Park,150,6,144,254,No,No,140
2026-08-01,Saturday,18:30,Silicon Tech Park,150,8,142,232,No,No,137
2026-08-01,Saturday,19:00,Silicon Tech Park,150,8,142,234,No,No,145
2026-08-01,Saturday,19:30,Silicon Tech Park,150,4,146,253,No,No,147
2026-08-01,Saturday,20:00,Silicon Tech Park,150,3,147,245,No,No,138
2026-08-01,Saturday,20:30,Silicon Tech Park,150,4,146,244,No,No,144
2026-08-01,Saturday,21:00,Silicon Tech Park,150,10,140,225,No,No,147
2026-08-01,Saturday,21:30,Silicon Tech Park,150,3,147,237,No,No,144
2026-08-01,Saturday,22:00,Silicon Tech Park,150,3,147,254,No,No,143
2026-08-01,Saturday,22:30,Silicon Tech Park,150,5,145,227,No,No,147
2026-08-01,Saturday,23:00,Silicon Tech Park,150,4,146,236,No,No,141
2026-08-01,Saturday,23:30,Silicon Tech Park,150,3,147,251,No,No,143
2026-08-02,Saturday,00:00,Silicon Tech Park,150,15,135,232,No,No,135
2026-08-02,Saturday,00:30,Silicon Tech Park,150,17,133,236,No,No,133
2026-08-02,Saturday,01:00,Silicon Tech Park,150,18,132,248,No,No,134
2026-08-02,Saturday,01:30,Silicon Tech Park,150,17,133,252,No,No,121
2026-08-02,Saturday,02:00,Silicon Tech Park,150,24,126,228,No,No,122
2026-08-02,Saturday,02:30,Silicon Tech Park,150,21,129,226,No,No,126
2026-08-02,Saturday,03:00,Silicon Tech Park,150,28,122,232,No,No,120
2026-08-02,Saturday,03:30,Silicon Tech Park,150,25,125,226,No,No,126
2026-08-02,Saturday,04:00,Silicon Tech Park,150,27,123,250,No,No,122
2026-08-02,Saturday,04:30,Silicon Tech Park,150,33,117,251,No,No,122
2026-08-02,Saturday,05:00,Silicon Tech Park,150,26,124,227,No,No,119
2026-08-02,Saturday,05:30,Silicon Tech Park,150,35,115,247,No,No,119
2026-08-02,Sunday,06:00,Silicon Tech Park,150,79,71,251,Yes,No,84
2026-08-02,Sunday,06:30,Silicon Tech Park,150,68,82,237,Yes,No,82
2026-08-02,Sunday,07:00,Silicon Tech Park,150,77,73,241,Yes,No,82
2026-08-02,Sunday,07:30,Silicon Tech Park,150,74,76,245,Yes,No,81
2026-08-02,Sunday,08:00,Silicon Tech Park,150,75,75,238,Yes,No,66
2026-08-02,Sunday,08:30,Silicon Tech Park,150,77,73,232,Yes,No,65
2026-08-02,Sunday,09:00,Silicon Tech Park,150,70,80,249,Yes,No,77
2026-08-02,Sunday,09:30,Silicon Tech Park,150,79,71,237,Yes,No,82
2026-08-02,Sunday,10:00,Silicon Tech Park,150,73,77,234,Yes,No,72
2026-08-02,Sunday,10:30,Silicon Tech Park,150,71,79,230,Yes,No,81
2026-08-02,Sunday,11:00,Silicon Tech Park,150,74,76,237,Yes,No,73
2026-08-02,Sunday,11:30,Silicon Tech Park,150,60,90,232,Yes,No,79
2026-08-02,Sunday,12:00,Silicon Tech Park,150,59,91,251,Yes,No,81
2026-08-02,Sunday,12:30,Silicon Tech Park,150,60,90,225,Yes,No,81
2026-08-02,Sunday,13:00,Silicon Tech Park,150,65,85,240,Yes,No,85
2026-08-02,Sunday,13:30,Silicon Tech Park,150,70,80,241,Yes,No,75
2026-08-02,Sunday,14:00,Silicon Tech Park,150,67,83,238,Yes,No,85
2026-08-02,Sunday,14:30,Silicon Tech Park,150,51,99,248,Yes,No,84
2026-08-02,Sunday,15:00,Silicon Tech Park,150,56,94,253,Yes,No,83
2026-08-02,Sunday,15:30,Silicon Tech Park,150,67,83,248,Yes,No,107
2026-08-02,Sunday,16:00,Silicon Tech Park,150,68,82,234,Yes,No,100
2026-08-02,Sunday,16:30,Silicon Tech Park,150,56,94,253,Yes,No,102
2026-08-02,Sunday,17:00,Silicon Tech Park,150,68,82,231,Yes,No,97
2026-08-02,Sunday,17:30,Silicon Tech Park,150,58,92,240,Yes,No,85
2026-08-02,Sunday,18:00,Silicon Tech Park,150,58,92,252,Yes,No,94
2026-08-02,Sunday,18:30,Silicon Tech Park,150,45,105,235,Yes,No,104
2026-08-02,Sunday,19:00,Silicon Tech Park,150,51,99,234,Yes,No,110
2026-08-02,Sunday,19:30,Silicon Tech Park,150,39,111,228,Yes,No,111
2026-08-02,Sunday,20:00,Silicon Tech Park,150,55,95,242,Yes,No,117
2026-08-02,Sunday,20:30,Silicon Tech Park,150,59,91,234,Yes,No,104
2026-08-02,Sunday,21:00,Silicon Tech Park,150,57,93,244,Yes,No,101
2026-08-02,Sunday,21:30,Silicon Tech Park,150,32,118,231,Yes,No,102
2026-08-02,Sunday,22:00,Silicon Tech Park,150,42,108,233,Yes,No,103
2026-08-02,Sunday,22:30,Silicon Tech Park,150,44,106,237,Yes,No,106
2026-08-02,Sunday,23:00,Silicon Tech Park,150,51,99,250,Yes,No,100
2026-08-02,Sunday,23:30,Silicon Tech Park,150,56,94,225,Yes,No,111
2026-08-03,Sunday,00:00,Silicon Tech Park,150,51,99,229,Yes,No,102
2026-08-03,Sunday,00:30,Silicon Tech Park,150,56,94,226,Yes,No,86
2026-08-03,Sunday,01:00,Silicon Tech Park,150,58,92,234,Yes,No,83
2026-08-03,Sunday,01:30,Silicon Tech Park,150,67,83,237,Yes,No,77
2026-08-03,Sunday,02:00,Silicon Tech Park,150,78,72,227,Yes,No,65
2026-08-03,Sunday,02:30,Silicon Tech Park,150,57,93,251,Yes,No,82
2026-08-03,Sunday,03:00,Silicon Tech Park,150,76,74,247,Yes,No,78
2026-08-03,Sunday,03:30,Silicon Tech Park,150,66,84,236,Yes,No,67
2026-08-03,Sunday,04:00,Silicon Tech Park,150,72,78,236,Yes,No,70
2026-08-03,Sunday,04:30,Silicon Tech Park,150,63,87,255,Yes,No,61
2026-08-03,Sunday,05:00,Silicon Tech Park,150,71,79,231,Yes,No,89
2026-08-03,Sunday,05:30,Silicon Tech Park,150,87,63,228,Yes,No,81
2026-08-03,Monday,06:00,Silicon Tech Park,150,31,119,245,No,No,116
2026-08-03,Monday,06:30,Silicon Tech Park,150,40,110,226,No,No,113
2026-08-03,Monday,07:00,Silicon Tech Park,150,39,111,233,No,No,87
2026-08-03,Monday,07:30,Silicon Tech Park,150,62,88,251,No,No,61
2026-08-03,Monday,08:00,Silicon Tech Park,150,101,49,240,No,No,38
2026-08-03,Monday,08:30,Silicon Tech Park,150,112,38,240,No,No,20
2026-08-03,Monday,09:00,Silicon Tech Park,150,133,17,245,No,No,12
2026-08-03,Monday,09:30,Silicon Tech Park,150,126,24,226,No,No,20
2026-08-03,Monday,10:00,Silicon Tech Park,150,126,24,247,No,No,16
2026-08-03,Monday,10:30,Silicon Tech Park,150,136,14,252,No,No,21
2026-08-03,Monday,11:00,Silicon Tech Park,150,138,12,251,No,No,20
2026-08-03,Monday,11:30,Silicon Tech Park,150,139,11,245,No,No,15
2026-08-03,Monday,12:00,Silicon Tech Park,150,138,12,252,No,No,6
2026-08-03,Monday,12:30,Silicon Tech Park,150,141,9,231,No,No,8
2026-08-03,Monday,13:00,Silicon Tech Park,150,143,7,235,No,No,6
2026-08-03,Monday,13:30,Silicon Tech Park,150,144,6,235,No,No,15
2026-08-03,Monday,14:00,Silicon Tech Park,150,142,8,243,No,No,13
2026-08-03,Monday,14:30,Silicon Tech Park,150,144,6,225,No,No,14
2026-08-03,Monday,15:00,Silicon Tech Park,150,139,11,251,No,No,19
2026-08-03,Monday,15:30,Silicon Tech Park,150,140,10,231,No,No,16
2026-08-03,Monday,16:00,Silicon Tech Park,150,131,19,248,No,No,22
2026-08-03,Monday,16:30,Silicon Tech Park,150,129,21,226,No,No,24
2026-08-03,Monday,17:00,Silicon Tech Park,150,131,19,241,No,No,35
2026-08-03,Monday,17:30,Silicon Tech Park,150,108,42,251,No,No,69
2026-08-03,Monday,18:00,Silicon Tech Park,150,80,70,233,No,No,89
2026-08-03,Monday,18:30,Silicon Tech Park,150,60,90,239,No,No,98
2026-08-03,Monday,19:00,Silicon Tech Park,150,52,98,243,No,No,112
2026-08-03,Monday,19:30,Silicon Tech Park,150,9,141,254,No,No,134
2026-08-03,Monday,20:00,Silicon Tech Park,150,11,139,230,No,No,136
2026-08-03,Monday,20:30,Silicon Tech Park,150,16,134,225,No,No,134
2026-08-03,Monday,21:00,Silicon Tech Park,150,14,136,231,No,No,139
2026-08-03,Monday,21:30,Silicon Tech Park,150,14,136,253,No,No,142
2026-08-03,Monday,22:00,Silicon Tech Park,150,13,137,251,No,No,134
2026-08-03,Monday,22:30,Silicon Tech Park,150,7,143,252,No,No,136
2026-08-03,Monday,23:00,Silicon Tech Park,150,8,142,229,No,No,141
2026-08-03,Monday,23:30,Silicon Tech Park,150,7,143,234,No,No,144
2026-08-04,Monday,00:00,Silicon Tech Park,150,21,129,235,No,No,123
2026-08-04,Monday,00:30,Silicon Tech Park,150,28,122,233,No,No,129
2026-08-04,Monday,01:00,Silicon Tech Park,150,22,128,234,No,No,125
2026-08-04,Monday,01:30,Silicon Tech Park,150,26,124,227,No,No,122
2026-08-04,Monday,02:00,Silicon Tech Park,150,30,120,236,No,No,122
2026-08-04,Monday,02:30,Silicon Tech Park,150,30,120,251,No,No,117
2026-08-04,Monday,03:00,Silicon Tech Park,150,35,115,226,No,No,119
2026-08-04,Monday,03:30,Silicon Tech Park,150,31,119,229,No,No,123
2026-08-04,Monday,04:00,Silicon Tech Park,150,30,120,247,No,No,117
2026-08-04,Monday,04:30,Silicon Tech Park,150,35,115,246,No,No,121
2026-08-04,Monday,05:00,Silicon Tech Park,150,38,112,247,No,No,116
2026-08-04,Monday,05:30,Silicon Tech Park,150,37,113,248,No,No,121
2026-08-04,Tuesday,06:00,Silicon Tech Park,150,30,120,233,No,No,119
2026-08-04,Tuesday,06:30,Silicon Tech Park,150,29,121,254,No,No,114
2026-08-04,Tuesday,07:00,Silicon Tech Park,150,37,113,230,No,No,93
2026-08-04,Tuesday,07:30,Silicon Tech Park,150,66,84,235,No,No,65
2026-08-04,Tuesday,08:00,Silicon Tech Park,150,100,50,243,No,No,42
2026-08-04,Tuesday,08:30,Silicon Tech Park,150,118,32,228,No,No,19
2026-08-04,Tuesday,09:00,Silicon Tech Park,150,126,24,225,No,No,16
2026-08-04,Tuesday,09:30,Silicon Tech Park,150,129,21,235,No,No,26
2026-08-04,Tuesday,10:00,Silicon Tech Park,150,128,22,254,No,No,23
2026-08-04,Tuesday,10:30,Silicon Tech Park,150,128,22,242,No,No,22
2026-08-04,Tuesday,11:00,Silicon Tech Park,150,136,14,250,No,No,13
2026-08-04,Tuesday,11:30,Silicon Tech Park,150,135,15,247,No,No,14
2026-08-04,Tuesday,12:00,Silicon Tech Park,150,135,15,251,No,No,9
2026-08-04,Tuesday,12:30,Silicon Tech Park,150,137,13,244,No,No,9
2026-08-04,Tuesday,13:00,Silicon Tech Park,150,134,16,234,No,No,5
2026-08-04,Tuesday,13:30,Silicon Tech Park,150,143,7,232,No,No,6
2026-08-04,Tuesday,14:00,Silicon Tech Park,150,134,16,241,No,No,12
2026-08-04,Tuesday,14:30,Silicon Tech Park,150,144,6,233,No,No,14
2026-08-04,Tuesday,15:00,Silicon Tech Park,150,133,17,225,No,No,18
2026-08-04,Tuesday,15:30,Silicon Tech Park,150,140,10,234,No,No,10
2026-08-04,Tuesday,16:00,Silicon Tech Park,150,134,16,255,No,No,12
2026-08-04,Tuesday,16:30,Silicon Tech Park,150,135,15,243,No,No,24
2026-08-04,Tuesday,17:00,Silicon Tech Park,150,135,15,235,No,No,42
2026-08-04,Tuesday,17:30,Silicon Tech Park,150,102,48,227,No,No,60
2026-08-04,Tuesday,18:00,Silicon Tech Park,150,77,73,250,No,No,86
2026-08-04,Tuesday,18:30,Silicon Tech Park,150,53,97,239,No,No,104
2026-08-04,Tuesday,19:00,Silicon Tech Park,150,42,108,253,No,No,110
2026-08-04,Tuesday,19:30,Silicon Tech Park,150,11,139,230,No,No,140
2026-08-04,Tuesday,20:00,Silicon Tech Park,150,16,134,227,No,No,141
2026-08-04,Tuesday,20:30,Silicon Tech Park,150,17,133,242,No,No,139
2026-08-04,Tuesday,21:00,Silicon Tech Park,150,8,142,240,No,No,143
2026-08-04,Tuesday,21:30,Silicon Tech Park,150,14,136,242,No,No,136
2026-08-04,Tuesday,22:00,Silicon Tech Park,150,11,139,254,No,No,141
2026-08-04,Tuesday,22:30,Silicon Tech Park,150,13,137,239,No,No,136
2026-08-04,Tuesday,23:00,Silicon Tech Park,150,9,141,228,No,No,142
2026-08-04,Tuesday,23:30,Silicon Tech Park,150,6,144,254,No,No,136
2026-08-05,Tuesday,00:00,Silicon Tech Park,150,20,130,253,No,No,125
2026-08-05,Tuesday,00:30,Silicon Tech Park,150,23,127,252,No,No,127
2026-08-05,Tuesday,01:00,Silicon Tech Park,150,23,127,227,No,No,122
2026-08-05,Tuesday,01:30,Silicon Tech Park,150,20,130,243,No,No,119
2026-08-05,Tuesday,02:00,Silicon Tech Park,150,30,120,230,No,No,124
2026-08-05,Tuesday,02:30,Silicon Tech Park,150,28,122,235,No,No,127
2026-08-05,Tuesday,03:00,Silicon Tech Park,150,32,118,244,No,No,115
2026-08-05,Tuesday,03:30,Silicon Tech Park,150,27,123,245,No,No,119
2026-08-05,Tuesday,04:00,Silicon Tech Park,150,28,122,226,No,No,119
2026-08-05,Tuesday,04:30,Silicon Tech Park,150,31,119,235,No,No,121
2026-08-05,Tuesday,05:00,Silicon Tech Park,150,30,120,229,No,No,118
2026-08-05,Tuesday,05:30,Silicon Tech Park,150,33,117,251,No,No,119
2026-08-05,Wednesday,06:00,Silicon Tech Park,150,30,120,230,No,No,114
2026-08-05,Wednesday,06:30,Silicon Tech Park,150,29,121,251,No,No,112
2026-08-05,Wednesday,07:00,Silicon Tech Park,150,40,110,236,No,No,97
2026-08-05,Wednesday,07:30,Silicon Tech Park,150,66,84,252,No,No,60
2026-08-05,Wednesday,08:00,Silicon Tech Park,150,93,57,230,No,No,39
2026-08-05,Wednesday,08:30,Silicon Tech Park,150,119,31,237,No,No,29
2026-08-05,Wednesday,09:00,Silicon Tech Park,150,136,14,245,No,No,17
2026-08-05,Wednesday,09:30,Silicon Tech Park,150,122,28,249,No,No,22
2026-08-05,Wednesday,10:00,Silicon Tech Park,150,131,19,248,No,No,17
2026-08-05,Wednesday,10:30,Silicon Tech Park,150,137,13,250,No,No,16
2026-08-05,Wednesday,11:00,Silicon Tech Park,150,134,16,249,No,No,16
2026-08-05,Wednesday,11:30,Silicon Tech Park,150,142,8,242,No,No,18
2026-08-05,Wednesday,12:00,Silicon Tech Park,150,143,7,230,No,No,11
2026-08-05,Wednesday,12:30,Silicon Tech Park,150,143,7,237,No,No,16
2026-08-05,Wednesday,13:00,Silicon Tech Park,150,137,13,225,No,No,5
2026-08-05,Wednesday,13:30,Silicon Tech Park,150,137,13,243,No,No,10
2026-08-05,Wednesday,14:00,Silicon Tech Park,150,142,8,244,No,No,12
2026-08-05,Wednesday,14:30,Silicon Tech Park,150,138,12,226,No,No,18
2026-08-05,Wednesday,15:00,Silicon Tech Park,150,137,13,252,No,No,15
2026-08-05,Wednesday,15:30,Silicon Tech Park,150,137,13,253,No,No,17
2026-08-05,Wednesday,16:00,Silicon Tech Park,150,132,18,238,No,No,20
2026-08-05,Wednesday,16:30,Silicon Tech Park,150,126,24,251,No,No,23
2026-08-05,Wednesday,17:00,Silicon Tech Park,150,130,20,234,No,No,43
2026-08-05,Wednesday,17:30,Silicon Tech Park,150,102,48,235,No,No,69
2026-08-05,Wednesday,18:00,Silicon Tech Park,150,77,73,228,No,No,90
2026-08-05,Wednesday,18:30,Silicon Tech Park,150,58,92,248,No,No,104
2026-08-05,Wednesday,19:00,Silicon Tech Park,150,42,108,242,No,No,105
2026-08-05,Wednesday,19:30,Silicon Tech Park,150,14,136,245,No,No,132
2026-08-05,Wednesday,20:00,Silicon Tech Park,150,19,131,236,No,No,135
2026-08-05,Wednesday,20:30,Silicon Tech Park,150,18,132,232,No,No,133
2026-08-05,Wednesday,21:00,Silicon Tech Park,150,15,135,254,No,No,138
2026-08-05,Wednesday,21:30,Silicon Tech Park,150,6,144,239,No,No,141
2026-08-05,Wednesday,22:00,Silicon Tech Park,150,7,143,226,No,No,133
2026-08-05,Wednesday,22:30,Silicon Tech Park,150,15,135,245,No,No,144
2026-08-05,Wednesday,23:00,Silicon Tech Park,150,16,134,241,No,No,145
2026-08-05,Wednesday,23:30,Silicon Tech Park,150,12,138,254,No,No,142
2026-08-06,Wednesday,00:00,Silicon Tech Park,150,17,133,237,No,No,121
2026-08-06,Wednesday,00:30,Silicon Tech Park,150,26,124,233,No,No,123
2026-08-06,Wednesday,01:00,Silicon Tech Park,150,29,121,227,No,No,125
2026-08-06,Wednesday,01:30,Silicon Tech Park,150,30,120,228,No,No,122
2026-08-06,Wednesday,02:00,Silicon Tech Park,150,29,121,234,No,No,122
2026-08-06,Wednesday,02:30,Silicon Tech Park,150,25,125,250,No,No,117
2026-08-06,Wednesday,03:00,Silicon Tech Park,150,30,120,236,No,No,123
2026-08-06,Wednesday,03:30,Silicon Tech Park,150,29,121,254,No,No,116
2026-08-06,Wednesday,04:00,Silicon Tech Park,150,27,123,249,No,No,118
2026-08-06,Wednesday,04:30,Silicon Tech Park,150,33,117,226,No,No,113
2026-08-06,Wednesday,05:00,Silicon Tech Park,150,30,120,246,No,No,123
2026-08-06,Wednesday,05:30,Silicon Tech Park,150,27,123,231,No,No,117
2026-08-06,Thursday,06:00,Silicon Tech Park,150,78,72,233,Yes,No,77
2026-08-06,Thursday,06:30,Silicon Tech Park,150,62,88,232,Yes,No,87
2026-08-06,Thursday,07:00,Silicon Tech Park,150,81,69,247,Yes,No,52
2026-08-06,Thursday,07:30,Silicon Tech Park,150,112,38,242,Yes,No,35
2026-08-06,Thursday,08:00,Silicon Tech Park,150,139,11,236,Yes,No,3
2026-08-06,Thursday,08:30,Silicon Tech Park,150,147,3,242,Yes,No,9
2026-08-06,Thursday,09:00,Silicon Tech Park,150,142,8,252,Yes,No,3
2026-08-06,Thursday,09:30,Silicon Tech Park,150,147,3,227,Yes,No,5
2026-08-06,Thursday,10:00,Silicon Tech Park,150,147,3,235,Yes,No,3
2026-08-06,Thursday,10:30,Silicon Tech Park,150,146,4,244,Yes,No,9
2026-08-06,Thursday,11:00,Silicon Tech Park,150,147,3,234,Yes,No,3
2026-08-06,Thursday,11:30,Silicon Tech Park,150,147,3,229,Yes,No,4
2026-08-06,Thursday,12:00,Silicon Tech Park,150,147,3,231,Yes,No,7
2026-08-06,Thursday,12:30,Silicon Tech Park,150,147,3,249,Yes,No,5
2026-08-06,Thursday,13:00,Silicon Tech Park,150,147,3,231,Yes,No,5
2026-08-06,Thursday,13:30,Silicon Tech Park,150,147,3,228,Yes,No,3
2026-08-06,Thursday,14:00,Silicon Tech Park,150,146,4,241,Yes,No,3
2026-08-06,Thursday,14:30,Silicon Tech Park,150,147,3,239,Yes,No,3
2026-08-06,Thursday,15:00,Silicon Tech Park,150,147,3,237,Yes,No,3
2026-08-06,Thursday,15:30,Silicon Tech Park,150,142,8,230,Yes,No,4
2026-08-06,Thursday,16:00,Silicon Tech Park,150,147,3,238,Yes,No,7
2026-08-06,Thursday,16:30,Silicon Tech Park,150,142,8,244,Yes,No,4
2026-08-06,Thursday,17:00,Silicon Tech Park,150,144,6,225,Yes,No,3
2026-08-06,Thursday,17:30,Silicon Tech Park,150,141,9,227,Yes,No,16
2026-08-06,Thursday,18:00,Silicon Tech Park,150,126,24,237,Yes,No,40
2026-08-06,Thursday,18:30,Silicon Tech Park,150,102,48,236,Yes,No,57
2026-08-06,Thursday,19:00,Silicon Tech Park,150,81,69,231,Yes,No,61
2026-08-06,Thursday,19:30,Silicon Tech Park,150,57,93,239,Yes,No,99
2026-08-06,Thursday,20:00,Silicon Tech Park,150,65,85,230,Yes,No,103
2026-08-06,Thursday,20:30,Silicon Tech Park,150,67,83,235,Yes,No,100
2026-08-06,Thursday,21:00,Silicon Tech Park,150,37,113,227,Yes,No,89
2026-08-06,Thursday,21:30,Silicon Tech Park,150,56,94,240,Yes,No,102
2026-08-06,Thursday,22:00,Silicon Tech Park,150,56,94,247,Yes,No,90
2026-08-06,Thursday,22:30,Silicon Tech Park,150,41,109,247,Yes,No,96
2026-08-06,Thursday,23:00,Silicon Tech Park,150,62,88,237,Yes,No,110
2026-08-06,Thursday,23:30,Silicon Tech Park,150,54,96,254,Yes,No,104
2026-08-07,Thursday,00:00,Silicon Tech Park,150,75,75,229,Yes,No,80
2026-08-07,Thursday,00:30,Silicon Tech Park,150,56,94,248,Yes,No,83
2026-08-07,Thursday,01:00,Silicon Tech Park,150,63,87,250,Yes,No,85
2026-08-07,Thursday,01:30,Silicon Tech Park,150,76,74,239,Yes,No,91
2026-08-07,Thursday,02:00,Silicon Tech Park,150,71,79,234,Yes,No,85
2026-08-07,Thursday,02:30,Silicon Tech Park,150,75,75,233,Yes,No,90
2026-08-07,Thursday,03:00,Silicon Tech Park,150,80,70,232,Yes,No,76
2026-08-07,Thursday,03:30,Silicon Tech Park,150,65,85,247,Yes,No,79
2026-08-07,Thursday,04:00,Silicon Tech Park,150,68,82,234,Yes,No,84
2026-08-07,Thursday,04:30,Silicon Tech Park,150,72,78,252,Yes,No,90
2026-08-07,Thursday,05:00,Silicon Tech Park,150,60,90,234,Yes,No,79
2026-08-07,Thursday,05:30,Silicon Tech Park,150,84,66,252,Yes,No,77
2026-08-07,Friday,06:00,Silicon Tech Park,150,35,115,229,No,No,116
2026-08-07,Friday,06:30,Silicon Tech Park,150,33,117,241,No,No,111
2026-08-07,Friday,07:00,Silicon Tech Park,150,39,111,240,No,No,88
2026-08-07,Friday,07:30,Silicon Tech Park,150,64,86,240,No,No,59
2026-08-07,Friday,08:00,Silicon Tech Park,150,97,53,225,No,No,45
2026-08-07,Friday,08:30,Silicon Tech Park,150,114,36,232,No,No,27
2026-08-07,Friday,09:00,Silicon Tech Park,150,132,18,233,No,No,13
2026-08-07,Friday,09:30,Silicon Tech Park,150,129,21,228,No,No,23
2026-08-07,Friday,10:00,Silicon Tech Park,150,131,19,239,No,No,17
2026-08-07,Friday,10:30,Silicon Tech Park,150,136,14,225,No,No,12
2026-08-07,Friday,11:00,Silicon Tech Park,150,138,12,250,No,No,10
2026-08-07,Friday,11:30,Silicon Tech Park,150,133,17,248,No,No,11
2026-08-07,Friday,12:00,Silicon Tech Park,150,139,11,237,No,No,6
2026-08-07,Friday,12:30,Silicon Tech Park,150,133,17,241,No,No,10
2026-08-07,Friday,13:00,Silicon Tech Park,150,143,7,242,No,No,10
2026-08-07,Friday,13:30,Silicon Tech Park,150,145,5,227,No,No,16
2026-08-07,Friday,14:00,Silicon Tech Park,150,139,11,243,No,No,14
2026-08-07,Friday,14:30,Silicon Tech Park,150,141,9,250,No,No,10
2026-08-07,Friday,15:00,Silicon Tech Park,150,141,9,245,No,No,17
2026-08-07,Friday,15:30,Silicon Tech Park,150,135,15,247,No,No,21
2026-08-07,Friday,16:00,Silicon Tech Park,150,131,19,244,No,No,20
2026-08-07,Friday,16:30,Silicon Tech Park,150,128,22,248,No,No,16
2026-08-07,Friday,17:00,Silicon Tech Park,150,137,13,227,No,No,41
2026-08-07,Friday,17:30,Silicon Tech Park,150,99,51,234,No,No,66
2026-08-07,Friday,18:00,Silicon Tech Park,150,82,68,243,No,No,85
2026-08-07,Friday,18:30,Silicon Tech Park,150,60,90,228,No,No,97
2026-08-07,Friday,19:00,Silicon Tech Park,150,50,100,235,No,No,113
2026-08-07,Friday,19:30,Silicon Tech Park,150,10,140,240,No,No,141
2026-08-07,Friday,20:00,Silicon Tech Park,150,9,141,231,No,No,136
2026-08-07,Friday,20:30,Silicon Tech Park,150,13,137,244,No,No,137
2026-08-07,Friday,21:00,Silicon Tech Park,150,11,139,243,No,No,133
2026-08-07,Friday,21:30,Silicon Tech Park,150,16,134,248,No,No,135
2026-08-07,Friday,22:00,Silicon Tech Park,150,12,138,231,No,No,138
2026-08-07,Friday,22:30,Silicon Tech Park,150,10,140,249,No,No,145
2026-08-07,Friday,23:00,Silicon Tech Park,150,9,141,249,No,No,142
2026-08-07,Friday,23:30,Silicon Tech Park,150,7,143,245,No,No,139
2026-08-08,Friday,00:00,Silicon Tech Park,150,20,130,241,No,No,129
2026-08-08,Friday,00:30,Silicon Tech Park,150,28,122,233,No,No,133
2026-08-08,Friday,01:00,Silicon Tech Park,150,27,123,233,No,No,128
2026-08-08,Friday,01:30,Silicon Tech Park,150,25,125,245,No,No,121
2026-08-08,Friday,02:00,Silicon Tech Park,150,23,127,255,No,No,131
2026-08-08,Friday,02:30,Silicon Tech Park,150,34,116,253,No,No,124
2026-08-08,Friday,03:00,Silicon Tech Park,150,25,125,230,No,No,120
2026-08-08,Friday,03:30,Silicon Tech Park,150,28,122,246,No,No,116
2026-08-08,Friday,04:00,Silicon Tech Park,150,29,121,239,No,No,118
2026-08-08,Friday,04:30,Silicon Tech Park,150,28,122,251,No,No,116
2026-08-08,Friday,05:00,Silicon Tech Park,150,29,121,249,No,No,121
2026-08-08,Friday,05:30,Silicon Tech Park,150,31,119,234,No,No,118
2026-08-08,Saturday,06:00,Silicon Tech Park,150,79,71,234,Yes,No,75
2026-08-08,Saturday,06:30,Silicon Tech Park,150,83,67,231,Yes,No,67
2026-08-08,Saturday,07:00,Silicon Tech Park,150,70,80,230,Yes,No,75
2026-08-08,Saturday,07:30,Silicon Tech Park,150,78,72,238,Yes,No,66
2026-08-08,Saturday,08:00,Silicon Tech Park,150,80,70,252,Yes,No,77
2026-08-08,Saturday,08:30,Silicon Tech Park,150,79,71,251,Yes,No,79
2026-08-08,Saturday,09:00,Silicon Tech Park,150,68,82,238,Yes,No,88
2026-08-08,Saturday,09:30,Silicon Tech Park,150,86,64,245,Yes,No,77
2026-08-08,Saturday,10:00,Silicon Tech Park,150,68,82,247,Yes,No,79
2026-08-08,Saturday,10:30,Silicon Tech Park,150,72,78,225,Yes,No,82
2026-08-08,Saturday,11:00,Silicon Tech Park,150,79,71,231,Yes,No,83
2026-08-08,Saturday,11:30,Silicon Tech Park,150,63,87,227,Yes,No,78
2026-08-08,Saturday,12:00,Silicon Tech Park,150,85,65,240,Yes,No,76
2026-08-08,Saturday,12:30,Silicon Tech Park,150,77,73,255,Yes,No,86
2026-08-08,Saturday,13:00,Silicon Tech Park,150,52,98,237,Yes,No,87
2026-08-08,Saturday,13:30,Silicon Tech Park,150,71,79,239,Yes,No,90
2026-08-08,Saturday,14:00,Silicon Tech Park,150,78,72,235,Yes,No,75
2026-08-08,Saturday,14:30,Silicon Tech Park,150,55,95,243,Yes,No,100
2026-08-08,Saturday,15:00,Silicon Tech Park,150,64,86,243,Yes,No,85
2026-08-08,Saturday,15:30,Silicon Tech Park,150,52,98,247,Yes,No,97
2026-08-08,Saturday,16:00,Silicon Tech Park,150,69,81,247,Yes,No,92
2026-08-08,Saturday,16:30,Silicon Tech Park,150,62,88,248,Yes,No,95
2026-08-08,Saturday,17:00,Silicon Tech Park,150,54,96,235,Yes,No,100
2026-08-08,Saturday,17:30,Silicon Tech Park,150,39,111,254,Yes,No,100
2026-08-08,Saturday,18:00,Silicon Tech Park,150,63,87,240,Yes,No,102
2026-08-08,Saturday,18:30,Silicon Tech Park,150,40,110,236,Yes,No,110
2026-08-08,Saturday,19:00,Silicon Tech Park,150,47,103,250,Yes,No,108
2026-08-08,Saturday,19:30,Silicon Tech Park,150,55,95,227,Yes,No,88
2026-08-08,Saturday,20:00,Silicon Tech Park,150,40,110,242,Yes,No,94
2026-08-08,Saturday,20:30,Silicon Tech Park,150,55,95,239,Yes,No,95
2026-08-08,Saturday,21:00,Silicon Tech Park,150,53,97,238,Yes,No,90
2026-08-08,Saturday,21:30,Silicon Tech Park,150,44,106,229,Yes,No,103
2026-08-08,Saturday,22:00,Silicon Tech Park,150,54,96,241,Yes,No,91
2026-08-08,Saturday,22:30,Silicon Tech Park,150,40,110,237,Yes,No,104
2026-08-08,Saturday,23:00,Silicon Tech Park,150,36,114,232,Yes,No,97
2026-08-08,Saturday,23:30,Silicon Tech Park,150,40,110,249,Yes,No,99
2026-08-09,Saturday,00:00,Silicon Tech Park,150,74,76,243,Yes,No,84
2026-08-09,Saturday,00:30,Silicon Tech Park,150,63,87,231,Yes,No,101
2026-08-09,Saturday,01:00,Silicon Tech Park,150,67,83,244,Yes,No,97
2026-08-09,Saturday,01:30,Silicon Tech Park,150,58,92,227,Yes,No,95
2026-08-09,Saturday,02:00,Silicon Tech Park,150,63,87,234,Yes,No,85
2026-08-09,Saturday,02:30,Silicon Tech Park,150,59,91,249,Yes,No,74
2026-08-09,Saturday,03:00,Silicon Tech Park,150,72,78,251,Yes,No,69
2026-08-09,Saturday,03:30,Silicon Tech Park,150,66,84,231,Yes,No,86
2026-08-09,Saturday,04:00,Silicon Tech Park,150,68,82,237,Yes,No,69
2026-08-09,Saturday,04:30,Silicon Tech Park,150,72,78,243,Yes,No,77
2026-08-09,Saturday,05:00,Silicon Tech Park,150,76,74,240,Yes,No,67
2026-08-09,Saturday,05:30,Silicon Tech Park,150,87,63,231,Yes,No,83
2026-08-09,Sunday,06:00,Silicon Tech Park,150,61,89,239,Yes,No,73
2026-08-09,Sunday,06:30,Silicon Tech Park,150,76,74,228,Yes,No,69
2026-08-09,Sunday,07:00,Silicon Tech Park,150,74,76,252,Yes,No,69
2026-08-09,Sunday,07:30,Silicon Tech Park,150,71,79,250,Yes,No,68
2026-08-09,Sunday,08:00,Silicon Tech Park,150,78,72,245,Yes,No,72
2026-08-09,Sunday,08:30,Silicon Tech Park,150,62,88,225,Yes,No,69
2026-08-09,Sunday,09:00,Silicon Tech Park,150,73,77,226,Yes,No,73
2026-08-09,Sunday,09:30,Silicon Tech Park,150,67,83,244,Yes,No,79
2026-08-09,Sunday,10:00,Silicon Tech Park,150,69,81,255,Yes,No,75
2026-08-09,Sunday,10:30,Silicon Tech Park,150,59,91,254,Yes,No,81
2026-08-09,Sunday,11:00,Silicon Tech Park,150,73,77,245,Yes,No,82
2026-08-09,Sunday,11:30,Silicon Tech Park,150,71,79,225,Yes,No,86
2026-08-09,Sunday,12:00,Silicon Tech Park,150,68,82,254,Yes,No,73
2026-08-09,Sunday,12:30,Silicon Tech Park,150,55,95,230,Yes,No,79
2026-08-09,Sunday,13:00,Silicon Tech Park,150,58,92,227,Yes,No,69
2026-08-09,Sunday,13:30,Silicon Tech Park,150,69,81,242,Yes,No,84
2026-08-09,Sunday,14:00,Silicon Tech Park,150,68,82,240,Yes,No,93
2026-08-09,Sunday,14:30,Silicon Tech Park,150,75,75,236,Yes,No,97
2026-08-09,Sunday,15:00,Silicon Tech Park,150,66,84,251,Yes,No,100
2026-08-09,Sunday,15:30,Silicon Tech Park,150,54,96,255,Yes,No,83
2026-08-09,Sunday,16:00,Silicon Tech Park,150,62,88,234,Yes,No,103
2026-08-09,Sunday,16:30,Silicon Tech Park,150,55,95,246,Yes,No,94
2026-08-09,Sunday,17:00,Silicon Tech Park,150,62,88,241,Yes,No,94
2026-08-09,Sunday,17:30,Silicon Tech Park,150,47,103,238,Yes,No,87
2026-08-09,Sunday,18:00,Silicon Tech Park,150,60,90,248,Yes,No,112
2026-08-09,Sunday,18:30,Silicon Tech Park,150,42,108,230,Yes,No,95
2026-08-09,Sunday,19:00,Silicon Tech Park,150,47,103,237,Yes,No,103
2026-08-09,Sunday,19:30,Silicon Tech Park,150,63,87,245,Yes,No,98
2026-08-09,Sunday,20:00,Silicon Tech Park,150,51,99,239,Yes,No,114
2026-08-09,Sunday,20:30,Silicon Tech Park,150,45,105,249,Yes,No,96
2026-08-09,Sunday,21:00,Silicon Tech Park,150,53,97,235,Yes,No,101
2026-08-09,Sunday,21:30,Silicon Tech Park,150,57,93,246,Yes,No,107
2026-08-09,Sunday,22:00,Silicon Tech Park,150,54,96,238,Yes,No,117
2026-08-09,Sunday,22:30,Silicon Tech Park,150,47,103,239,Yes,No,105
2026-08-09,Sunday,23:00,Silicon Tech Park,150,39,111,236,Yes,No,100
2026-08-09,Sunday,23:30,Silicon Tech Park,150,51,99,252,Yes,No,94
2026-08-10,Sunday,00:00,Silicon Tech Park,150,56,94,241,Yes,No,98
2026-08-10,Sunday,00:30,Silicon Tech Park,150,67,83,248,Yes,No,77
2026-08-10,Sunday,01:00,Silicon Tech Park,150,66,84,241,Yes,No,89
2026-08-10,Sunday,01:30,Silicon Tech Park,150,71,79,255,Yes,No,87
2026-08-10,Sunday,02:00,Silicon Tech Park,150,70,80,245,Yes,No,70
2026-08-10,Sunday,02:30,Silicon Tech Park,150,73,77,229,Yes,No,85
2026-08-10,Sunday,03:00,Silicon Tech Park,150,83,67,226,Yes,No,79
2026-08-10,Sunday,03:30,Silicon Tech Park,150,77,73,238,Yes,No,81
2026-08-10,Sunday,04:00,Silicon Tech Park,150,63,87,225,Yes,No,77
2026-08-10,Sunday,04:30,Silicon Tech Park,150,79,71,248,Yes,No,87
2026-08-10,Sunday,05:00,Silicon Tech Park,150,67,83,229,Yes,No,59
2026-08-10,Sunday,05:30,Silicon Tech Park,150,66,84,232,Yes,No,76
2026-08-10,Monday,06:00,Silicon Tech Park,150,29,121,236,No,No,110
2026-08-10,Monday,06:30,Silicon Tech Park,150,30,120,233,No,No,117
2026-08-10,Monday,07:00,Silicon Tech Park,150,40,110,248,No,No,87
2026-08-10,Monday,07:30,Silicon Tech Park,150,64,86,229,No,No,68
2026-08-10,Monday,08:00,Silicon Tech Park,150,98,52,233,No,No,46
2026-08-10,Monday,08:30,Silicon Tech Park,150,117,33,228,No,No,23
2026-08-10,Monday,09:00,Silicon Tech Park,150,132,18,249,No,No,16
2026-08-10,Monday,09:30,Silicon Tech Park,150,127,23,246,No,No,17
2026-08-10,Monday,10:00,Silicon Tech Park,150,133,17,242,No,No,19
2026-08-10,Monday,10:30,Silicon Tech Park,150,137,13,227,No,No,13
2026-08-10,Monday,11:00,Silicon Tech Park,150,132,18,248,No,No,17
2026-08-10,Monday,11:30,Silicon Tech Park,150,135,15,226,No,No,8
2026-08-10,Monday,12:00,Silicon Tech Park,150,139,11,228,No,No,13
2026-08-10,Monday,12:30,Silicon Tech Park,150,143,7,230,No,No,9
2026-08-10,Monday,13:00,Silicon Tech Park,150,139,11,250,No,No,13
2026-08-10,Monday,13:30,Silicon Tech Park,150,135,15,241,No,No,5
2026-08-10,Monday,14:00,Silicon Tech Park,150,145,5,244,No,No,7
2026-08-10,Monday,14:30,Silicon Tech Park,150,143,7,232,No,No,10
2026-08-10,Monday,15:00,Silicon Tech Park,150,140,10,251,No,No,15
2026-08-10,Monday,15:30,Silicon Tech Park,150,137,13,226,No,No,11
2026-08-10,Monday,16:00,Silicon Tech Park,150,138,12,233,No,No,15
2026-08-10,Monday,16:30,Silicon Tech Park,150,129,21,253,No,No,20
2026-08-10,Monday,17:00,Silicon Tech Park,150,134,16,238,No,No,40
2026-08-10,Monday,17:30,Silicon Tech Park,150,99,51,236,No,No,68
2026-08-10,Monday,18:00,Silicon Tech Park,150,79,71,250,No,No,84
2026-08-10,Monday,18:30,Silicon Tech Park,150,60,90,232,No,No,98
2026-08-10,Monday,19:00,Silicon Tech Park,150,52,98,228,No,No,104
2026-08-10,Monday,19:30,Silicon Tech Park,150,15,135,240,No,No,132
2026-08-10,Monday,20:00,Silicon Tech Park,150,15,135,237,No,No,133
2026-08-10,Monday,20:30,Silicon Tech Park,150,11,139,246,No,No,137
2026-08-10,Monday,21:00,Silicon Tech Park,150,16,134,243,No,No,137
2026-08-10,Monday,21:30,Silicon Tech Park,150,12,138,228,No,No,143
2026-08-10,Monday,22:00,Silicon Tech Park,150,8,142,249,No,No,138
2026-08-10,Monday,22:30,Silicon Tech Park,150,16,134,247,No,No,140
2026-08-10,Monday,23:00,Silicon Tech Park,150,13,137,237,No,No,145
2026-08-10,Monday,23:30,Silicon Tech Park,150,14,136,245,No,No,135
2026-08-11,Monday,00:00,Silicon Tech Park,150,27,123,243,No,No,132
2026-08-11,Monday,00:30,Silicon Tech Park,150,27,123,237,No,No,124
2026-08-11,Monday,01:00,Silicon Tech Park,150,24,126,249,No,No,119
2026-08-11,Monday,01:30,Silicon Tech Park,150,27,123,231,No,No,129
2026-08-11,Monday,02:00,Silicon Tech Park,150,25,125,255,No,No,125
2026-08-11,Monday,02:30,Silicon Tech Park,150,32,118,238,No,No,118
2026-08-11,Monday,03:00,Silicon Tech Park,150,34,116,252,No,No,122
2026-08-11,Monday,03:30,Silicon Tech Park,150,28,122,246,No,No,113
2026-08-11,Monday,04:00,Silicon Tech Park,150,28,122,232,No,No,115
2026-08-11,Monday,04:30,Silicon Tech Park,150,31,119,235,No,No,112
2026-08-11,Monday,05:00,Silicon Tech Park,150,36,114,233,No,No,121
2026-08-11,Monday,05:30,Silicon Tech Park,150,36,114,242,No,No,116
2026-08-11,Tuesday,06:00,Silicon Tech Park,150,37,113,237,No,No,113
2026-08-11,Tuesday,06:30,Silicon Tech Park,150,38,112,230,No,No,111
2026-08-11,Tuesday,07:00,Silicon Tech Park,150,36,114,235,No,No,92
2026-08-11,Tuesday,07:30,Silicon Tech Park,150,72,78,250,No,No,67
2026-08-11,Tuesday,08:00,Silicon Tech Park,150,92,58,251,No,No,35
2026-08-11,Tuesday,08:30,Silicon Tech Park,150,118,32,227,No,No,26
2026-08-11,Tuesday,09:00,Silicon Tech Park,150,132,18,240,No,No,12
2026-08-11,Tuesday,09:30,Silicon Tech Park,150,125,25,231,No,No,18
2026-08-11,Tuesday,10:00,Silicon Tech Park,150,128,22,236,No,No,19
2026-08-11,Tuesday,10:30,Silicon Tech Park,150,135,15,236,No,No,11
2026-08-11,Tuesday,11:00,Silicon Tech Park,150,128,22,235,No,No,18
2026-08-11,Tuesday,11:30,Silicon Tech Park,150,141,9,234,No,No,10
2026-08-11,Tuesday,12:00,Silicon Tech Park,150,135,15,242,No,No,11
2026-08-11,Tuesday,12:30,Silicon Tech Park,150,137,13,230,No,No,8
2026-08-11,Tuesday,13:00,Silicon Tech Park,150,134,16,231,No,No,8
2026-08-11,Tuesday,13:30,Silicon Tech Park,150,144,6,254,No,No,12
2026-08-11,Tuesday,14:00,Silicon Tech Park,150,135,15,233,No,No,13
2026-08-11,Tuesday,14:30,Silicon Tech Park,150,137,13,236,No,No,7
2026-08-11,Tuesday,15:00,Silicon Tech Park,150,141,9,228,No,No,11
2026-08-11,Tuesday,15:30,Silicon Tech Park,150,140,10,253,No,No,18
2026-08-11,Tuesday,16:00,Silicon Tech Park,150,139,11,243,No,No,20
2026-08-11,Tuesday,16:30,Silicon Tech Park,150,131,19,232,No,No,26
2026-08-11,Tuesday,17:00,Silicon Tech Park,150,128,22,242,No,No,31
2026-08-11,Tuesday,17:30,Silicon Tech Park,150,104,46,225,No,No,59
2026-08-11,Tuesday,18:00,Silicon Tech Park,150,76,74,232,No,No,88
2026-08-11,Tuesday,18:30,Silicon Tech Park,150,63,87,245,No,No,104
2026-08-11,Tuesday,19:00,Silicon Tech Park,150,43,107,234,No,No,113
2026-08-11,Tuesday,19:30,Silicon Tech Park,150,14,136,244,No,No,137
2026-08-11,Tuesday,20:00,Silicon Tech Park,150,14,136,242,No,No,136
2026-08-11,Tuesday,20:30,Silicon Tech Park,150,9,141,238,No,No,138
2026-08-11,Tuesday,21:00,Silicon Tech Park,150,14,136,237,No,No,134
2026-08-11,Tuesday,21:30,Silicon Tech Park,150,14,136,237,No,No,136
2026-08-11,Tuesday,22:00,Silicon Tech Park,150,15,135,236,No,No,142
2026-08-11,Tuesday,22:30,Silicon Tech Park,150,9,141,236,No,No,134
2026-08-11,Tuesday,23:00,Silicon Tech Park,150,8,142,232,No,No,141
2026-08-11,Tuesday,23:30,Silicon Tech Park,150,13,137,255,No,No,142
2026-08-12,Tuesday,00:00,Silicon Tech Park,150,28,122,251,No,No,130
2026-08-12,Tuesday,00:30,Silicon Tech Park,150,25,125,242,No,No,130
2026-08-12,Tuesday,01:00,Silicon Tech Park,150,28,122,254,No,No,124
2026-08-12,Tuesday,01:30,Silicon Tech Park,150,26,124,240,No,No,128
2026-08-12,Tuesday,02:00,Silicon Tech Park,150,28,122,251,No,No,119
2026-08-12,Tuesday,02:30,Silicon Tech Park,150,31,119,247,No,No,115
2026-08-12,Tuesday,03:00,Silicon Tech Park,150,35,115,251,No,No,120
2026-08-12,Tuesday,03:30,Silicon Tech Park,150,34,116,243,No,No,120
2026-08-12,Tuesday,04:00,Silicon Tech Park,150,31,119,239,No,No,119
2026-08-12,Tuesday,04:30,Silicon Tech Park,150,38,112,255,No,No,123
2026-08-12,Tuesday,05:00,Silicon Tech Park,150,33,117,239,No,No,122
2026-08-12,Tuesday,05:30,Silicon Tech Park,150,33,117,236,No,No,114
2026-08-12,Wednesday,06:00,Silicon Tech Park,150,68,82,236,Yes,No,68
2026-08-12,Wednesday,06:30,Silicon Tech Park,150,66,84,248,Yes,No,73
2026-08-12,Wednesday,07:00,Silicon Tech Park,150,86,64,229,Yes,No,52
2026-08-12,Wednesday,07:30,Silicon Tech Park,150,101,49,246,Yes,No,16
2026-08-12,Wednesday,08:00,Silicon Tech Park,150,129,21,238,Yes,No,5
2026-08-12,Wednesday,08:30,Silicon Tech Park,150,142,8,225,Yes,No,3
2026-08-12,Wednesday,09:00,Silicon Tech Park,150,147,3,249,Yes,No,3
2026-08-12,Wednesday,09:30,Silicon Tech Park,150,147,3,248,Yes,No,3
2026-08-12,Wednesday,10:00,Silicon Tech Park,150,147,3,251,Yes,No,8
2026-08-12,Wednesday,10:30,Silicon Tech Park,150,146,4,227,Yes,No,3
2026-08-12,Wednesday,11:00,Silicon Tech Park,150,147,3,250,Yes,No,5
2026-08-12,Wednesday,11:30,Silicon Tech Park,150,143,7,228,Yes,No,6
2026-08-12,Wednesday,12:00,Silicon Tech Park,150,146,4,227,Yes,No,3
2026-08-12,Wednesday,12:30,Silicon Tech Park,150,146,4,245,Yes,No,6
2026-08-12,Wednesday,13:00,Silicon Tech Park,150,147,3,253,Yes,No,5
2026-08-12,Wednesday,13:30,Silicon Tech Park,150,147,3,230,Yes,No,5
2026-08-12,Wednesday,14:00,Silicon Tech Park,150,147,3,234,Yes,No,3
2026-08-12,Wednesday,14:30,Silicon Tech Park,150,147,3,255,Yes,No,3
2026-08-12,Wednesday,15:00,Silicon Tech Park,150,147,3,236,Yes,No,5
2026-08-12,Wednesday,15:30,Silicon Tech Park,150,147,3,230,Yes,No,7
2026-08-12,Wednesday,16:00,Silicon Tech Park,150,146,4,229,Yes,No,3
2026-08-12,Wednesday,16:30,Silicon Tech Park,150,147,3,253,Yes,No,5
2026-08-12,Wednesday,17:00,Silicon Tech Park,150,147,3,234,Yes,No,7
2026-08-12,Wednesday,17:30,Silicon Tech Park,150,147,3,228,Yes,No,6
2026-08-12,Wednesday,18:00,Silicon Tech Park,150,121,29,255,Yes,No,33
2026-08-12,Wednesday,18:30,Silicon Tech Park,150,92,58,255,Yes,No,64
2026-08-12,Wednesday,19:00,Silicon Tech Park,150,98,52,232,Yes,No,65
2026-08-12,Wednesday,19:30,Silicon Tech Park,150,70,80,226,Yes,No,83
2026-08-12,Wednesday,20:00,Silicon Tech Park,150,61,89,247,Yes,No,93
2026-08-12,Wednesday,20:30,Silicon Tech Park,150,50,100,245,Yes,No,94
2026-08-12,Wednesday,21:00,Silicon Tech Park,150,61,89,237,Yes,No,106
2026-08-12,Wednesday,21:30,Silicon Tech Park,150,51,99,249,Yes,No,100
2026-08-12,Wednesday,22:00,Silicon Tech Park,150,52,98,227,Yes,No,102
2026-08-12,Wednesday,22:30,Silicon Tech Park,150,54,96,237,Yes,No,89
2026-08-12,Wednesday,23:00,Silicon Tech Park,150,46,104,247,Yes,No,110
2026-08-12,Wednesday,23:30,Silicon Tech Park,150,59,91,253,Yes,No,96
2026-08-13,Wednesday,00:00,Silicon Tech Park,150,48,102,248,Yes,No,76
2026-08-13,Wednesday,00:30,Silicon Tech Park,150,70,80,236,Yes,No,72
2026-08-13,Wednesday,01:00,Silicon Tech Park,150,71,79,248,Yes,No,81
2026-08-13,Wednesday,01:30,Silicon Tech Park,150,72,78,226,Yes,No,67
2026-08-13,Wednesday,02:00,Silicon Tech Park,150,67,83,247,Yes,No,80
2026-08-13,Wednesday,02:30,Silicon Tech Park,150,64,86,244,Yes,No,84
2026-08-13,Wednesday,03:00,Silicon Tech Park,150,71,79,254,Yes,No,70
2026-08-13,Wednesday,03:30,Silicon Tech Park,150,88,62,235,Yes,No,72
2026-08-13,Wednesday,04:00,Silicon Tech Park,150,66,84,251,Yes,No,73
2026-08-13,Wednesday,04:30,Silicon Tech Park,150,81,69,233,Yes,No,70
2026-08-13,Wednesday,05:00,Silicon Tech Park,150,75,75,245,Yes,No,67
2026-08-13,Wednesday,05:30,Silicon Tech Park,150,78,72,238,Yes,No,80
2026-08-13,Thursday,06:00,Silicon Tech Park,150,37,113,251,No,No,119
2026-08-13,Thursday,06:30,Silicon Tech Park,150,36,114,225,No,No,117
2026-08-13,Thursday,07:00,Silicon Tech Park,150,41,109,247,No,No,97
2026-08-13,Thursday,07:30,Silicon Tech Park,150,64,86,247,No,No,62
2026-08-13,Thursday,08:00,Silicon Tech Park,150,91,59,228,No,No,37
2026-08-13,Thursday,08:30,Silicon Tech Park,150,113,37,227,No,No,26
2026-08-13,Thursday,09:00,Silicon Tech Park,150,133,17,255,No,No,10
2026-08-13,Thursday,09:30,Silicon Tech Park,150,133,17,247,No,No,22
2026-08-13,Thursday,10:00,Silicon Tech Park,150,127,23,242,No,No,14
2026-08-13,Thursday,10:30,Silicon Tech Park,150,127,23,233,No,No,21
2026-08-13,Thursday,11:00,Silicon Tech Park,150,139,11,251,No,No,18
2026-08-13,Thursday,11:30,Silicon Tech Park,150,137,13,227,No,No,13
2026-08-13,Thursday,12:00,Silicon Tech Park,150,138,12,229,No,No,17
2026-08-13,Thursday,12:30,Silicon Tech Park,150,134,16,240,No,No,14
2026-08-13,Thursday,13:00,Silicon Tech Park,150,138,12,251,No,No,16
2026-08-13,Thursday,13:30,Silicon Tech Park,150,143,7,247,No,No,14
2026-08-13,Thursday,14:00,Silicon Tech Park,150,138,12,244,No,No,8
2026-08-13,Thursday,14:30,Silicon Tech Park,150,140,10,239,No,No,18
2026-08-13,Thursday,15:00,Silicon Tech Park,150,137,13,254,No,No,8
2026-08-13,Thursday,15:30,Silicon Tech Park,150,132,18,249,No,No,18
2026-08-13,Thursday,16:00,Silicon Tech Park,150,128,22,243,No,No,22
2026-08-13,Thursday,16:30,Silicon Tech Park,150,137,13,252,No,No,15
2026-08-13,Thursday,17:00,Silicon Tech Park,150,132,18,236,No,No,32
2026-08-13,Thursday,17:30,Silicon Tech Park,150,103,47,226,No,No,67
2026-08-13,Thursday,18:00,Silicon Tech Park,150,79,71,234,No,No,88
2026-08-13,Thursday,18:30,Silicon Tech Park,150,56,94,245,No,No,98
2026-08-13,Thursday,19:00,Silicon Tech Park,150,41,109,239,No,No,108
2026-08-13,Thursday,19:30,Silicon Tech Park,150,11,139,251,No,No,136
2026-08-13,Thursday,20:00,Silicon Tech Park,150,9,141,242,No,No,137
2026-08-13,Thursday,20:30,Silicon Tech Park,150,7,143,235,No,No,136
2026-08-13,Thursday,21:00,Silicon Tech Park,150,12,138,238,No,No,144
2026-08-13,Thursday,21:30,Silicon Tech Park,150,8,142,248,No,No,134
2026-08-13,Thursday,22:00,Silicon Tech Park,150,6,144,236,No,No,134
2026-08-13,Thursday,22:30,Silicon Tech Park,150,8,142,246,No,No,141
2026-08-13,Thursday,23:00,Silicon Tech Park,150,5,145,243,No,No,141
2026-08-13,Thursday,23:30,Silicon Tech Park,150,6,144,243,No,No,143
2026-08-14,Thursday,00:00,Silicon Tech Park,150,17,133,245,No,No,126
2026-08-14,Thursday,00:30,Silicon Tech Park,150,25,125,225,No,No,121
2026-08-14,Thursday,01:00,Silicon Tech Park,150,26,124,254,No,No,126
2026-08-14,Thursday,01:30,Silicon Tech Park,150,27,123,246,No,No,124
2026-08-14,Thursday,02:00,Silicon Tech Park,150,24,126,248,No,No,122
2026-08-14,Thursday,02:30,Silicon Tech Park,150,26,124,233,No,No,115
2026-08-14,Thursday,03:00,Silicon Tech Park,150,29,121,239,No,No,115
2026-08-14,Thursday,03:30,Silicon Tech Park,150,31,119,239,No,No,121
2026-08-14,Thursday,04:00,Silicon Tech Park,150,29,121,229,No,No,116
2026-08-14,Thursday,04:30,Silicon Tech Park,150,38,112,255,No,No,112
2026-08-14,Thursday,05:00,Silicon Tech Park,150,29,121,253,No,No,114
2026-08-14,Thursday,05:30,Silicon Tech Park,150,37,113,238,No,No,121
2026-08-14,Friday,06:00,Silicon Tech Park,150,38,112,247,No,No,112
2026-08-14,Friday,06:30,Silicon Tech Park,150,30,120,237,No,No,114
2026-08-14,Friday,07:00,Silicon Tech Park,150,43,107,231,No,No,93
2026-08-14,Friday,07:30,Silicon Tech Park,150,67,83,238,No,No,64
2026-08-14,Friday,08:00,Silicon Tech Park,150,93,57,255,No,No,42
2026-08-14,Friday,08:30,Silicon Tech Park,150,118,32,235,No,No,28
2026-08-14,Friday,09:00,Silicon Tech Park,150,127,23,241,No,No,19
2026-08-14,Friday,09:30,Silicon Tech Park,150,128,22,231,No,No,16
2026-08-14,Friday,10:00,Silicon Tech Park,150,132,18,248,No,No,17
2026-08-14,Friday,10:30,Silicon Tech Park,150,132,18,253,No,No,12
2026-08-14,Friday,11:00,Silicon Tech Park,150,133,17,250,No,No,13
2026-08-14,Friday,11:30,Silicon Tech Park,150,135,15,231,No,No,13
2026-08-14,Friday,12:00,Silicon Tech Park,150,139,11,242,No,No,14
2026-08-14,Friday,12:30,Silicon Tech Park,150,144,6,251,No,No,6
2026-08-14,Friday,13:00,Silicon Tech Park,150,134,16,238,No,No,14
2026-08-14,Friday,13:30,Silicon Tech Park,150,144,6,242,No,No,9
2026-08-14,Friday,14:00,Silicon Tech Park,150,139,11,254,No,No,15
2026-08-14,Friday,14:30,Silicon Tech Park,150,133,17,239,No,No,16
2026-08-14,Friday,15:00,Silicon Tech Park,150,139,11,243,No,No,17
2026-08-14,Friday,15:30,Silicon Tech Park,150,138,12,248,No,No,12
2026-08-14,Friday,16:00,Silicon Tech Park,150,133,17,245,No,No,14
2026-08-14,Friday,16:30,Silicon Tech Park,150,127,23,231,No,No,22
2026-08-14,Friday,17:00,Silicon Tech Park,150,136,14,232,No,No,41
2026-08-14,Friday,17:30,Silicon Tech Park,150,104,46,254,No,No,62
2026-08-14,Friday,18:00,Silicon Tech Park,150,80,70,249,No,No,82
2026-08-14,Friday,18:30,Silicon Tech Park,150,54,96,253,No,No,105
2026-08-14,Friday,19:00,Silicon Tech Park,150,41,109,227,No,No,113
2026-08-14,Friday,19:30,Silicon Tech Park,150,19,131,252,No,No,138
2026-08-14,Friday,20:00,Silicon Tech Park,150,11,139,227,No,No,132
2026-08-14,Friday,20:30,Silicon Tech Park,150,16,134,231,No,No,132
2026-08-14,Friday,21:00,Silicon Tech Park,150,16,134,234,No,No,140
2026-08-14,Friday,21:30,Silicon Tech Park,150,9,141,254,No,No,134
2026-08-14,Friday,22:00,Silicon Tech Park,150,11,139,239,No,No,137
2026-08-14,Friday,22:30,Silicon Tech Park,150,8,142,234,No,No,136
2026-08-14,Friday,23:00,Silicon Tech Park,150,15,135,230,No,No,144
2026-08-14,Friday,23:30,Silicon Tech Park,150,6,144,238,No,No,135
2026-08-15,Friday,00:00,Silicon Tech Park,150,18,132,238,No,No,130
2026-08-15,Friday,00:30,Silicon Tech Park,150,26,124,240,No,No,132
2026-08-15,Friday,01:00,Silicon Tech Park,150,30,120,252,No,No,122
2026-08-15,Friday,01:30,Silicon Tech Park,150,31,119,246,No,No,122
2026-08-15,Friday,02:00,Silicon Tech Park,150,30,120,228,No,No,130
2026-08-15,Friday,02:30,Silicon Tech Park,150,28,122,237,No,No,124
2026-08-15,Friday,03:00,Silicon Tech Park,150,24,126,249,No,No,120
2026-08-15,Friday,03:30,Silicon Tech Park,150,29,121,251,No,No,122
2026-08-15,Friday,04:00,Silicon Tech Park,150,27,123,243,No,No,116
2026-08-15,Friday,04:30,Silicon Tech Park,150,37,113,240,No,No,119
2026-08-15,Friday,05:00,Silicon Tech Park,150,31,119,253,No,No,124
2026-08-15,Friday,05:30,Silicon Tech Park,150,28,122,236,No,No,123
2026-08-15,Saturday,06:00,Silicon Tech Park,150,37,113,237,No,No,122
2026-08-15,Saturday,06:30,Silicon Tech Park,150,36,114,254,No,No,115
2026-08-15,Saturday,07:00,Silicon Tech Park,150,34,116,255,No,No,120
2026-08-15,Saturday,07:30,Silicon Tech Park,150,38,112,250,No,No,122
2026-08-15,Saturday,08:00,Silicon Tech Park,150,39,111,244,No,No,117
2026-08-15,Saturday,08:30,Silicon Tech Park,150,38,112,244,No,No,118
2026-08-15,Saturday,09:00,Silicon Tech Park,150,31,119,230,No,No,121
2026-08-15,Saturday,09:30,Silicon Tech Park,150,30,120,241,No,No,118
2026-08-15,Saturday,10:00,Silicon Tech Park,150,26,124,254,No,No,121
2026-08-15,Saturday,10:30,Silicon Tech Park,150,26,124,230,No,No,123
2026-08-15,Saturday,11:00,Silicon Tech Park,150,27,123,234,No,No,115
2026-08-15,Saturday,11:30,Silicon Tech Park,150,24,126,235,No,No,119
2026-08-15,Saturday,12:00,Silicon Tech Park,150,30,120,249,No,No,121
2026-08-15,Saturday,12:30,Silicon Tech Park,150,28,122,235,No,No,128
2026-08-15,Saturday,13:00,Silicon Tech Park,150,27,123,254,No,No,122
2026-08-15,Saturday,13:30,Silicon Tech Park,150,22,128,225,No,No,130
2026-08-15,Saturday,14:00,Silicon Tech Park,150,22,128,240,No,No,133
2026-08-15,Saturday,14:30,Silicon Tech Park,150,19,131,246,No,No,131
2026-08-15,Saturday,15:00,Silicon Tech Park,150,24,126,236,No,No,127
2026-08-15,Saturday,15:30,Silicon Tech Park,150,18,132,250,No,No,130
2026-08-15,Saturday,16:00,Silicon Tech Park,150,22,128,229,No,No,131
2026-08-15,Saturday,16:30,Silicon Tech Park,150,12,138,242,No,No,138
2026-08-15,Saturday,17:00,Silicon Tech Park,150,19,131,227,No,No,132
2026-08-15,Saturday,17:30,Silicon Tech Park,150,16,134,227,No,No,133
2026-08-15,Saturday,18:00,Silicon Tech Park,150,11,139,252,No,No,144
2026-08-15,Saturday,18:30,Silicon Tech Park,150,6,144,250,No,No,138
2026-08-15,Saturday,19:00,Silicon Tech Park,150,4,146,232,No,No,143
2026-08-15,Saturday,19:30,Silicon Tech Park,150,9,141,229,No,No,146
2026-08-15,Saturday,20:00,Silicon Tech Park,150,11,139,227,No,No,147
2026-08-15,Saturday,20:30,Silicon Tech Park,150,9,141,225,No,No,147
2026-08-15,Saturday,21:00,Silicon Tech Park,150,6,144,254,No,No,147
2026-08-15,Saturday,21:30,Silicon Tech Park,150,10,140,245,No,No,140
2026-08-15,Saturday,22:00,Silicon Tech Park,150,8,142,245,No,No,143
2026-08-15,Saturday,22:30,Silicon Tech Park,150,5,145,228,No,No,147
2026-08-15,Saturday,23:00,Silicon Tech Park,150,3,147,229,No,No,144
2026-08-15,Saturday,23:30,Silicon Tech Park,150,3,147,227,No,No,144
2026-08-16,Saturday,00:00,Silicon Tech Park,150,12,138,227,No,No,128
2026-08-16,Saturday,00:30,Silicon Tech Park,150,16,134,232,No,No,127
2026-08-16,Saturday,01:00,Silicon Tech Park,150,19,131,237,No,No,128
2026-08-16,Saturday,01:30,Silicon Tech Park,150,26,124,240,No,No,124
2026-08-16,Saturday,02:00,Silicon Tech Park,150,25,125,240,No,No,129
2026-08-16,Saturday,02:30,Silicon Tech Park,150,28,122,234,No,No,123
2026-08-16,Saturday,03:00,Silicon Tech Park,150,21,129,252,No,No,127
2026-08-16,Saturday,03:30,Silicon Tech Park,150,23,127,225,No,No,116
2026-08-16,Saturday,04:00,Silicon Tech Park,150,24,126,233,No,No,120
2026-08-16,Saturday,04:30,Silicon Tech Park,150,32,118,231,No,No,117
2026-08-16,Saturday,05:00,Silicon Tech Park,150,27,123,227,No,No,115
2026-08-16,Saturday,05:30,Silicon Tech Park,150,37,113,249,No,No,122
2026-08-16,Sunday,06:00,Silicon Tech Park,150,30,120,243,No,Yes,119
2026-08-16,Sunday,06:30,Silicon Tech Park,150,30,120,245,No,Yes,118
2026-08-16,Sunday,07:00,Silicon Tech Park,150,31,119,251,No,Yes,120
2026-08-16,Sunday,07:30,Silicon Tech Park,150,35,115,225,No,Yes,111
2026-08-16,Sunday,08:00,Silicon Tech Park,150,30,120,233,No,Yes,121
2026-08-16,Sunday,08:30,Silicon Tech Park,150,28,122,226,No,Yes,119
2026-08-16,Sunday,09:00,Silicon Tech Park,150,27,123,248,No,Yes,115
2026-08-16,Sunday,09:30,Silicon Tech Park,150,27,123,238,No,Yes,115
2026-08-16,Sunday,10:00,Silicon Tech Park,150,31,119,247,No,Yes,113
2026-08-16,Sunday,10:30,Silicon Tech Park,150,26,124,246,No,Yes,119
2026-08-16,Sunday,11:00,Silicon Tech Park,150,35,115,254,No,Yes,118
2026-08-16,Sunday,11:30,Silicon Tech Park,150,31,119,244,No,Yes,127
2026-08-16,Sunday,12:00,Silicon Tech Park,150,31,119,233,No,Yes,125
2026-08-16,Sunday,12:30,Silicon Tech Park,150,30,120,236,No,Yes,124
2026-08-16,Sunday,13:00,Silicon Tech Park,150,23,127,240,No,Yes,125
2026-08-16,Sunday,13:30,Silicon Tech Park,150,30,120,242,No,Yes,130
2026-08-16,Sunday,14:00,Silicon Tech Park,150,19,131,243,No,Yes,126
2026-08-16,Sunday,14:30,Silicon Tech Park,150,21,129,238,No,Yes,130
2026-08-16,Sunday,15:00,Silicon Tech Park,150,24,126,254,No,Yes,126
2026-08-16,Sunday,15:30,Silicon Tech Park,150,18,132,237,No,Yes,128
2026-08-16,Sunday,16:00,Silicon Tech Park,150,13,137,239,No,Yes,131
2026-08-16,Sunday,16:30,Silicon Tech Park,150,15,135,237,No,Yes,141
2026-08-16,Sunday,17:00,Silicon Tech Park,150,18,132,229,No,Yes,138
2026-08-16,Sunday,17:30,Silicon Tech Park,150,14,136,252,No,Yes,139
2026-08-16,Sunday,18:00,Silicon Tech Park,150,11,139,225,No,Yes,136
2026-08-16,Sunday,18:30,Silicon Tech Park,150,6,144,253,No,Yes,140
2026-08-16,Sunday,19:00,Silicon Tech Park,150,5,145,230,No,Yes,147
2026-08-16,Sunday,19:30,Silicon Tech Park,150,3,147,240,No,Yes,145
2026-08-16,Sunday,20:00,Silicon Tech Park,150,7,143,225,No,Yes,147
2026-08-16,Sunday,20:30,Silicon Tech Park,150,11,139,251,No,Yes,144
2026-08-16,Sunday,21:00,Silicon Tech Park,150,3,147,232,No,Yes,144
2026-08-16,Sunday,21:30,Silicon Tech Park,150,3,147,240,No,Yes,141
2026-08-16,Sunday,22:00,Silicon Tech Park,150,4,146,230,No,Yes,145
2026-08-16,Sunday,22:30,Silicon Tech Park,150,9,141,236,No,Yes,147
2026-08-16,Sunday,23:00,Silicon Tech Park,150,6,144,235,No,Yes,146
2026-08-16,Sunday,23:30,Silicon Tech Park,150,3,147,229,No,Yes,142
2026-08-17,Sunday,00:00,Silicon Tech Park,150,15,135,250,No,Yes,131
2026-08-17,Sunday,00:30,Silicon Tech Park,150,17,133,255,No,Yes,134
2026-08-17,Sunday,01:00,Silicon Tech Park,150,19,131,245,No,Yes,127
2026-08-17,Sunday,01:30,Silicon Tech Park,150,18,132,244,No,Yes,131
2026-08-17,Sunday,02:00,Silicon Tech Park,150,22,128,234,No,Yes,127
2026-08-17,Sunday,02:30,Silicon Tech Park,150,30,120,247,No,Yes,126
2026-08-17,Sunday,03:00,Silicon Tech Park,150,21,129,240,No,Yes,123
2026-08-17,Sunday,03:30,Silicon Tech Park,150,25,125,238,No,Yes,116
2026-08-17,Sunday,04:00,Silicon Tech Park,150,26,124,247,No,Yes,116
2026-08-17,Sunday,04:30,Silicon Tech Park,150,31,119,235,No,Yes,115
2026-08-17,Sunday,05:00,Silicon Tech Park,150,34,116,240,No,Yes,118
2026-08-17,Sunday,05:30,Silicon Tech Park,150,35,115,243,No,Yes,116
2026-08-17,Monday,06:00,Silicon Tech Park,150,32,118,255,No,No,114
2026-08-17,Monday,06:30,Silicon Tech Park,150,31,119,254,No,No,115
2026-08-17,Monday,07:00,Silicon Tech Park,150,41,109,232,No,No,95
2026-08-17,Monday,07:30,Silicon Tech Park,150,67,83,243,No,No,70
2026-08-17,Monday,08:00,Silicon Tech Park,150,99,51,241,No,No,41
2026-08-17,Monday,08:30,Silicon Tech Park,150,118,32,229,No,No,28
2026-08-17,Monday,09:00,Silicon Tech Park,150,130,20,240,No,No,11
2026-08-17,Monday,09:30,Silicon Tech Park,150,133,17,255,No,No,24
2026-08-17,Monday,10:00,Silicon Tech Park,150,129,21,239,No,No,22
2026-08-17,Monday,10:30,Silicon Tech Park,150,129,21,249,No,No,21
2026-08-17,Monday,11:00,Silicon Tech Park,150,138,12,252,No,No,15
2026-08-17,Monday,11:30,Silicon Tech Park,150,138,12,232,No,No,15
2026-08-17,Monday,12:00,Silicon Tech Park,150,139,11,251,No,No,11
2026-08-17,Monday,12:30,Silicon Tech Park,150,136,14,250,No,No,13
2026-08-17,Monday,13:00,Silicon Tech Park,150,141,9,235,No,No,10
2026-08-17,Monday,13:30,Silicon Tech Park,150,143,7,251,No,No,14
2026-08-17,Monday,14:00,Silicon Tech Park,150,140,10,254,No,No,16
2026-08-17,Monday,14:30,Silicon Tech Park,150,133,17,248,No,No,8
2026-08-17,Monday,15:00,Silicon Tech Park,150,141,9,241,No,No,16
2026-08-17,Monday,15:30,Silicon Tech Park,150,134,16,250,No,No,13
2026-08-17,Monday,16:00,Silicon Tech Park,150,128,22,252,No,No,21
2026-08-17,Monday,16:30,Silicon Tech Park,150,129,21,229,No,No,26
2026-08-17,Monday,17:00,Silicon Tech Park,150,135,15,245,No,No,42
2026-08-17,Monday,17:30,Silicon Tech Park,150,107,43,239,No,No,57
2026-08-17,Monday,18:00,Silicon Tech Park,150,81,69,239,No,No,84
2026-08-17,Monday,18:30,Silicon Tech Park,150,59,91,244,No,No,102
2026-08-17,Monday,19:00,Silicon Tech Park,150,44,106,254,No,No,110
2026-08-17,Monday,19:30,Silicon Tech Park,150,16,134,247,No,No,139
2026-08-17,Monday,20:00,Silicon Tech Park,150,9,141,243,No,No,132
2026-08-17,Monday,20:30,Silicon Tech Park,150,7,143,228,No,No,140
2026-08-17,Monday,21:00,Silicon Tech Park,150,10,140,240,No,No,141
2026-08-17,Monday,21:30,Silicon Tech Park,150,10,140,248,No,No,144
2026-08-17,Monday,22:00,Silicon Tech Park,150,13,137,238,No,No,140
2026-08-17,Monday,22:30,Silicon Tech Park,150,12,138,235,No,No,136
2026-08-17,Monday,23:00,Silicon Tech Park,150,8,142,245,No,No,139
2026-08-17,Monday,23:30,Silicon Tech Park,150,5,145,243,No,No,139
2026-08-18,Monday,00:00,Silicon Tech Park,150,25,125,248,No,No,131
2026-08-18,Monday,00:30,Silicon Tech Park,150,29,121,227,No,No,130
2026-08-18,Monday,01:00,Silicon Tech Park,150,25,125,228,No,No,119
2026-08-18,Monday,01:30,Silicon Tech Park,150,21,129,232,No,No,125
2026-08-18,Monday,02:00,Silicon Tech Park,150,25,125,236,No,No,123
2026-08-18,Monday,02:30,Silicon Tech Park,150,23,127,249,No,No,122
2026-08-18,Monday,03:00,Silicon Tech Park,150,30,120,226,No,No,118
2026-08-18,Monday,03:30,Silicon Tech Park,150,33,117,237,No,No,119
2026-08-18,Monday,04:00,Silicon Tech Park,150,35,115,227,No,No,119
2026-08-18,Monday,04:30,Silicon Tech Park,150,35,115,228,No,No,113
2026-08-18,Monday,05:00,Silicon Tech Park,150,29,121,232,No,No,115
2026-08-18,Monday,05:30,Silicon Tech Park,150,27,123,242,No,No,115
2026-08-18,Tuesday,06:00,Silicon Tech Park,150,28,122,240,No,No,119
2026-08-18,Tuesday,06:30,Silicon Tech Park,150,39,111,232,No,No,110
2026-08-18,Tuesday,07:00,Silicon Tech Park,150,38,112,229,No,No,94
2026-08-18,Tuesday,07:30,Silicon Tech Park,150,69,81,249,No,No,65
2026-08-18,Tuesday,08:00,Silicon Tech Park,150,98,52,241,No,No,40
2026-08-18,Tuesday,08:30,Silicon Tech Park,150,119,31,246,No,No,24
2026-08-18,Tuesday,09:00,Silicon Tech Park,150,125,25,227,No,No,14
2026-08-18,Tuesday,09:30,Silicon Tech Park,150,124,26,231,No,No,21
2026-08-18,Tuesday,10:00,Silicon Tech Park,150,132,18,236,No,No,18
2026-08-18,Tuesday,10:30,Silicon Tech Park,150,132,18,236,No,No,12
2026-08-18,Tuesday,11:00,Silicon Tech Park,150,131,19,237,No,No,14
2026-08-18,Tuesday,11:30,Silicon Tech Park,150,138,12,254,No,No,11
2026-08-18,Tuesday,12:00,Silicon Tech Park,150,138,12,233,No,No,11
2026-08-18,Tuesday,12:30,Silicon Tech Park,150,143,7,230,No,No,8
2026-08-18,Tuesday,13:00,Silicon Tech Park,150,137,13,233,No,No,13
2026-08-18,Tuesday,13:30,Silicon Tech Park,150,138,12,233,No,No,9
2026-08-18,Tuesday,14:00,Silicon Tech Park,150,134,16,239,No,No,10
2026-08-18,Tuesday,14:30,Silicon Tech Park,150,140,10,245,No,No,9
2026-08-18,Tuesday,15:00,Silicon Tech Park,150,133,17,231,No,No,19
2026-08-18,Tuesday,15:30,Silicon Tech Park,150,131,19,250,No,No,10
2026-08-18,Tuesday,16:00,Silicon Tech Park,150,130,20,231,No,No,17
2026-08-18,Tuesday,16:30,Silicon Tech Park,150,129,21,248,No,No,18
2026-08-18,Tuesday,17:00,Silicon Tech Park,150,137,13,231,No,No,33
2026-08-18,Tuesday,17:30,Silicon Tech Park,150,104,46,236,No,No,61
2026-08-18,Tuesday,18:00,Silicon Tech Park,150,80,70,232,No,No,80
2026-08-18,Tuesday,18:30,Silicon Tech Park,150,56,94,233,No,No,106
2026-08-18,Tuesday,19:00,Silicon Tech Park,150,43,107,225,No,No,111
2026-08-18,Tuesday,19:30,Silicon Tech Park,150,11,139,235,No,No,131
2026-08-18,Tuesday,20:00,Silicon Tech Park,150,16,134,237,No,No,138
2026-08-18,Tuesday,20:30,Silicon Tech Park,150,14,136,237,No,No,142
2026-08-18,Tuesday,21:00,Silicon Tech Park,150,12,138,240,No,No,137
2026-08-18,Tuesday,21:30,Silicon Tech Park,150,17,133,250,No,No,135
2026-08-18,Tuesday,22:00,Silicon Tech Park,150,6,144,232,No,No,144
2026-08-18,Tuesday,22:30,Silicon Tech Park,150,15,135,225,No,No,138
2026-08-18,Tuesday,23:00,Silicon Tech Park,150,5,145,252,No,No,142
2026-08-18,Tuesday,23:30,Silicon Tech Park,150,8,142,225,No,No,141
2026-08-19,Tuesday,00:00,Silicon Tech Park,150,28,122,243,No,No,132
2026-08-19,Tuesday,00:30,Silicon Tech Park,150,20,130,236,No,No,129
2026-08-19,Tuesday,01:00,Silicon Tech Park,150,28,122,238,No,No,126
2026-08-19,Tuesday,01:30,Silicon Tech Park,150,25,125,233,No,No,129
2026-08-19,Tuesday,02:00,Silicon Tech Park,150,22,128,249,No,No,127
2026-08-19,Tuesday,02:30,Silicon Tech Park,150,25,125,229,No,No,116
2026-08-19,Tuesday,03:00,Silicon Tech Park,150,35,115,253,No,No,115
2026-08-19,Tuesday,03:30,Silicon Tech Park,150,35,115,228,No,No,116
2026-08-19,Tuesday,04:00,Silicon Tech Park,150,35,115,246,No,No,114
2026-08-19,Tuesday,04:30,Silicon Tech Park,150,32,118,254,No,No,123
2026-08-19,Tuesday,05:00,Silicon Tech Park,150,35,115,227,No,No,118
2026-08-19,Tuesday,05:30,Silicon Tech Park,150,34,116,253,No,No,116
2026-08-19,Wednesday,06:00,Silicon Tech Park,150,34,116,247,No,No,121
2026-08-19,Wednesday,06:30,Silicon Tech Park,150,30,120,247,No,No,121
2026-08-19,Wednesday,07:00,Silicon Tech Park,150,36,114,246,No,No,98
2026-08-19,Wednesday,07:30,Silicon Tech Park,150,72,78,238,No,No,65
2026-08-19,Wednesday,08:00,Silicon Tech Park,150,96,54,225,No,No,46
2026-08-19,Wednesday,08:30,Silicon Tech Park,150,122,28,227,No,No,19
2026-08-19,Wednesday,09:00,Silicon Tech Park,150,128,22,247,No,No,16
2026-08-19,Wednesday,09:30,Silicon Tech Park,150,125,25,250,No,No,19
2026-08-19,Wednesday,10:00,Silicon Tech Park,150,134,16,255,No,No,22
2026-08-19,Wednesday,10:30,Silicon Tech Park,150,136,14,239,No,No,10
2026-08-19,Wednesday,11:00,Silicon Tech Park,150,139,11,226,No,No,10
2026-08-19,Wednesday,11:30,Silicon Tech Park,150,137,13,238,No,No,10
2026-08-19,Wednesday,12:00,Silicon Tech Park,150,134,16,250,No,No,7
2026-08-19,Wednesday,12:30,Silicon Tech Park,150,136,14,226,No,No,16
2026-08-19,Wednesday,13:00,Silicon Tech Park,150,139,11,236,No,No,11
2026-08-19,Wednesday,13:30,Silicon Tech Park,150,138,12,230,No,No,6
2026-08-19,Wednesday,14:00,Silicon Tech Park,150,140,10,248,No,No,16
2026-08-19,Wednesday,14:30,Silicon Tech Park,150,140,10,248,No,No,13
2026-08-19,Wednesday,15:00,Silicon Tech Park,150,136,14,243,No,No,14
2026-08-19,Wednesday,15:30,Silicon Tech Park,150,139,11,236,No,No,20
2026-08-19,Wednesday,16:00,Silicon Tech Park,150,137,13,246,No,No,18
2026-08-19,Wednesday,16:30,Silicon Tech Park,150,130,20,242,No,No,14
2026-08-19,Wednesday,17:00,Silicon Tech Park,150,133,17,227,No,No,32
2026-08-19,Wednesday,17:30,Silicon Tech Park,150,109,41,235,No,No,61
2026-08-19,Wednesday,18:00,Silicon Tech Park,150,82,68,239,No,No,81
2026-08-19,Wednesday,18:30,Silicon Tech Park,150,64,86,230,No,No,102
2026-08-19,Wednesday,19:00,Silicon Tech Park,150,51,99,254,No,No,106
2026-08-19,Wednesday,19:30,Silicon Tech Park,150,12,138,244,No,No,135
2026-08-19,Wednesday,20:00,Silicon Tech Park,150,9,141,248,No,No,133
2026-08-19,Wednesday,20:30,Silicon Tech Park,150,18,132,229,No,No,134
2026-08-19,Wednesday,21:00,Silicon Tech Park,150,14,136,251,No,No,143
2026-08-19,Wednesday,21:30,Silicon Tech Park,150,16,134,238,No,No,133
2026-08-19,Wednesday,22:00,Silicon Tech Park,150,6,144,242,No,No,144
2026-08-19,Wednesday,22:30,Silicon Tech Park,150,8,142,225,No,No,139
2026-08-19,Wednesday,23:00,Silicon Tech Park,150,7,143,255,No,No,143
2026-08-19,Wednesday,23:30,Silicon Tech Park,150,14,136,247,No,No,140
2026-08-20,Wednesday,00:00,Silicon Tech Park,150,25,125,235,No,No,123
2026-08-20,Wednesday,00:30,Silicon Tech Park,150,29,121,242,No,No,125
2026-08-20,Wednesday,01:00,Silicon Tech Park,150,24,126,251,No,No,123
2026-08-20,Wednesday,01:30,Silicon Tech Park,150,25,125,248,No,No,120
2026-08-20,Wednesday,02:00,Silicon Tech Park,150,24,126,228,No,No,120
2026-08-20,Wednesday,02:30,Silicon Tech Park,150,32,118,229,No,No,116
2026-08-20,Wednesday,03:00,Silicon Tech Park,150,32,118,231,No,No,115
2026-08-20,Wednesday,03:30,Silicon Tech Park,150,34,116,241,No,No,119
2026-08-20,Wednesday,04:00,Silicon Tech Park,150,26,124,254,No,No,113
2026-08-20,Wednesday,04:30,Silicon Tech Park,150,35,115,232,No,No,120
2026-08-20,Wednesday,05:00,Silicon Tech Park,150,33,117,231,No,No,122
2026-08-20,Wednesday,05:30,Silicon Tech Park,150,29,121,251,No,No,122
2026-08-20,Thursday,06:00,Silicon Tech Park,150,30,120,231,No,No,113
2026-08-20,Thursday,06:30,Silicon Tech Park,150,29,121,227,No,No,116
2026-08-20,Thursday,07:00,Silicon Tech Park,150,37,113,228,No,No,94
2026-08-20,Thursday,07:30,Silicon Tech Park,150,62,88,237,No,No,63
2026-08-20,Thursday,08:00,Silicon Tech Park,150,93,57,235,No,No,44
2026-08-20,Thursday,08:30,Silicon Tech Park,150,118,32,238,No,No,18
2026-08-20,Thursday,09:00,Silicon Tech Park,150,132,18,245,No,No,21
2026-08-20,Thursday,09:30,Silicon Tech Park,150,133,17,240,No,No,21
2026-08-20,Thursday,10:00,Silicon Tech Park,150,124,26,236,No,No,16
2026-08-20,Thursday,10:30,Silicon Tech Park,150,136,14,252,No,No,13
2026-08-20,Thursday,11:00,Silicon Tech Park,150,129,21,249,No,No,12
2026-08-20,Thursday,11:30,Silicon Tech Park,150,141,9,244,No,No,7
2026-08-20,Thursday,12:00,Silicon Tech Park,150,137,13,246,No,No,17
2026-08-20,Thursday,12:30,Silicon Tech Park,150,144,6,226,No,No,8
2026-08-20,Thursday,13:00,Silicon Tech Park,150,139,11,227,No,No,10
2026-08-20,Thursday,13:30,Silicon Tech Park,150,136,14,227,No,No,7
2026-08-20,Thursday,14:00,Silicon Tech Park,150,144,6,245,No,No,12
2026-08-20,Thursday,14:30,Silicon Tech Park,150,136,14,248,No,No,11
2026-08-20,Thursday,15:00,Silicon Tech Park,150,132,18,240,No,No,16
2026-08-20,Thursday,15:30,Silicon Tech Park,150,138,12,249,No,No,16
2026-08-20,Thursday,16:00,Silicon Tech Park,150,133,17,244,No,No,24
2026-08-20,Thursday,16:30,Silicon Tech Park,150,133,17,229,No,No,18
2026-08-20,Thursday,17:00,Silicon Tech Park,150,137,13,225,No,No,37
2026-08-20,Thursday,17:30,Silicon Tech Park,150,100,50,241,No,No,66
2026-08-20,Thursday,18:00,Silicon Tech Park,150,78,72,243,No,No,80
2026-08-20,Thursday,18:30,Silicon Tech Park,150,62,88,245,No,No,103
2026-08-20,Thursday,19:00,Silicon Tech Park,150,49,101,228,No,No,108
2026-08-20,Thursday,19:30,Silicon Tech Park,150,14,136,253,No,No,132
2026-08-20,Thursday,20:00,Silicon Tech Park,150,11,139,226,No,No,139
2026-08-20,Thursday,20:30,Silicon Tech Park,150,15,135,228,No,No,132
2026-08-20,Thursday,21:00,Silicon Tech Park,150,8,142,227,No,No,138
2026-08-20,Thursday,21:30,Silicon Tech Park,150,10,140,225,No,No,136
2026-08-20,Thursday,22:00,Silicon Tech Park,150,16,134,245,No,No,136
2026-08-20,Thursday,22:30,Silicon Tech Park,150,8,142,226,No,No,143
2026-08-20,Thursday,23:00,Silicon Tech Park,150,13,137,252,No,No,135
2026-08-20,Thursday,23:30,Silicon Tech Park,150,13,137,232,No,No,136
2026-08-21,Thursday,00:00,Silicon Tech Park,150,27,123,255,No,No,131
2026-08-21,Thursday,00:30,Silicon Tech Park,150,19,131,229,No,No,120
2026-08-21,Thursday,01:00,Silicon Tech Park,150,26,124,244,No,No,125
2026-08-21,Thursday,01:30,Silicon Tech Park,150,30,120,236,No,No,124
2026-08-21,Thursday,02:00,Silicon Tech Park,150,27,123,247,No,No,120
2026-08-21,Thursday,02:30,Silicon Tech Park,150,29,121,245,No,No,122
2026-08-21,Thursday,03:00,Silicon Tech Park,150,27,123,226,No,No,119
2026-08-21,Thursday,03:30,Silicon Tech Park,150,25,125,238,No,No,124
2026-08-21,Thursday,04:00,Silicon Tech Park,150,36,114,253,No,No,120
2026-08-21,Thursday,04:30,Silicon Tech Park,150,32,118,237,No,No,121
2026-08-21,Thursday,05:00,Silicon Tech Park,150,37,113,254,No,No,122
2026-08-21,Thursday,05:30,Silicon Tech Park,150,28,122,230,No,No,120
2026-08-01,Saturday,06:00,City Center Parking,60,14,46,81,No,No,52
2026-08-01,Saturday,06:30,City Center Parking,60,13,47,85,No,No,53
2026-08-01,Saturday,07:00,City Center Parking,60,8,52,66,No,No,49
2026-08-01,Saturday,07:30,City Center Parking,60,10,50,61,No,No,49
2026-08-01,Saturday,08:00,City Center Parking,60,11,49,76,No,No,48
2026-08-01,Saturday,08:30,City Center Parking,60,11,49,87,No,No,47
2026-08-01,Saturday,09:00,City Center Parking,60,9,51,66,No,No,47
2026-08-01,Saturday,09:30,City Center Parking,60,10,50,85,No,No,48
2026-08-01,Saturday,10:00,City Center Parking,60,9,51,84,No,No,45
2026-08-01,Saturday,10:30,City Center Parking,60,12,48,67,No,No,45
2026-08-01,Saturday,11:00,City Center Parking,60,32,28,86,No,No,27
2026-08-01,Saturday,11:30,City Center Parking,60,35,25,73,No,No,22
2026-08-01,Saturday,12:00,City Center Parking,60,38,22,72,No,No,16
2026-08-01,Saturday,12:30,City Center Parking,60,43,17,89,No,No,14
2026-08-01,Saturday,13:00,City Center Parking,60,49,11,86,No,No,10
2026-08-01,Saturday,13:30,City Center Parking,60,50,10,64,No,No,6
2026-08-01,Saturday,14:00,City Center Parking,60,54,6,76,No,No,6
2026-08-01,Saturday,14:30,City Center Parking,60,55,5,84,No,No,6
2026-08-01,Saturday,15:00,City Center Parking,60,55,5,76,No,No,2
2026-08-01,Saturday,15:30,City Center Parking,60,57,3,73,No,No,3
2026-08-01,Saturday,16:00,City Center Parking,60,55,5,77,No,No,1
2026-08-01,Saturday,16:30,City Center Parking,60,58,2,64,No,No,6
2026-08-01,Saturday,17:00,City Center Parking,60,55,5,68,No,No,5
2026-08-01,Saturday,17:30,City Center Parking,60,57,3,85,No,No,8
2026-08-01,Saturday,18:00,City Center Parking,60,53,7,86,No,No,10
2026-08-01,Saturday,18:30,City Center Parking,60,52,8,69,No,No,12
2026-08-01,Saturday,19:00,City Center Parking,60,47,13,75,No,No,13
2026-08-01,Saturday,19:30,City Center Parking,60,44,16,82,No,No,18
2026-08-01,Saturday,20:00,City Center Parking,60,41,19,81,No,No,21
2026-08-01,Saturday,20:30,City Center Parking,60,35,25,78,No,No,27
2026-08-01,Saturday,21:00,City Center Parking,60,11,49,82,No,No,47
2026-08-01,Saturday,21:30,City Center Parking,60,15,45,68,No,No,45
2026-08-01,Saturday,22:00,City Center Parking,60,13,47,67,No,No,45
2026-08-01,Saturday,22:30,City Center Parking,60,13,47,71,No,No,48
2026-08-01,Saturday,23:00,City Center Parking,60,10,50,68,No,No,46
2026-08-01,Saturday,23:30,City Center Parking,60,15,45,88,No,No,48
2026-08-02,Saturday,00:00,City Center Parking,60,11,49,81,No,No,48
2026-08-02,Saturday,00:30,City Center Parking,60,10,50,78,No,No,48
2026-08-02,Saturday,01:00,City Center Parking,60,12,48,67,No,No,48
2026-08-02,Saturday,01:30,City Center Parking,60,13,47,80,No,No,48
2026-08-02,Saturday,02:00,City Center Parking,60,13,47,89,No,No,50
2026-08-02,Saturday,02:30,City Center Parking,60,9,51,68,No,No,48
2026-08-02,Saturday,03:00,City Center Parking,60,12,48,62,No,No,46
2026-08-02,Saturday,03:30,City Center Parking,60,11,49,77,No,No,49
2026-08-02,Saturday,04:00,City Center Parking,60,16,44,61,No,No,50
2026-08-02,Saturday,04:30,City Center Parking,60,9,51,73,No,No,51
2026-08-02,Saturday,05:00,City Center Parking,60,13,47,85,No,No,52
2026-08-02,Saturday,05:30,City Center Parking,60,12,48,77,No,No,45
2026-08-02,Sunday,06:00,City Center Parking,60,11,49,88,No,No,48
2026-08-02,Sunday,06:30,City Center Parking,60,10,50,83,No,No,49
2026-08-02,Sunday,07:00,City Center Parking,60,16,44,78,No,No,50
2026-08-02,Sunday,07:30,City Center Parking,60,11,49,60,No,No,48
2026-08-02,Sunday,08:00,City Center Parking,60,11,49,86,No,No,53
2026-08-02,Sunday,08:30,City Center Parking,60,16,44,78,No,No,49
2026-08-02,Sunday,09:00,City Center Parking,60,10,50,63,No,No,49
2026-08-02,Sunday,09:30,City Center Parking,60,9,51,88,No,No,52
2026-08-02,Sunday,10:00,City Center Parking,60,13,47,69,No,No,46
2026-08-02,Sunday,10:30,City Center Parking,60,8,52,67,No,No,47
2026-08-02,Sunday,11:00,City Center Parking,60,35,25,83,No,No,23
2026-08-02,Sunday,11:30,City Center Parking,60,36,24,84,No,No,21
2026-08-02,Sunday,12:00,City Center Parking,60,39,21,68,No,No,16
2026-08-02,Sunday,12:30,City Center Parking,60,45,15,73,No,No,14
2026-08-02,Sunday,13:00,City Center Parking,60,45,15,70,No,No,11
2026-08-02,Sunday,13:30,City Center Parking,60,52,8,72,No,No,8
2026-08-02,Sunday,14:00,City Center Parking,60,51,9,71,No,No,8
2026-08-02,Sunday,14:30,City Center Parking,60,55,5,86,No,No,5
2026-08-02,Sunday,15:00,City Center Parking,60,55,5,85,No,No,5
2026-08-02,Sunday,15:30,City Center Parking,60,56,4,71,No,No,4
2026-08-02,Sunday,16:00,City Center Parking,60,59,1,69,No,No,4
2026-08-02,Sunday,16:30,City Center Parking,60,57,3,88,No,No,6
2026-08-02,Sunday,17:00,City Center Parking,60,56,4,89,No,No,4
2026-08-02,Sunday,17:30,City Center Parking,60,54,6,62,No,No,5
2026-08-02,Sunday,18:00,City Center Parking,60,53,7,72,No,No,10
2026-08-02,Sunday,18:30,City Center Parking,60,50,10,60,No,No,11
2026-08-02,Sunday,19:00,City Center Parking,60,47,13,89,No,No,15
2026-08-02,Sunday,19:30,City Center Parking,60,43,17,71,No,No,19
2026-08-02,Sunday,20:00,City Center Parking,60,40,20,68,No,No,24
2026-08-02,Sunday,20:30,City Center Parking,60,37,23,87,No,No,26
2026-08-02,Sunday,21:00,City Center Parking,60,16,44,76,No,No,46
2026-08-02,Sunday,21:30,City Center Parking,60,11,49,84,No,No,49
2026-08-02,Sunday,22:00,City Center Parking,60,7,53,77,No,No,46
2026-08-02,Sunday,22:30,City Center Parking,60,10,50,69,No,No,47
2026-08-02,Sunday,23:00,City Center Parking,60,11,49,73,No,No,52
2026-08-02,Sunday,23:30,City Center Parking,60,14,46,61,No,No,44
2026-08-03,Sunday,00:00,City Center Parking,60,10,50,83,No,No,43
2026-08-03,Sunday,00:30,City Center Parking,60,11,49,67,No,No,48
2026-08-03,Sunday,01:00,City Center Parking,60,11,49,84,No,No,49
2026-08-03,Sunday,01:30,City Center Parking,60,12,48,74,No,No,47
2026-08-03,Sunday,02:00,City Center Parking,60,8,52,65,No,No,44
2026-08-03,Sunday,02:30,City Center Parking,60,14,46,76,No,No,46
2026-08-03,Sunday,03:00,City Center Parking,60,8,52,65,No,No,46
2026-08-03,Sunday,03:30,City Center Parking,60,13,47,86,No,No,47
2026-08-03,Sunday,04:00,City Center Parking,60,8,52,82,No,No,45
2026-08-03,Sunday,04:30,City Center Parking,60,13,47,62,No,No,47
2026-08-03,Sunday,05:00,City Center Parking,60,13,47,75,No,No,47
2026-08-03,Sunday,05:30,City Center Parking,60,13,47,76,No,No,45
2026-08-03,Monday,06:00,City Center Parking,60,15,45,86,No,No,47
2026-08-03,Monday,06:30,City Center Parking,60,13,47,76,No,No,50
2026-08-03,Monday,07:00,City Center Parking,60,13,47,71,No,No,46
2026-08-03,Monday,07:30,City Center Parking,60,12,48,69,No,No,50
2026-08-03,Monday,08:00,City Center Parking,60,31,29,73,No,No,27
2026-08-03,Monday,08:30,City Center Parking,60,35,25,74,No,No,24
2026-08-03,Monday,09:00,City Center Parking,60,34,26,83,No,No,21
2026-08-03,Monday,09:30,City Center Parking,60,37,23,72,No,No,22
2026-08-03,Monday,10:00,City Center Parking,60,43,17,67,No,No,18
2026-08-03,Monday,10:30,City Center Parking,60,44,16,72,No,No,15
2026-08-03,Monday,11:00,City Center Parking,60,45,15,88,No,No,14
2026-08-03,Monday,11:30,City Center Parking,60,46,14,90,No,No,9
2026-08-03,Monday,12:00,City Center Parking,60,50,10,88,No,No,11
2026-08-03,Monday,12:30,City Center Parking,60,49,11,71,No,No,8
2026-08-03,Monday,13:00,City Center Parking,60,54,6,72,No,No,6
2026-08-03,Monday,13:30,City Center Parking,60,53,7,62,No,No,8
2026-08-03,Monday,14:00,City Center Parking,60,53,7,76,No,No,9
2026-08-03,Monday,14:30,City Center Parking,60,54,6,87,No,No,10
2026-08-03,Monday,15:00,City Center Parking,60,51,9,70,No,No,7
2026-08-03,Monday,15:30,City Center Parking,60,49,11,65,No,No,12
2026-08-03,Monday,16:00,City Center Parking,60,51,9,83,No,No,12
2026-08-03,Monday,16:30,City Center Parking,60,48,12,60,No,No,13
2026-08-03,Monday,17:00,City Center Parking,60,44,16,71,No,No,16
2026-08-03,Monday,17:30,City Center Parking,60,44,16,85,No,No,18
2026-08-03,Monday,18:00,City Center Parking,60,40,20,70,No,No,23
2026-08-03,Monday,18:30,City Center Parking,60,39,21,76,No,No,21
2026-08-03,Monday,19:00,City Center Parking,60,36,24,84,No,No,25
2026-08-03,Monday,19:30,City Center Parking,60,34,26,61,No,No,29
2026-08-03,Monday,20:00,City Center Parking,60,12,48,83,No,No,43
2026-08-03,Monday,20:30,City Center Parking,60,14,46,72,No,No,45
2026-08-03,Monday,21:00,City Center Parking,60,14,46,64,No,No,48
2026-08-03,Monday,21:30,City Center Parking,60,10,50,72,No,No,50
2026-08-03,Monday,22:00,City Center Parking,60,13,47,73,No,No,47
2026-08-03,Monday,22:30,City Center Parking,60,16,44,77,No,No,45
2026-08-03,Monday,23:00,City Center Parking,60,13,47,65,No,No,49
2026-08-03,Monday,23:30,City Center Parking,60,13,47,74,No,No,48
2026-08-04,Monday,00:00,City Center Parking,60,15,45,81,No,No,44
2026-08-04,Monday,00:30,City Center Parking,60,16,44,87,No,No,46
2026-08-04,Monday,01:00,City Center Parking,60,14,46,88,No,No,46
2026-08-04,Monday,01:30,City Center Parking,60,15,45,81,No,No,48
2026-08-04,Monday,02:00,City Center Parking,60,13,47,79,No,No,46
2026-08-04,Monday,02:30,City Center Parking,60,13,47,68,No,No,45
2026-08-04,Monday,03:00,City Center Parking,60,13,47,72,No,No,47
2026-08-04,Monday,03:30,City Center Parking,60,11,49,86,No,No,44
2026-08-04,Monday,04:00,City Center Parking,60,12,48,67,No,No,48
2026-08-04,Monday,04:30,City Center Parking,60,13,47,71,No,No,47
2026-08-04,Monday,05:00,City Center Parking,60,12,48,67,No,No,47
2026-08-04,Monday,05:30,City Center Parking,60,13,47,70,No,No,47
2026-08-04,Tuesday,06:00,City Center Parking,60,12,48,60,No,No,47
2026-08-04,Tuesday,06:30,City Center Parking,60,14,46,75,No,No,48
2026-08-04,Tuesday,07:00,City Center Parking,60,13,47,67,No,No,49
2026-08-04,Tuesday,07:30,City Center Parking,60,15,45,70,No,No,50
2026-08-04,Tuesday,08:00,City Center Parking,60,28,32,83,No,No,28
2026-08-04,Tuesday,08:30,City Center Parking,60,35,25,75,No,No,23
2026-08-04,Tuesday,09:00,City Center Parking,60,37,23,85,No,No,21
2026-08-04,Tuesday,09:30,City Center Parking,60,36,24,61,No,No,21
2026-08-04,Tuesday,10:00,City Center Parking,60,40,20,64,No,No,15
2026-08-04,Tuesday,10:30,City Center Parking,60,45,15,81,No,No,13
2026-08-04,Tuesday,11:00,City Center Parking,60,47,13,71,No,No,15
2026-08-04,Tuesday,11:30,City Center Parking,60,50,10,65,No,No,12
2026-08-04,Tuesday,12:00,City Center Parking,60,52,8,61,No,No,11
2026-08-04,Tuesday,12:30,City Center Parking,60,52,8,61,No,No,7
2026-08-04,Tuesday,13:00,City Center Parking,60,53,7,66,No,No,6
2026-08-04,Tuesday,13:30,City Center Parking,60,55,5,86,No,No,9
2026-08-04,Tuesday,14:00,City Center Parking,60,52,8,78,No,No,6
2026-08-04,Tuesday,14:30,City Center Parking,60,54,6,62,No,No,9
2026-08-04,Tuesday,15:00,City Center Parking,60,52,8,62,No,No,7
2026-08-04,Tuesday,15:30,City Center Parking,60,52,8,65,No,No,9
2026-08-04,Tuesday,16:00,City Center Parking,60,50,10,63,No,No,13
2026-08-04,Tuesday,16:30,City Center Parking,60,46,14,69,No,No,11
2026-08-04,Tuesday,17:00,City Center Parking,60,45,15,81,No,No,15
2026-08-04,Tuesday,17:30,City Center Parking,60,43,17,74,No,No,18
2026-08-04,Tuesday,18:00,City Center Parking,60,42,18,69,No,No,19
2026-08-04,Tuesday,18:30,City Center Parking,60,40,20,73,No,No,24
2026-08-04,Tuesday,19:00,City Center Parking,60,35,25,87,No,No,27
2026-08-04,Tuesday,19:30,City Center Parking,60,33,27,67,No,No,28
2026-08-04,Tuesday,20:00,City Center Parking,60,13,47,61,No,No,50
2026-08-04,Tuesday,20:30,City Center Parking,60,13,47,74,No,No,48
2026-08-04,Tuesday,21:00,City Center Parking,60,15,45,70,No,No,49
2026-08-04,Tuesday,21:30,City Center Parking,60,15,45,80,No,No,47
2026-08-04,Tuesday,22:00,City Center Parking,60,13,47,82,No,No,50
2026-08-04,Tuesday,22:30,City Center Parking,60,11,49,66,No,No,44
2026-08-04,Tuesday,23:00,City Center Parking,60,13,47,72,No,No,47
2026-08-04,Tuesday,23:30,City Center Parking,60,14,46,82,No,No,44
2026-08-05,Tuesday,00:00,City Center Parking,60,12,48,82,No,No,45
2026-08-05,Tuesday,00:30,City Center Parking,60,14,46,82,No,No,49
2026-08-05,Tuesday,01:00,City Center Parking,60,16,44,62,No,No,46
2026-08-05,Tuesday,01:30,City Center Parking,60,14,46,67,No,No,49
2026-08-05,Tuesday,02:00,City Center Parking,60,15,45,65,No,No,45
2026-08-05,Tuesday,02:30,City Center Parking,60,13,47,85,No,No,46
2026-08-05,Tuesday,03:00,City Center Parking,60,11,49,76,No,No,44
2026-08-05,Tuesday,03:30,City Center Parking,60,14,46,83,No,No,43
2026-08-05,Tuesday,04:00,City Center Parking,60,13,47,79,No,No,45
2026-08-05,Tuesday,04:30,City Center Parking,60,14,46,61,No,No,46
2026-08-05,Tuesday,05:00,City Center Parking,60,12,48,84,No,No,48
2026-08-05,Tuesday,05:30,City Center Parking,60,14,46,90,No,No,43
2026-08-05,Wednesday,06:00,City Center Parking,60,16,44,79,No,No,47
2026-08-05,Wednesday,06:30,City Center Parking,60,14,46,68,No,No,49
2026-08-05,Wednesday,07:00,City Center Parking,60,13,47,88,No,No,49
2026-08-05,Wednesday,07:30,City Center Parking,60,15,45,67,No,No,47
2026-08-05,Wednesday,08:00,City Center Parking,60,28,32,90,No,No,27
2026-08-05,Wednesday,08:30,City Center Parking,60,34,26,77,No,No,25
2026-08-05,Wednesday,09:00,City Center Parking,60,34,26,73,No,No,20
2026-08-05,Wednesday,09:30,City Center Parking,60,40,20,83,No,No,19
2026-08-05,Wednesday,10:00,City Center Parking,60,43,17,69,No,No,16
2026-08-05,Wednesday,10:30,City Center Parking,60,46,14,75,No,No,16
2026-08-05,Wednesday,11:00,City Center Parking,60,46,14,81,No,No,11
2026-08-05,Wednesday,11:30,City Center Parking,60,47,13,87,No,No,8
2026-08-05,Wednesday,12:00,City Center Parking,60,51,9,77,No,No,11
2026-08-05,Wednesday,12:30,City Center Parking,60,50,10,80,No,No,7
2026-08-05,Wednesday,13:00,City Center Parking,60,51,9,62,No,No,9
2026-08-05,Wednesday,13:30,City Center Parking,60,50,10,75,No,No,9
2026-08-05,Wednesday,14:00,City Center Parking,60,54,6,83,No,No,9
2026-08-05,Wednesday,14:30,City Center Parking,60,53,7,69,No,No,8
2026-08-05,Wednesday,15:00,City Center Parking,60,52,8,88,No,No,7
2026-08-05,Wednesday,15:30,City Center Parking,60,49,11,71,No,No,8
2026-08-05,Wednesday,16:00,City Center Parking,60,52,8,69,No,No,10
2026-08-05,Wednesday,16:30,City Center Parking,60,46,14,80,No,No,11
2026-08-05,Wednesday,17:00,City Center Parking,60,44,16,87,No,No,13
2026-08-05,Wednesday,17:30,City Center Parking,60,43,17,90,No,No,16
2026-08-05,Wednesday,18:00,City Center Parking,60,43,17,85,No,No,21
2026-08-05,Wednesday,18:30,City Center Parking,60,37,23,65,No,No,23
2026-08-05,Wednesday,19:00,City Center Parking,60,36,24,63,No,No,24
2026-08-05,Wednesday,19:30,City Center Parking,60,33,27,77,No,No,31
2026-08-05,Wednesday,20:00,City Center Parking,60,15,45,81,No,No,49
2026-08-05,Wednesday,20:30,City Center Parking,60,12,48,65,No,No,44
2026-08-05,Wednesday,21:00,City Center Parking,60,16,44,89,No,No,48
2026-08-05,Wednesday,21:30,City Center Parking,60,12,48,62,No,No,46
2026-08-05,Wednesday,22:00,City Center Parking,60,15,45,66,No,No,48
2026-08-05,Wednesday,22:30,City Center Parking,60,14,46,87,No,No,48
2026-08-05,Wednesday,23:00,City Center Parking,60,12,48,85,No,No,46
2026-08-05,Wednesday,23:30,City Center Parking,60,12,48,78,No,No,46
2026-08-06,Wednesday,00:00,City Center Parking,60,16,44,81,No,No,47
2026-08-06,Wednesday,00:30,City Center Parking,60,12,48,70,No,No,48
2026-08-06,Wednesday,01:00,City Center Parking,60,11,49,60,No,No,47
2026-08-06,Wednesday,01:30,City Center Parking,60,15,45,70,No,No,43
2026-08-06,Wednesday,02:00,City Center Parking,60,10,50,62,No,No,45
2026-08-06,Wednesday,02:30,City Center Parking,60,12,48,78,No,No,44
2026-08-06,Wednesday,03:00,City Center Parking,60,14,46,70,No,No,45
2026-08-06,Wednesday,03:30,City Center Parking,60,14,46,67,No,No,45
2026-08-06,Wednesday,04:00,City Center Parking,60,16,44,61,No,No,44
2026-08-06,Wednesday,04:30,City Center Parking,60,11,49,86,No,No,47
2026-08-06,Wednesday,05:00,City Center Parking,60,14,46,62,No,No,45
2026-08-06,Wednesday,05:30,City Center Parking,60,14,46,73,No,No,46
2026-08-06,Thursday,06:00,City Center Parking,60,14,46,89,No,No,50
2026-08-06,Thursday,06:30,City Center Parking,60,13,47,68,No,No,47
2026-08-06,Thursday,07:00,City Center Parking,60,13,47,78,No,No,46
2026-08-06,Thursday,07:30,City Center Parking,60,16,44,77,No,No,47
2026-08-06,Thursday,08:00,City Center Parking,60,30,30,89,No,No,27
2026-08-06,Thursday,08:30,City Center Parking,60,35,25,69,No,No,24
2026-08-06,Thursday,09:00,City Center Parking,60,38,22,63,No,No,21
2026-08-06,Thursday,09:30,City Center Parking,60,38,22,61,No,No,18
2026-08-06,Thursday,10:00,City Center Parking,60,42,18,62,No,No,18
2026-08-06,Thursday,10:30,City Center Parking,60,42,18,61,No,No,17
2026-08-06,Thursday,11:00,City Center Parking,60,47,13,90,No,No,14
2026-08-06,Thursday,11:30,City Center Parking,60,46,14,75,No,No,9
2026-08-06,Thursday,12:00,City Center Parking,60,50,10,72,No,No,10
2026-08-06,Thursday,12:30,City Center Parking,60,53,7,78,No,No,6
2026-08-06,Thursday,13:00,City Center Parking,60,50,10,67,No,No,9
2026-08-06,Thursday,13:30,City Center Parking,60,55,5,80,No,No,6
2026-08-06,Thursday,14:00,City Center Parking,60,53,7,63,No,No,10
2026-08-06,Thursday,14:30,City Center Parking,60,54,6,66,No,No,10
2026-08-06,Thursday,15:00,City Center Parking,60,54,6,83,No,No,7
2026-08-06,Thursday,15:30,City Center Parking,60,50,10,76,No,No,10
2026-08-06,Thursday,16:00,City Center Parking,60,50,10,81,No,No,12
2026-08-06,Thursday,16:30,City Center Parking,60,49,11,85,No,No,12
2026-08-06,Thursday,17:00,City Center Parking,60,46,14,75,No,No,17
2026-08-06,Thursday,17:30,City Center Parking,60,44,16,66,No,No,18
2026-08-06,Thursday,18:00,City Center Parking,60,42,18,86,No,No,21
2026-08-06,Thursday,18:30,City Center Parking,60,41,19,72,No,No,24
2026-08-06,Thursday,19:00,City Center Parking,60,35,25,78,No,No,27
2026-08-06,Thursday,19:30,City Center Parking,60,35,25,87,No,No,28
2026-08-06,Thursday,20:00,City Center Parking,60,14,46,68,No,No,46
2026-08-06,Thursday,20:30,City Center Parking,60,15,45,66,No,No,45
2026-08-06,Thursday,21:00,City Center Parking,60,13,47,78,No,No,50
2026-08-06,Thursday,21:30,City Center Parking,60,15,45,67,No,No,48
2026-08-06,Thursday,22:00,City Center Parking,60,11,49,66,No,No,49
2026-08-06,Thursday,22:30,City Center Parking,60,12,48,63,No,No,49
2026-08-06,Thursday,23:00,City Center Parking,60,13,47,64,No,No,48
2026-08-06,Thursday,23:30,City Center Parking,60,13,47,73,No,No,46
2026-08-07,Thursday,00:00,City Center Parking,60,12,48,87,No,No,45
2026-08-07,Thursday,00:30,City Center Parking,60,14,46,87,No,No,48
2026-08-07,Thursday,01:00,City Center Parking,60,12,48,61,No,No,46
2026-08-07,Thursday,01:30,City Center Parking,60,12,48,86,No,No,48
2026-08-07,Thursday,02:00,City Center Parking,60,12,48,88,No,No,46
2026-08-07,Thursday,02:30,City Center Parking,60,14,46,75,No,No,47
2026-08-07,Thursday,03:00,City Center Parking,60,11,49,80,No,No,44
2026-08-07,Thursday,03:30,City Center Parking,60,12,48,90,No,No,45
2026-08-07,Thursday,04:00,City Center Parking,60,15,45,60,No,No,45
2026-08-07,Thursday,04:30,City Center Parking,60,16,44,77,No,No,47
2026-08-07,Thursday,05:00,City Center Parking,60,11,49,76,No,No,45
2026-08-07,Thursday,05:30,City Center Parking,60,12,48,69,No,No,44
2026-08-07,Friday,06:00,City Center Parking,60,12,48,69,No,No,43
2026-08-07,Friday,06:30,City Center Parking,60,15,45,87,No,No,48
2026-08-07,Friday,07:00,City Center Parking,60,13,47,75,No,No,46
2026-08-07,Friday,07:30,City Center Parking,60,14,46,82,No,No,47
2026-08-07,Friday,08:00,City Center Parking,60,28,32,65,No,No,29
2026-08-07,Friday,08:30,City Center Parking,60,33,27,84,No,No,24
2026-08-07,Friday,09:00,City Center Parking,60,36,24,68,No,No,22
2026-08-07,Friday,09:30,City Center Parking,60,40,20,81,No,No,19
2026-08-07,Friday,10:00,City Center Parking,60,41,19,78,No,No,17
2026-08-07,Friday,10:30,City Center Parking,60,42,18,79,No,No,16
2026-08-07,Friday,11:00,City Center Parking,60,48,12,61,No,No,13
2026-08-07,Friday,11:30,City Center Parking,60,47,13,84,No,No,12
2026-08-07,Friday,12:00,City Center Parking,60,49,11,67,No,No,9
2026-08-07,Friday,12:30,City Center Parking,60,49,11,82,No,No,8
2026-08-07,Friday,13:00,City Center Parking,60,51,9,64,No,No,6
2026-08-07,Friday,13:30,City Center Parking,60,52,8,66,No,No,7
2026-08-07,Friday,14:00,City Center Parking,60,51,9,83,No,No,6
2026-08-07,Friday,14:30,City Center Parking,60,52,8,77,No,No,9
2026-08-07,Friday,15:00,City Center Parking,60,51,9,83,No,No,9
2026-08-07,Friday,15:30,City Center Parking,60,50,10,61,No,No,8
2026-08-07,Friday,16:00,City Center Parking,60,48,12,73,No,No,12
2026-08-07,Friday,16:30,City Center Parking,60,50,10,78,No,No,11
2026-08-07,Friday,17:00,City Center Parking,60,45,15,62,No,No,17
2026-08-07,Friday,17:30,City Center Parking,60,42,18,63,No,No,19
2026-08-07,Friday,18:00,City Center Parking,60,42,18,79,No,No,20
2026-08-07,Friday,18:30,City Center Parking,60,37,23,84,No,No,23
2026-08-07,Friday,19:00,City Center Parking,60,36,24,68,No,No,25
2026-08-07,Friday,19:30,City Center Parking,60,34,26,82,No,No,27
2026-08-07,Friday,20:00,City Center Parking,60,13,47,75,No,No,48
2026-08-07,Friday,20:30,City Center Parking,60,12,48,62,No,No,49
2026-08-07,Friday,21:00,City Center Parking,60,12,48,82,No,No,46
2026-08-07,Friday,21:30,City Center Parking,60,17,43,60,No,No,45
2026-08-07,Friday,22:00,City Center Parking,60,11,49,66,No,No,45
2026-08-07,Friday,22:30,City Center Parking,60,13,47,66,No,No,49
2026-08-07,Friday,23:00,City Center Parking,60,11,49,74,No,No,46
2026-08-07,Friday,23:30,City Center Parking,60,14,46,66,No,No,44
2026-08-08,Friday,00:00,City Center Parking,60,10,50,73,No,No,46
2026-08-08,Friday,00:30,City Center Parking,60,10,50,60,No,No,48
2026-08-08,Friday,01:00,City Center Parking,60,14,46,73,No,No,51
2026-08-08,Friday,01:30,City Center Parking,60,14,46,63,No,No,49
2026-08-08,Friday,02:00,City Center Parking,60,15,45,82,No,No,43
2026-08-08,Friday,02:30,City Center Parking,60,15,45,88,No,No,49
2026-08-08,Friday,03:00,City Center Parking,60,15,45,86,No,No,45
2026-08-08,Friday,03:30,City Center Parking,60,14,46,73,No,No,49
2026-08-08,Friday,04:00,City Center Parking,60,14,46,79,No,No,49
2026-08-08,Friday,04:30,City Center Parking,60,14,46,72,No,No,50
2026-08-08,Friday,05:00,City Center Parking,60,13,47,78,No,No,47
2026-08-08,Friday,05:30,City Center Parking,60,15,45,82,No,No,48
2026-08-08,Saturday,06:00,City Center Parking,60,12,48,82,No,No,48
2026-08-08,Saturday,06:30,City Center Parking,60,13,47,67,No,No,49
2026-08-08,Saturday,07:00,City Center Parking,60,13,47,77,No,No,48
2026-08-08,Saturday,07:30,City Center Parking,60,8,52,77,No,No,46
2026-08-08,Saturday,08:00,City Center Parking,60,13,47,61,No,No,48
2026-08-08,Saturday,08:30,City Center Parking,60,11,49,67,No,No,50
2026-08-08,Saturday,09:00,City Center Parking,60,14,46,73,No,No,47
2026-08-08,Saturday,09:30,City Center Parking,60,15,45,65,No,No,51
2026-08-08,Saturday,10:00,City Center Parking,60,15,45,60,No,No,45
2026-08-08,Saturday,10:30,City Center Parking,60,8,52,83,No,No,45
2026-08-08,Saturday,11:00,City Center Parking,60,31,29,78,No,No,24
2026-08-08,Saturday,11:30,City Center Parking,60,39,21,75,No,No,23
2026-08-08,Saturday,12:00,City Center Parking,60,42,18,85,No,No,17
2026-08-08,Saturday,12:30,City Center Parking,60,45,15,61,No,No,13
2026-08-08,Saturday,13:00,City Center Parking,60,45,15,79,No,No,13
2026-08-08,Saturday,13:30,City Center Parking,60,49,11,71,No,No,8
2026-08-08,Saturday,14:00,City Center Parking,60,54,6,85,No,No,6
2026-08-08,Saturday,14:30,City Center Parking,60,53,7,84,No,No,6
2026-08-08,Saturday,15:00,City Center Parking,60,57,3,77,No,No,3
2026-08-08,Saturday,15:30,City Center Parking,60,57,3,78,No,No,4
2026-08-08,Saturday,16:00,City Center Parking,60,59,1,76,No,No,5
2026-08-08,Saturday,16:30,City Center Parking,60,58,2,65,No,No,5
2026-08-08,Saturday,17:00,City Center Parking,60,57,3,79,No,No,6
2026-08-08,Saturday,17:30,City Center Parking,60,52,8,75,No,No,7
2026-08-08,Saturday,18:00,City Center Parking,60,50,10,60,No,No,11
2026-08-08,Saturday,18:30,City Center Parking,60,49,11,81,No,No,13
2026-08-08,Saturday,19:00,City Center Parking,60,48,12,71,No,No,17
2026-08-08,Saturday,19:30,City Center Parking,60,44,16,83,No,No,18
2026-08-08,Saturday,20:00,City Center Parking,60,40,20,72,No,No,24
2026-08-08,Saturday,20:30,City Center Parking,60,35,25,73,No,No,27
2026-08-08,Saturday,21:00,City Center Parking,60,14,46,67,No,No,52
2026-08-08,Saturday,21:30,City Center Parking,60,13,47,65,No,No,50
2026-08-08,Saturday,22:00,City Center Parking,60,11,49,80,No,No,49
2026-08-08,Saturday,22:30,City Center Parking,60,13,47,79,No,No,49
2026-08-08,Saturday,23:00,City Center Parking,60,16,44,79,No,No,46
2026-08-08,Saturday,23:30,City Center Parking,60,8,52,64,No,No,53
2026-08-09,Saturday,00:00,City Center Parking,60,11,49,72,No,No,44
2026-08-09,Saturday,00:30,City Center Parking,60,10,50,83,No,No,48
2026-08-09,Saturday,01:00,City Center Parking,60,12,48,65,No,No,47
2026-08-09,Saturday,01:30,City Center Parking,60,13,47,66,No,No,50
2026-08-09,Saturday,02:00,City Center Parking,60,11,49,68,No,No,51
2026-08-09,Saturday,02:30,City Center Parking,60,9,51,81,No,No,47
2026-08-09,Saturday,03:00,City Center Parking,60,10,50,83,No,No,49
2026-08-09,Saturday,03:30,City Center Parking,60,13,47,84,No,No,47
2026-08-09,Saturday,04:00,City Center Parking,60,12,48,66,No,No,50
2026-08-09,Saturday,04:30,City Center Parking,60,13,47,61,No,No,46
2026-08-09,Saturday,05:00,City Center Parking,60,14,46,71,No,No,47
2026-08-09,Saturday,05:30,City Center Parking,60,10,50,65,No,No,48
2026-08-09,Sunday,06:00,City Center Parking,60,12,48,69,No,No,46
2026-08-09,Sunday,06:30,City Center Parking,60,11,49,75,No,No,50
2026-08-09,Sunday,07:00,City Center Parking,60,15,45,78,No,No,48
2026-08-09,Sunday,07:30,City Center Parking,60,13,47,67,No,No,48
2026-08-09,Sunday,08:00,City Center Parking,60,13,47,65,No,No,48
2026-08-09,Sunday,08:30,City Center Parking,60,12,48,79,No,No,49
2026-08-09,Sunday,09:00,City Center Parking,60,15,45,81,No,No,51
2026-08-09,Sunday,09:30,City Center Parking,60,12,48,66,No,No,47
2026-08-09,Sunday,10:00,City Center Parking,60,14,46,68,No,No,49
2026-08-09,Sunday,10:30,City Center Parking,60,8,52,85,No,No,50
2026-08-09,Sunday,11:00,City Center Parking,60,33,27,76,No,No,23
2026-08-09,Sunday,11:30,City Center Parking,60,37,23,63,No,No,20
2026-08-09,Sunday,12:00,City Center Parking,60,39,21,66,No,No,19
2026-08-09,Sunday,12:30,City Center Parking,60,42,18,81,No,No,15
2026-08-09,Sunday,13:00,City Center Parking,60,48,12,72,No,No,9
2026-08-09,Sunday,13:30,City Center Parking,60,52,8,61,No,No,7
2026-08-09,Sunday,14:00,City Center Parking,60,50,10,83,No,No,8
2026-08-09,Sunday,14:30,City Center Parking,60,55,5,84,No,No,5
2026-08-09,Sunday,15:00,City Center Parking,60,58,2,84,No,No,1
2026-08-09,Sunday,15:30,City Center Parking,60,57,3,63,No,No,3
2026-08-09,Sunday,16:00,City Center Parking,60,58,2,73,No,No,2
2026-08-09,Sunday,16:30,City Center Parking,60,59,1,76,No,No,6
2026-08-09,Sunday,17:00,City Center Parking,60,54,6,65,No,No,7
2026-08-09,Sunday,17:30,City Center Parking,60,52,8,85,No,No,9
2026-08-09,Sunday,18:00,City Center Parking,60,52,8,84,No,No,9
2026-08-09,Sunday,18:30,City Center Parking,60,50,10,86,No,No,10
2026-08-09,Sunday,19:00,City Center Parking,60,48,12,67,No,No,16
2026-08-09,Sunday,19:30,City Center Parking,60,45,15,80,No,No,20
2026-08-09,Sunday,20:00,City Center Parking,60,42,18,69,No,No,22
2026-08-09,Sunday,20:30,City Center Parking,60,38,22,90,No,No,26
2026-08-09,Sunday,21:00,City Center Parking,60,15,45,60,No,No,48
2026-08-09,Sunday,21:30,City Center Parking,60,8,52,71,No,No,51
2026-08-09,Sunday,22:00,City Center Parking,60,15,45,63,No,No,49
2026-08-09,Sunday,22:30,City Center Parking,60,10,50,69,No,No,47
2026-08-09,Sunday,23:00,City Center Parking,60,12,48,78,No,No,48
2026-08-09,Sunday,23:30,City Center Parking,60,15,45,65,No,No,50
2026-08-10,Sunday,00:00,City Center Parking,60,10,50,74,No,No,49
2026-08-10,Sunday,00:30,City Center Parking,60,15,45,61,No,No,47
2026-08-10,Sunday,01:00,City Center Parking,60,12,48,73,No,No,49
2026-08-10,Sunday,01:30,City Center Parking,60,11,49,85,No,No,47
2026-08-10,Sunday,02:00,City Center Parking,60,14,46,85,No,No,47
2026-08-10,Sunday,02:30,City Center Parking,60,11,49,73,No,No,49
2026-08-10,Sunday,03:00,City Center Parking,60,11,49,61,No,No,45
2026-08-10,Sunday,03:30,City Center Parking,60,15,45,62,No,No,46
2026-08-10,Sunday,04:00,City Center Parking,60,12,48,62,No,No,49
2026-08-10,Sunday,04:30,City Center Parking,60,10,50,66,No,No,48
2026-08-10,Sunday,05:00,City Center Parking,60,10,50,77,No,No,45
2026-08-10,Sunday,05:30,City Center Parking,60,14,46,73,No,No,49
2026-08-10,Monday,06:00,City Center Parking,60,15,45,68,No,No,49
2026-08-10,Monday,06:30,City Center Parking,60,12,48,77,No,No,48
2026-08-10,Monday,07:00,City Center Parking,60,14,46,69,No,No,44
2026-08-10,Monday,07:30,City Center Parking,60,10,50,76,No,No,48
2026-08-10,Monday,08:00,City Center Parking,60,28,32,83,No,No,30
2026-08-10,Monday,08:30,City Center Parking,60,33,27,71,No,No,24
2026-08-10,Monday,09:00,City Center Parking,60,37,23,79,No,No,22
2026-08-10,Monday,09:30,City Center Parking,60,39,21,78,No,No,22
2026-08-10,Monday,10:00,City Center Parking,60,40,20,69,No,No,18
2026-08-10,Monday,10:30,City Center Parking,60,45,15,60,No,No,15
2026-08-10,Monday,11:00,City Center Parking,60,47,13,68,No,No,14
2026-08-10,Monday,11:30,City Center Parking,60,49,11,84,No,No,10
2026-08-10,Monday,12:00,City Center Parking,60,50,10,90,No,No,8
2026-08-10,Monday,12:30,City Center Parking,60,53,7,78,No,No,6
2026-08-10,Monday,13:00,City Center Parking,60,51,9,81,No,No,7
2026-08-10,Monday,13:30,City Center Parking,60,54,6,79,No,No,6
2026-08-10,Monday,14:00,City Center Parking,60,54,6,81,No,No,5
2026-08-10,Monday,14:30,City Center Parking,60,51,9,74,No,No,8
2026-08-10,Monday,15:00,City Center Parking,60,52,8,64,No,No,9
2026-08-10,Monday,15:30,City Center Parking,60,52,8,72,No,No,9
2026-08-10,Monday,16:00,City Center Parking,60,49,11,64,No,No,13
2026-08-10,Monday,16:30,City Center Parking,60,49,11,60,No,No,11
2026-08-10,Monday,17:00,City Center Parking,60,47,13,78,No,No,13
2026-08-10,Monday,17:30,City Center Parking,60,46,14,66,No,No,16
2026-08-10,Monday,18:00,City Center Parking,60,40,20,63,No,No,19
2026-08-10,Monday,18:30,City Center Parking,60,37,23,86,No,No,22
2026-08-10,Monday,19:00,City Center Parking,60,38,22,84,No,No,27
2026-08-10,Monday,19:30,City Center Parking,60,35,25,77,No,No,31
2026-08-10,Monday,20:00,City Center Parking,60,16,44,79,No,No,47
2026-08-10,Monday,20:30,City Center Parking,60,13,47,63,No,No,45
2026-08-10,Monday,21:00,City Center Parking,60,13,47,65,No,No,44
2026-08-10,Monday,21:30,City Center Parking,60,13,47,76,No,No,44
2026-08-10,Monday,22:00,City Center Parking,60,15,45,80,No,No,46
2026-08-10,Monday,22:30,City Center Parking,60,14,46,84,No,No,50
2026-08-10,Monday,23:00,City Center Parking,60,17,43,71,No,No,49
2026-08-10,Monday,23:30,City Center Parking,60,13,47,82,No,No,46
2026-08-11,Monday,00:00,City Center Parking,60,13,47,85,No,No,46
2026-08-11,Monday,00:30,City Center Parking,60,12,48,73,No,No,46
2026-08-11,Monday,01:00,City Center Parking,60,11,49,71,No,No,48
2026-08-11,Monday,01:30,City Center Parking,60,12,48,75,No,No,44
2026-08-11,Monday,02:00,City Center Parking,60,13,47,84,No,No,44
2026-08-11,Monday,02:30,City Center Parking,60,14,46,84,No,No,46
2026-08-11,Monday,03:00,City Center Parking,60,14,46,64,No,No,47
2026-08-11,Monday,03:30,City Center Parking,60,16,44,80,No,No,47
2026-08-11,Monday,04:00,City Center Parking,60,10,50,84,No,No,46
2026-08-11,Monday,04:30,City Center Parking,60,14,46,72,No,No,47
2026-08-11,Monday,05:00,City Center Parking,60,12,48,84,No,No,49
2026-08-11,Monday,05:30,City Center Parking,60,15,45,79,No,No,48
2026-08-11,Tuesday,06:00,City Center Parking,60,28,32,76,Yes,No,32
2026-08-11,Tuesday,06:30,City Center Parking,60,34,26,61,Yes,No,24
2026-08-11,Tuesday,07:00,City Center Parking,60,28,32,80,Yes,No,35
2026-08-11,Tuesday,07:30,City Center Parking,60,30,30,75,Yes,No,25
2026-08-11,Tuesday,08:00,City Center Parking,60,47,13,83,Yes,No,10
2026-08-11,Tuesday,08:30,City Center Parking,60,47,13,71,Yes,No,6
2026-08-11,Tuesday,09:00,City Center Parking,60,57,3,80,Yes,No,1
2026-08-11,Tuesday,09:30,City Center Parking,60,58,2,78,Yes,No,2
2026-08-11,Tuesday,10:00,City Center Parking,60,59,1,72,Yes,No,1
2026-08-11,Tuesday,10:30,City Center Parking,60,56,4,66,Yes,No,1
2026-08-11,Tuesday,11:00,City Center Parking,60,59,1,70,Yes,No,1
2026-08-11,Tuesday,11:30,City Center Parking,60,59,1,72,Yes,No,4
2026-08-11,Tuesday,12:00,City Center Parking,60,59,1,87,Yes,No,3
2026-08-11,Tuesday,12:30,City Center Parking,60,57,3,65,Yes,No,2
2026-08-11,Tuesday,13:00,City Center Parking,60,58,2,76,Yes,No,1
2026-08-11,Tuesday,13:30,City Center Parking,60,57,3,71,Yes,No,1
2026-08-11,Tuesday,14:00,City Center Parking,60,58,2,77,Yes,No,1
2026-08-11,Tuesday,14:30,City Center Parking,60,57,3,87,Yes,No,2
2026-08-11,Tuesday,15:00,City Center Parking,60,57,3,61,Yes,No,1
2026-08-11,Tuesday,15:30,City Center Parking,60,59,1,67,Yes,No,2
2026-08-11,Tuesday,16:00,City Center Parking,60,57,3,77,Yes,No,1
2026-08-11,Tuesday,16:30,City Center Parking,60,59,1,81,Yes,No,1
2026-08-11,Tuesday,17:00,City Center Parking,60,59,1,80,Yes,No,1
2026-08-11,Tuesday,17:30,City Center Parking,60,55,5,65,Yes,No,1
2026-08-11,Tuesday,18:00,City Center Parking,60,58,2,65,Yes,No,1
2026-08-11,Tuesday,18:30,City Center Parking,60,55,5,81,Yes,No,6
2026-08-11,Tuesday,19:00,City Center Parking,60,54,6,87,Yes,No,13
2026-08-11,Tuesday,19:30,City Center Parking,60,50,10,77,Yes,No,18
2026-08-11,Tuesday,20:00,City Center Parking,60,32,28,84,Yes,No,28
2026-08-11,Tuesday,20:30,City Center Parking,60,35,25,72,Yes,No,28
2026-08-11,Tuesday,21:00,City Center Parking,60,33,27,67,Yes,No,32
2026-08-11,Tuesday,21:30,City Center Parking,60,28,32,72,Yes,No,31
2026-08-11,Tuesday,22:00,City Center Parking,60,30,30,65,Yes,No,28
2026-08-11,Tuesday,22:30,City Center Parking,60,33,27,74,Yes,No,34
2026-08-11,Tuesday,23:00,City Center Parking,60,32,28,89,Yes,No,24
2026-08-11,Tuesday,23:30,City Center Parking,60,31,29,90,Yes,No,31
2026-08-12,Tuesday,00:00,City Center Parking,60,36,24,69,Yes,No,26
2026-08-12,Tuesday,00:30,City Center Parking,60,31,29,85,Yes,No,27
2026-08-12,Tuesday,01:00,City Center Parking,60,31,29,79,Yes,No,31
2026-08-12,Tuesday,01:30,City Center Parking,60,31,29,87,Yes,No,32
2026-08-12,Tuesday,02:00,City Center Parking,60,35,25,77,Yes,No,32
2026-08-12,Tuesday,02:30,City Center Parking,60,32,28,89,Yes,No,32
2026-08-12,Tuesday,03:00,City Center Parking,60,33,27,81,Yes,No,34
2026-08-12,Tuesday,03:30,City Center Parking,60,35,25,83,Yes,No,33
2026-08-12,Tuesday,04:00,City Center Parking,60,30,30,79,Yes,No,28
2026-08-12,Tuesday,04:30,City Center Parking,60,31,29,76,Yes,No,28
2026-08-12,Tuesday,05:00,City Center Parking,60,27,33,60,Yes,No,36
2026-08-12,Tuesday,05:30,City Center Parking,60,35,25,60,Yes,No,29
2026-08-12,Wednesday,06:00,City Center Parking,60,10,50,61,No,No,47
2026-08-12,Wednesday,06:30,City Center Parking,60,16,44,84,No,No,49
2026-08-12,Wednesday,07:00,City Center Parking,60,14,46,76,No,No,48
2026-08-12,Wednesday,07:30,City Center Parking,60,12,48,86,No,No,45
2026-08-12,Wednesday,08:00,City Center Parking,60,30,30,81,No,No,28
2026-08-12,Wednesday,08:30,City Center Parking,60,34,26,68,No,No,23
2026-08-12,Wednesday,09:00,City Center Parking,60,38,22,67,No,No,24
2026-08-12,Wednesday,09:30,City Center Parking,60,41,19,90,No,No,19
2026-08-12,Wednesday,10:00,City Center Parking,60,41,19,63,No,No,19
2026-08-12,Wednesday,10:30,City Center Parking,60,45,15,62,No,No,13
2026-08-12,Wednesday,11:00,City Center Parking,60,46,14,65,No,No,13
2026-08-12,Wednesday,11:30,City Center Parking,60,48,12,89,No,No,9
2026-08-12,Wednesday,12:00,City Center Parking,60,49,11,70,No,No,7
2026-08-12,Wednesday,12:30,City Center Parking,60,51,9,65,No,No,8
2026-08-12,Wednesday,13:00,City Center Parking,60,53,7,87,No,No,8
2026-08-12,Wednesday,13:30,City Center Parking,60,54,6,79,No,No,8
2026-08-12,Wednesday,14:00,City Center Parking,60,55,5,67,No,No,5
2026-08-12,Wednesday,14:30,City Center Parking,60,53,7,63,No,No,8
2026-08-12,Wednesday,15:00,City Center Parking,60,50,10,71,No,No,8
2026-08-12,Wednesday,15:30,City Center Parking,60,50,10,76,No,No,10
2026-08-12,Wednesday,16:00,City Center Parking,60,50,10,87,No,No,14
2026-08-12,Wednesday,16:30,City Center Parking,60,49,11,70,No,No,12
2026-08-12,Wednesday,17:00,City Center Parking,60,48,12,69,No,No,17
2026-08-12,Wednesday,17:30,City Center Parking,60,43,17,66,No,No,17
2026-08-12,Wednesday,18:00,City Center Parking,60,42,18,88,No,No,20
2026-08-12,Wednesday,18:30,City Center Parking,60,37,23,78,No,No,22
2026-08-12,Wednesday,19:00,City Center Parking,60,36,24,89,No,No,26
2026-08-12,Wednesday,19:30,City Center Parking,60,32,28,61,No,No,27
2026-08-12,Wednesday,20:00,City Center Parking,60,13,47,70,No,No,46
2026-08-12,Wednesday,20:30,City Center Parking,60,11,49,66,No,No,49
2026-08-12,Wednesday,21:00,City Center Parking,60,11,49,86,No,No,46
2026-08-12,Wednesday,21:30,City Center Parking,60,12,48,88,No,No,44
2026-08-12,Wednesday,22:00,City Center Parking,60,12,48,63,No,No,48
2026-08-12,Wednesday,22:30,City Center Parking,60,16,44,90,No,No,46
2026-08-12,Wednesday,23:00,City Center Parking,60,14,46,85,No,No,48
2026-08-12,Wednesday,23:30,City Center Parking,60,12,48,71,No,No,44
2026-08-13,Wednesday,00:00,City Center Parking,60,14,46,82,No,No,47
2026-08-13,Wednesday,00:30,City Center Parking,60,12,48,64,No,No,48
2026-08-13,Wednesday,01:00,City Center Parking,60,15,45,76,No,No,49
2026-08-13,Wednesday,01:30,City Center Parking,60,15,45,64,No,No,44
2026-08-13,Wednesday,02:00,City Center Parking,60,11,49,73,No,No,46
2026-08-13,Wednesday,02:30,City Center Parking,60,14,46,85,No,No,45
2026-08-13,Wednesday,03:00,City Center Parking,60,13,47,64,No,No,46
2026-08-13,Wednesday,03:30,City Center Parking,60,13,47,81,No,No,46
2026-08-13,Wednesday,04:00,City Center Parking,60,14,46,71,No,No,45
2026-08-13,Wednesday,04:30,City Center Parking,60,13,47,65,No,No,48
2026-08-13,Wednesday,05:00,City Center Parking,60,14,46,62,No,No,49
2026-08-13,Wednesday,05:30,City Center Parking,60,10,50,87,No,No,48
2026-08-13,Thursday,06:00,City Center Parking,60,13,47,78,No,No,47
2026-08-13,Thursday,06:30,City Center Parking,60,17,43,88,No,No,48
2026-08-13,Thursday,07:00,City Center Parking,60,10,50,70,No,No,49
2026-08-13,Thursday,07:30,City Center Parking,60,14,46,66,No,No,45
2026-08-13,Thursday,08:00,City Center Parking,60,29,31,69,No,No,26
2026-08-13,Thursday,08:30,City Center Parking,60,34,26,76,No,No,26
2026-08-13,Thursday,09:00,City Center Parking,60,38,22,79,No,No,22
2026-08-13,Thursday,09:30,City Center Parking,60,41,19,75,No,No,19
2026-08-13,Thursday,10:00,City Center Parking,60,40,20,89,No,No,17
2026-08-13,Thursday,10:30,City Center Parking,60,45,15,80,No,No,14
2026-08-13,Thursday,11:00,City Center Parking,60,47,13,69,No,No,14
2026-08-13,Thursday,11:30,City Center Parking,60,46,14,60,No,No,9
2026-08-13,Thursday,12:00,City Center Parking,60,51,9,83,No,No,7
2026-08-13,Thursday,12:30,City Center Parking,60,50,10,69,No,No,6
2026-08-13,Thursday,13:00,City Center Parking,60,51,9,76,No,No,6
2026-08-13,Thursday,13:30,City Center Parking,60,53,7,82,No,No,6
2026-08-13,Thursday,14:00,City Center Parking,60,51,9,83,No,No,6
2026-08-13,Thursday,14:30,City Center Parking,60,51,9,64,No,No,9
2026-08-13,Thursday,15:00,City Center Parking,60,53,7,86,No,No,8
2026-08-13,Thursday,15:30,City Center Parking,60,49,11,79,No,No,10
2026-08-13,Thursday,16:00,City Center Parking,60,52,8,60,No,No,11
2026-08-13,Thursday,16:30,City Center Parking,60,47,13,73,No,No,15
2026-08-13,Thursday,17:00,City Center Parking,60,46,14,82,No,No,16
2026-08-13,Thursday,17:30,City Center Parking,60,42,18,77,No,No,18
2026-08-13,Thursday,18:00,City Center Parking,60,42,18,76,No,No,20
2026-08-13,Thursday,18:30,City Center Parking,60,40,20,65,No,No,21
2026-08-13,Thursday,19:00,City Center Parking,60,36,24,75,No,No,27
2026-08-13,Thursday,19:30,City Center Parking,60,33,27,71,No,No,30
2026-08-13,Thursday,20:00,City Center Parking,60,15,45,64,No,No,46
2026-08-13,Thursday,20:30,City Center Parking,60,14,46,79,No,No,44
2026-08-13,Thursday,21:00,City Center Parking,60,15,45,72,No,No,46
2026-08-13,Thursday,21:30,City Center Parking,60,16,44,77,No,No,44
2026-08-13,Thursday,22:00,City Center Parking,60,13,47,65,No,No,46
2026-08-13,Thursday,22:30,City Center Parking,60,13,47,83,No,No,48
2026-08-13,Thursday,23:00,City Center Parking,60,14,46,86,No,No,47
2026-08-13,Thursday,23:30,City Center Parking,60,13,47,78,No,No,48
2026-08-14,Thursday,00:00,City Center Parking,60,16,44,63,No,No,46
2026-08-14,Thursday,00:30,City Center Parking,60,13,47,80,No,No,46
2026-08-14,Thursday,01:00,City Center Parking,60,15,45,70,No,No,47
2026-08-14,Thursday,01:30,City Center Parking,60,13,47,88,No,No,46
2026-08-14,Thursday,02:00,City Center Parking,60,14,46,63,No,No,44
2026-08-14,Thursday,02:30,City Center Parking,60,12,48,67,No,No,50
2026-08-14,Thursday,03:00,City Center Parking,60,12,48,70,No,No,44
2026-08-14,Thursday,03:30,City Center Parking,60,12,48,79,No,No,45
2026-08-14,Thursday,04:00,City Center Parking,60,14,46,87,No,No,49
2026-08-14,Thursday,04:30,City Center Parking,60,12,48,62,No,No,46
2026-08-14,Thursday,05:00,City Center Parking,60,14,46,84,No,No,48
2026-08-14,Thursday,05:30,City Center Parking,60,13,47,88,No,No,43
2026-08-14,Friday,06:00,City Center Parking,60,14,46,64,No,No,48
2026-08-14,Friday,06:30,City Center Parking,60,14,46,85,No,No,48
2026-08-14,Friday,07:00,City Center Parking,60,14,46,66,No,No,47
2026-08-14,Friday,07:30,City Center Parking,60,15,45,79,No,No,47
2026-08-14,Friday,08:00,City Center Parking,60,30,30,87,No,No,29
2026-08-14,Friday,08:30,City Center Parking,60,34,26,66,No,No,24
2026-08-14,Friday,09:00,City Center Parking,60,35,25,88,No,No,22
2026-08-14,Friday,09:30,City Center Parking,60,37,23,65,No,No,19
2026-08-14,Friday,10:00,City Center Parking,60,39,21,89,No,No,15
2026-08-14,Friday,10:30,City Center Parking,60,45,15,84,No,No,13
2026-08-14,Friday,11:00,City Center Parking,60,45,15,61,No,No,14
2026-08-14,Friday,11:30,City Center Parking,60,47,13,69,No,No,11
2026-08-14,Friday,12:00,City Center Parking,60,51,9,62,No,No,8
2026-08-14,Friday,12:30,City Center Parking,60,50,10,78,No,No,8
2026-08-14,Friday,13:00,City Center Parking,60,54,6,71,No,No,9
2026-08-14,Friday,13:30,City Center Parking,60,54,6,66,No,No,7
2026-08-14,Friday,14:00,City Center Parking,60,55,5,89,No,No,10
2026-08-14,Friday,14:30,City Center Parking,60,53,7,64,No,No,9
2026-08-14,Friday,15:00,City Center Parking,60,53,7,89,No,No,8
2026-08-14,Friday,15:30,City Center Parking,60,52,8,71,No,No,12
2026-08-14,Friday,16:00,City Center Parking,60,50,10,66,No,No,11
2026-08-14,Friday,16:30,City Center Parking,60,48,12,83,No,No,15
2026-08-14,Friday,17:00,City Center Parking,60,45,15,86,No,No,18
2026-08-14,Friday,17:30,City Center Parking,60,46,14,73,No,No,20
2026-08-14,Friday,18:00,City Center Parking,60,42,18,81,No,No,22
2026-08-14,Friday,18:30,City Center Parking,60,37,23,90,No,No,24
2026-08-14,Friday,19:00,City Center Parking,60,34,26,80,No,No,28
2026-08-14,Friday,19:30,City Center Parking,60,31,29,66,No,No,27
2026-08-14,Friday,20:00,City Center Parking,60,14,46,89,No,No,46
2026-08-14,Friday,20:30,City Center Parking,60,14,46,61,No,No,48
2026-08-14,Friday,21:00,City Center Parking,60,11,49,72,No,No,49
2026-08-14,Friday,21:30,City Center Parking,60,10,50,83,No,No,46
2026-08-14,Friday,22:00,City Center Parking,60,16,44,76,No,No,47
2026-08-14,Friday,22:30,City Center Parking,60,12,48,83,No,No,48
2026-08-14,Friday,23:00,City Center Parking,60,14,46,66,No,No,45
2026-08-14,Friday,23:30,City Center Parking,60,13,47,85,No,No,46
2026-08-15,Friday,00:00,City Center Parking,60,11,49,65,No,No,45
2026-08-15,Friday,00:30,City Center Parking,60,16,44,80,No,No,45
2026-08-15,Friday,01:00,City Center Parking,60,13,47,70,No,No,51
2026-08-15,Friday,01:30,City Center Parking,60,13,47,86,No,No,44
2026-08-15,Friday,02:00,City Center Parking,60,16,44,71,No,No,49
2026-08-15,Friday,02:30,City Center Parking,60,14,46,80,No,No,46
2026-08-15,Friday,03:00,City Center Parking,60,13,47,71,No,No,50
2026-08-15,Friday,03:30,City Center Parking,60,12,48,63,No,No,52
2026-08-15,Friday,04:00,City Center Parking,60,12,48,89,No,No,50
2026-08-15,Friday,04:30,City Center Parking,60,14,46,89,No,No,51
2026-08-15,Friday,05:00,City Center Parking,60,12,48,83,No,No,43
2026-08-15,Friday,05:30,City Center Parking,60,13,47,73,No,No,48
2026-08-15,Saturday,06:00,City Center Parking,60,10,50,65,No,No,44
2026-08-15,Saturday,06:30,City Center Parking,60,12,48,73,No,No,50
2026-08-15,Saturday,07:00,City Center Parking,60,11,49,87,No,No,46
2026-08-15,Saturday,07:30,City Center Parking,60,13,47,68,No,No,45
2026-08-15,Saturday,08:00,City Center Parking,60,11,49,60,No,No,50
2026-08-15,Saturday,08:30,City Center Parking,60,8,52,63,No,No,43
2026-08-15,Saturday,09:00,City Center Parking,60,15,45,78,No,No,47
2026-08-15,Saturday,09:30,City Center Parking,60,12,48,69,No,No,46
2026-08-15,Saturday,10:00,City Center Parking,60,11,49,71,No,No,51
2026-08-15,Saturday,10:30,City Center Parking,60,12,48,75,No,No,46
2026-08-15,Saturday,11:00,City Center Parking,60,31,29,60,No,No,24
2026-08-15,Saturday,11:30,City Center Parking,60,35,25,84,No,No,19
2026-08-15,Saturday,12:00,City Center Parking,60,38,22,63,No,No,20
2026-08-15,Saturday,12:30,City Center Parking,60,45,15,89,No,No,14
2026-08-15,Saturday,13:00,City Center Parking,60,45,15,67,No,No,11
2026-08-15,Saturday,13:30,City Center Parking,60,52,8,84,No,No,8
2026-08-15,Saturday,14:00,City Center Parking,60,52,8,73,No,No,6
2026-08-15,Saturday,14:30,City Center Parking,60,52,8,76,No,No,4
2026-08-15,Saturday,15:00,City Center Parking,60,56,4,71,No,No,5
2026-08-15,Saturday,15:30,City Center Parking,60,58,2,60,No,No,5
2026-08-15,Saturday,16:00,City Center Parking,60,58,2,70,No,No,3
2026-08-15,Saturday,16:30,City Center Parking,60,57,3,66,No,No,4
2026-08-15,Saturday,17:00,City Center Parking,60,55,5,63,No,No,5
2026-08-15,Saturday,17:30,City Center Parking,60,54,6,67,No,No,5
2026-08-15,Saturday,18:00,City Center Parking,60,54,6,86,No,No,10
2026-08-15,Saturday,18:30,City Center Parking,60,52,8,76,No,No,12
2026-08-15,Saturday,19:00,City Center Parking,60,49,11,66,No,No,17
2026-08-15,Saturday,19:30,City Center Parking,60,42,18,82,No,No,21
2026-08-15,Saturday,20:00,City Center Parking,60,39,21,73,No,No,22
2026-08-15,Saturday,20:30,City Center Parking,60,38,22,76,No,No,26
2026-08-15,Saturday,21:00,City Center Parking,60,10,50,82,No,No,53
2026-08-15,Saturday,21:30,City Center Parking,60,13,47,60,No,No,45
2026-08-15,Saturday,22:00,City Center Parking,60,13,47,79,No,No,46
2026-08-15,Saturday,22:30,City Center Parking,60,16,44,68,No,No,50
2026-08-15,Saturday,23:00,City Center Parking,60,13,47,71,No,No,45
2026-08-15,Saturday,23:30,City Center Parking,60,7,53,75,No,No,50
2026-08-16,Saturday,00:00,City Center Parking,60,10,50,63,No,No,46
2026-08-16,Saturday,00:30,City Center Parking,60,9,51,85,No,No,48
2026-08-16,Saturday,01:00,City Center Parking,60,8,52,89,No,No,47
2026-08-16,Saturday,01:30,City Center Parking,60,14,46,77,No,No,46
2026-08-16,Saturday,02:00,City Center Parking,60,15,45,82,No,No,52
2026-08-16,Saturday,02:30,City Center Parking,60,14,46,67,No,No,51
2026-08-16,Saturday,03:00,City Center Parking,60,13,47,68,No,No,47
2026-08-16,Saturday,03:30,City Center Parking,60,13,47,86,No,No,44
2026-08-16,Saturday,04:00,City Center Parking,60,16,44,76,No,No,49
2026-08-16,Saturday,04:30,City Center Parking,60,10,50,78,No,No,48
2026-08-16,Saturday,05:00,City Center Parking,60,10,50,83,No,No,51
2026-08-16,Saturday,05:30,City Center Parking,60,14,46,66,No,No,48
2026-08-16,Sunday,06:00,City Center Parking,60,9,51,86,No,Yes,49
2026-08-16,Sunday,06:30,City Center Parking,60,13,47,90,No,Yes,49
2026-08-16,Sunday,07:00,City Center Parking,60,15,45,63,No,Yes,50
2026-08-16,Sunday,07:30,City Center Parking,60,12,48,89,No,Yes,44
2026-08-16,Sunday,08:00,City Center Parking,60,9,51,64,No,Yes,46
2026-08-16,Sunday,08:30,City Center Parking,60,12,48,77,No,Yes,47
2026-08-16,Sunday,09:00,City Center Parking,60,11,49,81,No,Yes,46
2026-08-16,Sunday,09:30,City Center Parking,60,16,44,63,No,Yes,45
2026-08-16,Sunday,10:00,City Center Parking,60,11,49,62,No,Yes,46
2026-08-16,Sunday,10:30,City Center Parking,60,14,46,79,No,Yes,46
2026-08-16,Sunday,11:00,City Center Parking,60,31,29,88,No,Yes,22
2026-08-16,Sunday,11:30,City Center Parking,60,34,26,90,No,Yes,19
2026-08-16,Sunday,12:00,City Center Parking,60,41,19,76,No,Yes,15
2026-08-16,Sunday,12:30,City Center Parking,60,45,15,89,No,Yes,16
2026-08-16,Sunday,13:00,City Center Parking,60,49,11,86,No,Yes,9
2026-08-16,Sunday,13:30,City Center Parking,60,49,11,89,No,Yes,10
2026-08-16,Sunday,14:00,City Center Parking,60,51,9,77,No,Yes,5
2026-08-16,Sunday,14:30,City Center Parking,60,57,3,74,No,Yes,3
2026-08-16,Sunday,15:00,City Center Parking,60,56,4,76,No,Yes,1
2026-08-16,Sunday,15:30,City Center Parking,60,59,1,78,No,Yes,1
2026-08-16,Sunday,16:00,City Center Parking,60,57,3,71,No,Yes,5
2026-08-16,Sunday,16:30,City Center Parking,60,55,5,65,No,Yes,6
2026-08-16,Sunday,17:00,City Center Parking,60,54,6,77,No,Yes,5
2026-08-16,Sunday,17:30,City Center Parking,60,55,5,75,No,Yes,5
2026-08-16,Sunday,18:00,City Center Parking,60,54,6,65,No,Yes,10
2026-08-16,Sunday,18:30,City Center Parking,60,49,11,62,No,Yes,12
2026-08-16,Sunday,19:00,City Center Parking,60,48,12,84,No,Yes,17
2026-08-16,Sunday,19:30,City Center Parking,60,44,16,65,No,Yes,18
2026-08-16,Sunday,20:00,City Center Parking,60,41,19,86,No,Yes,21
2026-08-16,Sunday,20:30,City Center Parking,60,38,22,79,No,Yes,25
2026-08-16,Sunday,21:00,City Center Parking,60,11,49,76,No,Yes,47
2026-08-16,Sunday,21:30,City Center Parking,60,14,46,81,No,Yes,48
2026-08-16,Sunday,22:00,City Center Parking,60,12,48,78,No,Yes,48
2026-08-16,Sunday,22:30,City Center Parking,60,11,49,85,No,Yes,48
2026-08-16,Sunday,23:00,City Center Parking,60,11,49,77,No,Yes,47
2026-08-16,Sunday,23:30,City Center Parking,60,11,49,82,No,Yes,47
2026-08-17,Sunday,00:00,City Center Parking,60,15,45,84,No,Yes,45
2026-08-17,Sunday,00:30,City Center Parking,60,10,50,80,No,Yes,50
2026-08-17,Sunday,01:00,City Center Parking,60,12,48,73,No,Yes,48
2026-08-17,Sunday,01:30,City Center Parking,60,15,45,67,No,Yes,50
2026-08-17,Sunday,02:00,City Center Parking,60,9,51,76,No,Yes,51
2026-08-17,Sunday,02:30,City Center Parking,60,10,50,63,No,Yes,45
2026-08-17,Sunday,03:00,City Center Parking,60,14,46,67,No,Yes,50
2026-08-17,Sunday,03:30,City Center Parking,60,17,43,76,No,Yes,47
2026-08-17,Sunday,04:00,City Center Parking,60,12,48,72,No,Yes,45
2026-08-17,Sunday,04:30,City Center Parking,60,14,46,64,No,Yes,48
2026-08-17,Sunday,05:00,City Center Parking,60,12,48,76,No,Yes,48
2026-08-17,Sunday,05:30,City Center Parking,60,7,53,62,No,Yes,47
2026-08-17,Monday,06:00,City Center Parking,60,14,46,83,No,No,44
2026-08-17,Monday,06:30,City Center Parking,60,17,43,65,No,No,48
2026-08-17,Monday,07:00,City Center Parking,60,13,47,66,No,No,50
2026-08-17,Monday,07:30,City Center Parking,60,11,49,67,No,No,48
2026-08-17,Monday,08:00,City Center Parking,60,31,29,70,No,No,27
2026-08-17,Monday,08:30,City Center Parking,60,31,29,89,No,No,23
2026-08-17,Monday,09:00,City Center Parking,60,37,23,68,No,No,22
2026-08-17,Monday,09:30,City Center Parking,60,37,23,68,No,No,21
2026-08-17,Monday,10:00,City Center Parking,60,42,18,70,No,No,15
2026-08-17,Monday,10:30,City Center Parking,60,43,17,82,No,No,17
2026-08-17,Monday,11:00,City Center Parking,60,46,14,78,No,No,11
2026-08-17,Monday,11:30,City Center Parking,60,49,11,75,No,No,11
2026-08-17,Monday,12:00,City Center Parking,60,52,8,89,No,No,11
2026-08-17,Monday,12:30,City Center Parking,60,49,11,76,No,No,9
2026-08-17,Monday,13:00,City Center Parking,60,52,8,77,No,No,7
2026-08-17,Monday,13:30,City Center Parking,60,53,7,61,No,No,5
2026-08-17,Monday,14:00,City Center Parking,60,50,10,83,No,No,8
2026-08-17,Monday,14:30,City Center Parking,60,53,7,86,No,No,10
2026-08-17,Monday,15:00,City Center Parking,60,52,8,62,No,No,9
2026-08-17,Monday,15:30,City Center Parking,60,53,7,87,No,No,8
2026-08-17,Monday,16:00,City Center Parking,60,49,11,86,No,No,13
2026-08-17,Monday,16:30,City Center Parking,60,49,11,72,No,No,11
2026-08-17,Monday,17:00,City Center Parking,60,46,14,77,No,No,15
2026-08-17,Monday,17:30,City Center Parking,60,45,15,79,No,No,19
2026-08-17,Monday,18:00,City Center Parking,60,41,19,78,No,No,20
2026-08-17,Monday,18:30,City Center Parking,60,38,22,74,No,No,23
2026-08-17,Monday,19:00,City Center Parking,60,35,25,78,No,No,24
2026-08-17,Monday,19:30,City Center Parking,60,32,28,62,No,No,29
2026-08-17,Monday,20:00,City Center Parking,60,12,48,70,No,No,49
2026-08-17,Monday,20:30,City Center Parking,60,12,48,79,No,No,46
2026-08-17,Monday,21:00,City Center Parking,60,15,45,71,No,No,48
2026-08-17,Monday,21:30,City Center Parking,60,10,50,63,No,No,48
2026-08-17,Monday,22:00,City Center Parking,60,15,45,86,No,No,47
2026-08-17,Monday,22:30,City Center Parking,60,13,47,73,No,No,48
2026-08-17,Monday,23:00,City Center Parking,60,13,47,76,No,No,47
2026-08-17,Monday,23:30,City Center Parking,60,13,47,60,No,No,47
2026-08-18,Monday,00:00,City Center Parking,60,15,45,64,No,No,49
2026-08-18,Monday,00:30,City Center Parking,60,13,47,89,No,No,44
2026-08-18,Monday,01:00,City Center Parking,60,15,45,83,No,No,47
2026-08-18,Monday,01:30,City Center Parking,60,13,47,70,No,No,47
2026-08-18,Monday,02:00,City Center Parking,60,15,45,69,No,No,47
2026-08-18,Monday,02:30,City Center Parking,60,15,45,77,No,No,47
2026-08-18,Monday,03:00,City Center Parking,60,13,47,70,No,No,46
2026-08-18,Monday,03:30,City Center Parking,60,14,46,73,No,No,45
2026-08-18,Monday,04:00,City Center Parking,60,11,49,88,No,No,45
2026-08-18,Monday,04:30,City Center Parking,60,12,48,70,No,No,48
2026-08-18,Monday,05:00,City Center Parking,60,15,45,79,No,No,46
2026-08-18,Monday,05:30,City Center Parking,60,11,49,73,No,No,48
2026-08-18,Tuesday,06:00,City Center Parking,60,16,44,85,No,No,46
2026-08-18,Tuesday,06:30,City Center Parking,60,14,46,69,No,No,47
2026-08-18,Tuesday,07:00,City Center Parking,60,11,49,63,No,No,47
2026-08-18,Tuesday,07:30,City Center Parking,60,15,45,89,No,No,45
2026-08-18,Tuesday,08:00,City Center Parking,60,31,29,76,No,No,26
2026-08-18,Tuesday,08:30,City Center Parking,60,34,26,60,No,No,23
2026-08-18,Tuesday,09:00,City Center Parking,60,34,26,60,No,No,22
2026-08-18,Tuesday,09:30,City Center Parking,60,39,21,72,No,No,19
2026-08-18,Tuesday,10:00,City Center Parking,60,40,20,77,No,No,15
2026-08-18,Tuesday,10:30,City Center Parking,60,44,16,65,No,No,13
2026-08-18,Tuesday,11:00,City Center Parking,60,46,14,71,No,No,11
2026-08-18,Tuesday,11:30,City Center Parking,60,50,10,60,No,No,12
2026-08-18,Tuesday,12:00,City Center Parking,60,52,8,64,No,No,10
2026-08-18,Tuesday,12:30,City Center Parking,60,53,7,68,No,No,8
2026-08-18,Tuesday,13:00,City Center Parking,60,50,10,73,No,No,6
2026-08-18,Tuesday,13:30,City Center Parking,60,51,9,89,No,No,9
2026-08-18,Tuesday,14:00,City Center Parking,60,51,9,68,No,No,6
2026-08-18,Tuesday,14:30,City Center Parking,60,52,8,75,No,No,8
2026-08-18,Tuesday,15:00,City Center Parking,60,52,8,82,No,No,9
2026-08-18,Tuesday,15:30,City Center Parking,60,51,9,84,No,No,10
2026-08-18,Tuesday,16:00,City Center Parking,60,52,8,71,No,No,11
2026-08-18,Tuesday,16:30,City Center Parking,60,50,10,71,No,No,11
2026-08-18,Tuesday,17:00,City Center Parking,60,45,15,65,No,No,17
2026-08-18,Tuesday,17:30,City Center Parking,60,45,15,77,No,No,19
2026-08-18,Tuesday,18:00,City Center Parking,60,43,17,70,No,No,21
2026-08-18,Tuesday,18:30,City Center Parking,60,41,19,84,No,No,24
2026-08-18,Tuesday,19:00,City Center Parking,60,37,23,61,No,No,26
2026-08-18,Tuesday,19:30,City Center Parking,60,34,26,69,No,No,30
2026-08-18,Tuesday,20:00,City Center Parking,60,11,49,74,No,No,46
2026-08-18,Tuesday,20:30,City Center Parking,60,11,49,63,No,No,43
2026-08-18,Tuesday,21:00,City Center Parking,60,15,45,69,No,No,44
2026-08-18,Tuesday,21:30,City Center Parking,60,16,44,81,No,No,45
2026-08-18,Tuesday,22:00,City Center Parking,60,16,44,88,No,No,48
2026-08-18,Tuesday,22:30,City Center Parking,60,12,48,80,No,No,49
2026-08-18,Tuesday,23:00,City Center Parking,60,13,47,86,No,No,50
2026-08-18,Tuesday,23:30,City Center Parking,60,11,49,75,No,No,45
2026-08-19,Tuesday,00:00,City Center Parking,60,13,47,62,No,No,49
2026-08-19,Tuesday,00:30,City Center Parking,60,13,47,70,No,No,44
2026-08-19,Tuesday,01:00,City Center Parking,60,13,47,67,No,No,47
2026-08-19,Tuesday,01:30,City Center Parking,60,14,46,88,No,No,48
2026-08-19,Tuesday,02:00,City Center Parking,60,16,44,87,No,No,48
2026-08-19,Tuesday,02:30,City Center Parking,60,14,46,62,No,No,48
2026-08-19,Tuesday,03:00,City Center Parking,60,12,48,88,No,No,46
2026-08-19,Tuesday,03:30,City Center Parking,60,17,43,68,No,No,48
2026-08-19,Tuesday,04:00,City Center Parking,60,15,45,86,No,No,44
2026-08-19,Tuesday,04:30,City Center Parking,60,12,48,75,No,No,46
2026-08-19,Tuesday,05:00,City Center Parking,60,15,45,60,No,No,44
2026-08-19,Tuesday,05:30,City Center Parking,60,13,47,70,No,No,48
2026-08-19,Wednesday,06:00,City Center Parking,60,13,47,81,No,No,46
2026-08-19,Wednesday,06:30,City Center Parking,60,14,46,78,No,No,48
2026-08-19,Wednesday,07:00,City Center Parking,60,15,45,88,No,No,45
2026-08-19,Wednesday,07:30,City Center Parking,60,12,48,75,No,No,48
2026-08-19,Wednesday,08:00,City Center Parking,60,31,29,74,No,No,29
2026-08-19,Wednesday,08:30,City Center Parking,60,31,29,67,No,No,27
2026-08-19,Wednesday,09:00,City Center Parking,60,38,22,83,No,No,22
2026-08-19,Wednesday,09:30,City Center Parking,60,38,22,90,No,No,21
2026-08-19,Wednesday,10:00,City Center Parking,60,40,20,68,No,No,18
2026-08-19,Wednesday,10:30,City Center Parking,60,45,15,77,No,No,14
2026-08-19,Wednesday,11:00,City Center Parking,60,46,14,65,No,No,14
2026-08-19,Wednesday,11:30,City Center Parking,60,46,14,85,No,No,8
2026-08-19,Wednesday,12:00,City Center Parking,60,51,9,80,No,No,9
2026-08-19,Wednesday,12:30,City Center Parking,60,53,7,72,No,No,10
2026-08-19,Wednesday,13:00,City Center Parking,60,52,8,88,No,No,5
2026-08-19,Wednesday,13:30,City Center Parking,60,54,6,76,No,No,5
2026-08-19,Wednesday,14:00,City Center Parking,60,53,7,82,No,No,5
2026-08-19,Wednesday,14:30,City Center Parking,60,51,9,65,No,No,10
2026-08-19,Wednesday,15:00,City Center Parking,60,50,10,63,No,No,10
2026-08-19,Wednesday,15:30,City Center Parking,60,49,11,88,No,No,12
2026-08-19,Wednesday,16:00,City Center Parking,60,49,11,76,No,No,12
2026-08-19,Wednesday,16:30,City Center Parking,60,46,14,63,No,No,15
2026-08-19,Wednesday,17:00,City Center Parking,60,47,13,86,No,No,15
2026-08-19,Wednesday,17:30,City Center Parking,60,46,14,77,No,No,17
2026-08-19,Wednesday,18:00,City Center Parking,60,41,19,82,No,No,23
2026-08-19,Wednesday,18:30,City Center Parking,60,40,20,62,No,No,25
2026-08-19,Wednesday,19:00,City Center Parking,60,37,23,72,No,No,27
2026-08-19,Wednesday,19:30,City Center Parking,60,34,26,89,No,No,27
2026-08-19,Wednesday,20:00,City Center Parking,60,16,44,69,No,No,48
2026-08-19,Wednesday,20:30,City Center Parking,60,16,44,76,No,No,46
2026-08-19,Wednesday,21:00,City Center Parking,60,15,45,84,No,No,48
2026-08-19,Wednesday,21:30,City Center Parking,60,14,46,87,No,No,48
2026-08-19,Wednesday,22:00,City Center Parking,60,14,46,60,No,No,46
2026-08-19,Wednesday,22:30,City Center Parking,60,12,48,72,No,No,47
2026-08-19,Wednesday,23:00,City Center Parking,60,15,45,70,No,No,49
2026-08-19,Wednesday,23:30,City Center Parking,60,13,47,60,No,No,45
2026-08-20,Wednesday,00:00,City Center Parking,60,11,49,72,No,No,47
2026-08-20,Wednesday,00:30,City Center Parking,60,15,45,89,No,No,45
2026-08-20,Wednesday,01:00,City Center Parking,60,14,46,88,No,No,46
2026-08-20,Wednesday,01:30,City Center Parking,60,12,48,77,No,No,44
2026-08-20,Wednesday,02:00,City Center Parking,60,14,46,68,No,No,49
2026-08-20,Wednesday,02:30,City Center Parking,60,12,48,84,No,No,48
2026-08-20,Wednesday,03:00,City Center Parking,60,13,47,77,No,No,46
2026-08-20,Wednesday,03:30,City Center Parking,60,13,47,65,No,No,49
2026-08-20,Wednesday,04:00,City Center Parking,60,14,46,73,No,No,48
2026-08-20,Wednesday,04:30,City Center Parking,60,16,44,76,No,No,46
2026-08-20,Wednesday,05:00,City Center Parking,60,14,46,71,No,No,47
2026-08-20,Wednesday,05:30,City Center Parking,60,12,48,87,No,No,46
2026-08-20,Thursday,06:00,City Center Parking,60,13,47,60,No,No,44
2026-08-20,Thursday,06:30,City Center Parking,60,16,44,71,No,No,46
2026-08-20,Thursday,07:00,City Center Parking,60,10,50,87,No,No,45
2026-08-20,Thursday,07:30,City Center Parking,60,17,43,60,No,No,44
2026-08-20,Thursday,08:00,City Center Parking,60,28,32,90,No,No,28
2026-08-20,Thursday,08:30,City Center Parking,60,33,27,70,No,No,23
2026-08-20,Thursday,09:00,City Center Parking,60,36,24,63,No,No,22
2026-08-20,Thursday,09:30,City Center Parking,60,37,23,82,No,No,18
2026-08-20,Thursday,10:00,City Center Parking,60,40,20,75,No,No,16
2026-08-20,Thursday,10:30,City Center Parking,60,42,18,85,No,No,14
2026-08-20,Thursday,11:00,City Center Parking,60,48,12,85,No,No,12
2026-08-20,Thursday,11:30,City Center Parking,60,46,14,68,No,No,10
2026-08-20,Thursday,12:00,City Center Parking,60,52,8,72,No,No,10
2026-08-20,Thursday,12:30,City Center Parking,60,49,11,65,No,No,8
2026-08-20,Thursday,13:00,City Center Parking,60,51,9,75,No,No,7
2026-08-20,Thursday,13:30,City Center Parking,60,50,10,74,No,No,6
2026-08-20,Thursday,14:00,City Center Parking,60,55,5,89,No,No,6
2026-08-20,Thursday,14:30,City Center Parking,60,51,9,71,No,No,10
2026-08-20,Thursday,15:00,City Center Parking,60,52,8,86,No,No,8
2026-08-20,Thursday,15:30,City Center Parking,60,51,9,71,No,No,8
2026-08-20,Thursday,16:00,City Center Parking,60,49,11,70,No,No,11
2026-08-20,Thursday,16:30,City Center Parking,60,50,10,60,No,No,15
2026-08-20,Thursday,17:00,City Center Parking,60,48,12,87,No,No,15
2026-08-20,Thursday,17:30,City Center Parking,60,45,15,60,No,No,20
2026-08-20,Thursday,18:00,City Center Parking,60,39,21,83,No,No,20
2026-08-20,Thursday,18:30,City Center Parking,60,41,19,67,No,No,21
2026-08-20,Thursday,19:00,City Center Parking,60,35,25,73,No,No,28
2026-08-20,Thursday,19:30,City Center Parking,60,32,28,65,No,No,31
2026-08-20,Thursday,20:00,City Center Parking,60,17,43,87,No,No,44
2026-08-20,Thursday,20:30,City Center Parking,60,14,46,79,No,No,48
2026-08-20,Thursday,21:00,City Center Parking,60,14,46,62,No,No,45
2026-08-20,Thursday,21:30,City Center Parking,60,15,45,65,No,No,49
2026-08-20,Thursday,22:00,City Center Parking,60,14,46,73,No,No,44
2026-08-20,Thursday,22:30,City Center Parking,60,13,47,84,No,No,49
2026-08-20,Thursday,23:00,City Center Parking,60,15,45,77,No,No,50
2026-08-20,Thursday,23:30,City Center Parking,60,15,45,71,No,No,44
2026-08-21,Thursday,00:00,City Center Parking,60,16,44,63,No,No,47
2026-08-21,Thursday,00:30,City Center Parking,60,16,44,83,No,No,46
2026-08-21,Thursday,01:00,City Center Parking,60,15,45,85,No,No,50
2026-08-21,Thursday,01:30,City Center Parking,60,12,48,74,No,No,49
2026-08-21,Thursday,02:00,City Center Parking,60,15,45,90,No,No,45
2026-08-21,Thursday,02:30,City Center Parking,60,15,45,88,No,No,47
2026-08-21,Thursday,03:00,City Center Parking,60,13,47,69,No,No,46
2026-08-21,Thursday,03:30,City Center Parking,60,14,46,73,No,No,46
2026-08-21,Thursday,04:00,City Center Parking,60,13,47,64,No,No,48
2026-08-21,Thursday,04:30,City Center Parking,60,16,44,86,No,No,46
2026-08-21,Thursday,05:00,City Center Parking,60,14,46,64,No,No,47
2026-08-21,Thursday,05:30,City Center Parking,60,16,44,66,No,No,49
